"","Age","Attrition","BusinessTravel","DailyRate","Department","DistanceFromHome","Education","EducationField","EnvironmentSatisfaction","Gender","HourlyRate","JobInvolvement","JobLevel","JobRole","JobSatisfaction","MaritalStatus","MonthlyIncome","MonthlyRate","NumCompaniesWorked","OverTime","PercentSalaryHike","PerformanceRating","RelationshipSatisfaction","StockOptionLevel","TotalWorkingYears","TrainingTimesLastYear","WorkLifeBalance","YearsAtCompany","YearsInCurrentRole","YearsSinceLastPromotion","YearsWithCurrManager"
"1",41,"Yes","Travel Rarely",1102,"Sales",1,2,"Life Sciences",2,"Female",94,3,2,"Sales Executive",4,"Single",5993,19479,8,"Yes",22,3,1,0,8,0,1,6,4,0,5
"2",49,"No","Travel Frequently",279,"R&D",8,1,"Life Sciences",3,"Male",61,2,2,"Research Scientist",2,"Married",5130,24907,1,"No",23,4,4,1,10,3,3,10,7,1,7
"3",37,"Yes","Travel Rarely",1373,"R&D",2,2,"Other",4,"Male",92,2,1,"Laboratory Technician",3,"Single",2090,2396,6,"Yes",15,3,2,0,7,3,3,0,0,0,0
"4",33,"No","Travel Frequently",1392,"R&D",3,4,"Life Sciences",4,"Female",56,3,1,"Research Scientist",3,"Married",2909,23159,1,"Yes",11,3,3,0,8,3,3,8,7,3,0
"5",27,"No","Travel Rarely",591,"R&D",12,1,"Medical Sciences",1,"Male",40,3,1,"Laboratory Technician",2,"Married",3468,16632,9,"No",12,3,4,1,6,3,3,2,2,2,2
"6",32,"No","Travel Frequently",1005,"R&D",2,2,"Life Sciences",4,"Male",79,3,1,"Laboratory Technician",4,"Single",3068,11864,0,"No",13,3,3,0,8,2,2,7,7,3,6
"7",59,"No","Travel Rarely",1324,"R&D",3,3,"Medical Sciences",3,"Female",81,4,1,"Laboratory Technician",1,"Married",2670,9964,4,"Yes",20,4,1,3,12,3,3,1,0,0,0
"8",30,"No","Travel Rarely",1358,"R&D",24,1,"Life Sciences",4,"Male",67,3,1,"Laboratory Technician",3,"Divorced",2693,13335,1,"No",22,4,2,1,1,2,3,1,0,0,0
"9",38,"No","Travel Frequently",216,"R&D",23,3,"Life Sciences",4,"Male",44,2,3,"Manufacturing Director",3,"Single",9526,8787,0,"No",21,4,2,0,10,2,3,9,7,1,8
"10",36,"No","Travel Rarely",1299,"R&D",27,3,"Medical Sciences",3,"Male",94,3,2,"Healthcare Representative",3,"Married",5237,16577,6,"No",13,3,2,2,17,3,2,7,7,7,7
"11",35,"No","Travel Rarely",809,"R&D",16,3,"Medical Sciences",1,"Male",84,4,1,"Laboratory Technician",2,"Married",2426,16479,0,"No",13,3,3,1,6,5,3,5,4,0,3
"12",29,"No","Travel Rarely",153,"R&D",15,3,"Life Sciences",4,"Female",49,2,2,"Laboratory Technician",3,"Single",4193,12682,0,"Yes",12,3,4,0,10,3,3,9,5,0,8
"13",31,"No","Travel Rarely",670,"R&D",26,1,"Life Sciences",1,"Male",31,3,1,"Research Scientist",3,"Divorced",2911,15170,1,"No",17,3,4,1,5,1,2,5,2,4,3
"14",34,"No","Travel Rarely",1346,"R&D",19,2,"Medical Sciences",2,"Male",93,3,1,"Laboratory Technician",4,"Divorced",2661,8758,0,"No",11,3,3,1,3,2,3,2,2,1,2
"15",28,"Yes","Travel Rarely",103,"R&D",24,3,"Life Sciences",3,"Male",50,2,1,"Laboratory Technician",3,"Single",2028,12947,5,"Yes",18,3,2,0,6,4,3,4,2,0,3
"16",29,"No","Travel Rarely",1389,"R&D",21,4,"Life Sciences",2,"Female",51,4,3,"Manufacturing Director",1,"Divorced",9980,10195,1,"No",11,3,3,1,10,1,3,10,9,8,8
"17",32,"No","Travel Rarely",334,"R&D",5,2,"Life Sciences",1,"Male",80,4,1,"Research Scientist",2,"Divorced",3298,15053,0,"Yes",12,3,4,2,7,5,2,6,2,0,5
"18",22,"No","Non Travel",1123,"R&D",16,2,"Medical Sciences",4,"Male",96,4,1,"Laboratory Technician",4,"Divorced",2935,7324,1,"Yes",13,3,2,2,1,2,2,1,0,0,0
"19",53,"No","Travel Rarely",1219,"Sales",2,4,"Life Sciences",1,"Female",78,2,4,"Manager",4,"Married",15427,22021,2,"No",16,3,3,0,31,3,3,25,8,3,7
"20",38,"No","Travel Rarely",371,"R&D",2,3,"Life Sciences",4,"Male",45,3,1,"Research Scientist",4,"Single",3944,4306,5,"Yes",11,3,3,0,6,3,3,3,2,1,2
"21",24,"No","Non Travel",673,"R&D",11,2,"Other",1,"Female",96,4,2,"Manufacturing Director",3,"Divorced",4011,8232,0,"No",18,3,4,1,5,5,2,4,2,1,3
"22",36,"Yes","Travel Rarely",1218,"Sales",9,4,"Life Sciences",3,"Male",82,2,1,"Sales Representative",1,"Single",3407,6986,7,"No",23,4,2,0,10,4,3,5,3,0,3
"23",34,"No","Travel Rarely",419,"R&D",7,4,"Life Sciences",1,"Female",53,3,3,"Research Director",2,"Single",11994,21293,0,"No",11,3,3,0,10,4,3,12,6,2,11
"24",21,"No","Travel Rarely",391,"R&D",15,2,"Life Sciences",3,"Male",96,3,1,"Research Scientist",4,"Single",1232,19281,1,"No",14,3,4,0,0,6,3,0,0,0,0
"25",34,"Yes","Travel Rarely",699,"R&D",16,1,"Medical Sciences",2,"Male",83,3,1,"Research Scientist",1,"Single",2960,17102,2,"No",11,3,3,0,8,2,3,4,2,1,3
"26",53,"No","Travel Rarely",1282,"R&D",5,3,"Other",3,"Female",58,3,5,"Manager",3,"Divorced",19094,10735,4,"No",11,3,4,1,26,3,2,14,13,4,8
"27",32,"Yes","Travel Frequently",318,"R&D",16,1,"Life Sciences",2,"Female",72,1,1,"Research Scientist",1,"Single",3919,4681,1,"Yes",22,4,2,0,10,5,3,10,2,6,7
"28",42,"No","Travel Rarely",691,"Sales",8,4,"Marketing",3,"Male",48,3,2,"Sales Executive",2,"Married",6825,21173,0,"No",11,3,4,1,10,2,3,9,7,4,2
"29",44,"No","Travel Rarely",477,"R&D",7,4,"Medical Sciences",1,"Female",42,2,3,"Healthcare Representative",4,"Married",10248,2094,3,"No",14,3,4,1,24,4,3,22,6,5,17
"30",46,"No","Travel Rarely",705,"Sales",2,4,"Marketing",2,"Female",83,3,5,"Manager",1,"Single",18947,17312,3,"No",12,3,4,0,22,2,2,2,2,2,1
"31",33,"No","Travel Rarely",924,"R&D",2,3,"Medical Sciences",3,"Male",78,3,1,"Laboratory Technician",4,"Single",3894,6670,4,"No",11,3,4,0,7,3,3,1,0,0,0
"32",44,"No","Travel Rarely",1459,"R&D",10,4,"Other",4,"Male",41,3,2,"Healthcare Representative",4,"Married",6465,19121,2,"Yes",13,3,4,0,9,5,4,4,2,1,3
"33",30,"No","Travel Rarely",125,"R&D",9,2,"Medical Sciences",4,"Male",83,2,1,"Research Scientist",3,"Single",14411,16117,1,"No",13,3,1,0,10,5,3,10,0,1,8
"34",39,"Yes","Travel Rarely",895,"Sales",5,3,"Technical",4,"Male",56,3,2,"Sales Representative",4,"Married",2086,3335,3,"No",14,3,3,1,19,6,4,1,0,0,0
"35",24,"Yes","Travel Rarely",813,"R&D",1,3,"Medical Sciences",2,"Male",61,3,1,"Research Scientist",4,"Married",2293,3020,2,"Yes",16,3,4,1,6,2,2,2,0,2,0
"36",43,"No","Travel Rarely",1273,"R&D",2,2,"Medical Sciences",4,"Female",72,4,1,"Research Scientist",3,"Divorced",4477,21923,1,"No",12,3,4,2,6,3,2,5,3,1,4
"37",50,"Yes","Travel Rarely",869,"Sales",3,2,"Marketing",1,"Male",86,2,1,"Sales Representative",3,"Married",2683,3810,1,"Yes",14,3,3,0,3,2,3,3,2,0,2
"38",35,"No","Travel Rarely",890,"Sales",2,3,"Marketing",4,"Female",97,3,1,"Sales Representative",4,"Married",2014,9687,1,"No",13,3,1,0,2,3,3,2,2,2,2
"39",36,"No","Travel Rarely",852,"R&D",5,4,"Life Sciences",2,"Female",82,2,1,"Research Scientist",1,"Married",3419,13072,9,"Yes",14,3,4,1,6,3,4,1,1,0,0
"40",33,"No","Travel Frequently",1141,"Sales",1,3,"Life Sciences",3,"Female",42,4,2,"Sales Executive",1,"Married",5376,3193,2,"No",19,3,1,2,10,3,3,5,3,1,3
"41",35,"No","Travel Rarely",464,"R&D",4,2,"Other",3,"Male",75,3,1,"Laboratory Technician",4,"Divorced",1951,10910,1,"No",12,3,3,1,1,3,3,1,0,0,0
"43",26,"Yes","Travel Rarely",1357,"R&D",25,3,"Life Sciences",1,"Male",48,1,1,"Laboratory Technician",3,"Single",2293,10558,1,"No",12,3,3,0,1,2,2,1,0,0,1
"44",27,"No","Travel Frequently",994,"Sales",8,3,"Life Sciences",4,"Male",37,3,3,"Sales Executive",3,"Single",8726,2975,1,"No",15,3,4,0,9,0,3,9,8,1,7
"45",30,"No","Travel Frequently",721,"R&D",1,2,"Medical Sciences",3,"Female",58,3,2,"Laboratory Technician",4,"Single",4011,10781,1,"No",23,4,4,0,12,2,3,12,8,3,7
"46",41,"Yes","Travel Rarely",1360,"R&D",12,3,"Technical",2,"Female",49,3,5,"Research Director",3,"Married",19545,16280,1,"No",12,3,4,0,23,0,3,22,15,15,8
"47",34,"No","Non Travel",1065,"Sales",23,4,"Marketing",2,"Male",72,3,2,"Sales Executive",3,"Single",4568,10034,0,"No",20,4,3,0,10,2,3,9,5,8,7
"48",37,"No","Travel Rarely",408,"R&D",19,2,"Life Sciences",2,"Male",73,3,1,"Research Scientist",2,"Married",3022,10227,4,"No",21,4,1,0,8,1,3,1,0,0,0
"49",46,"No","Travel Frequently",1211,"Sales",5,4,"Marketing",1,"Male",98,3,2,"Sales Executive",4,"Single",5772,20445,4,"Yes",21,4,3,0,14,4,3,9,6,0,8
"50",35,"No","Travel Rarely",1229,"R&D",8,1,"Life Sciences",4,"Male",36,4,1,"Laboratory Technician",4,"Married",2269,4892,1,"No",19,3,4,0,1,2,3,1,0,0,1
"51",48,"Yes","Travel Rarely",626,"R&D",1,2,"Life Sciences",1,"Male",98,2,3,"Laboratory Technician",3,"Single",5381,19294,2,"Yes",13,3,4,0,23,2,1,1,0,0,0
"52",28,"Yes","Travel Rarely",1434,"R&D",5,4,"Technical",3,"Male",50,3,1,"Laboratory Technician",3,"Single",3441,11179,1,"Yes",13,3,3,0,2,3,2,2,2,2,2
"53",44,"No","Travel Rarely",1488,"Sales",1,5,"Marketing",2,"Female",75,3,2,"Sales Executive",1,"Divorced",5454,4009,5,"Yes",21,4,3,1,9,2,2,4,3,1,3
"54",35,"No","Non Travel",1097,"R&D",11,2,"Medical Sciences",3,"Male",79,2,3,"Healthcare Representative",1,"Married",9884,8302,2,"Yes",13,3,3,1,10,3,3,4,0,2,3
"55",26,"No","Travel Rarely",1443,"Sales",23,3,"Marketing",3,"Female",47,2,2,"Sales Executive",4,"Married",4157,21436,7,"Yes",19,3,3,1,5,2,2,2,2,0,0
"56",33,"No","Travel Frequently",515,"R&D",1,2,"Life Sciences",1,"Female",98,3,3,"Research Director",4,"Single",13458,15146,1,"Yes",12,3,3,0,15,1,3,15,14,8,12
"57",35,"No","Travel Frequently",853,"Sales",18,5,"Life Sciences",2,"Male",71,3,3,"Sales Executive",1,"Married",9069,11031,1,"No",22,4,4,1,9,3,2,9,8,1,8
"58",35,"No","Travel Rarely",1142,"R&D",23,4,"Medical Sciences",3,"Female",30,3,1,"Laboratory Technician",1,"Married",4014,16002,3,"Yes",15,3,3,1,4,3,3,2,2,2,2
"59",31,"No","Travel Rarely",655,"R&D",7,4,"Life Sciences",4,"Male",48,3,2,"Laboratory Technician",4,"Divorced",5915,9528,3,"No",22,4,4,1,10,3,2,7,7,1,7
"60",37,"No","Travel Rarely",1115,"R&D",1,4,"Life Sciences",1,"Male",51,2,2,"Manufacturing Director",3,"Divorced",5993,2689,1,"No",18,3,4,1,7,2,4,7,5,0,7
"61",32,"No","Travel Rarely",427,"R&D",1,3,"Medical Sciences",1,"Male",33,3,2,"Manufacturing Director",4,"Married",6162,10877,1,"Yes",22,4,2,1,9,3,3,9,8,7,8
"62",38,"No","Travel Frequently",653,"R&D",29,5,"Life Sciences",4,"Female",50,3,2,"Laboratory Technician",4,"Single",2406,5456,1,"No",11,3,4,0,10,2,3,10,3,9,9
"63",50,"No","Travel Rarely",989,"R&D",7,2,"Medical Sciences",2,"Female",43,2,5,"Research Director",3,"Divorced",18740,16701,5,"No",12,3,4,1,29,2,2,27,3,13,8
"64",59,"No","Travel Rarely",1435,"Sales",25,3,"Life Sciences",1,"Female",99,3,3,"Sales Executive",1,"Single",7637,2354,7,"No",11,3,4,0,28,3,2,21,16,7,9
"65",36,"No","Travel Rarely",1223,"R&D",8,3,"Technical",3,"Female",59,3,3,"Healthcare Representative",3,"Divorced",10096,8202,1,"No",13,3,2,1,17,2,3,17,14,12,8
"66",55,"No","Travel Rarely",836,"R&D",8,3,"Medical Sciences",4,"Female",33,3,4,"Manager",3,"Divorced",14756,19730,2,"Yes",14,3,3,3,21,2,3,5,0,0,2
"67",36,"No","Travel Frequently",1195,"R&D",11,3,"Life Sciences",2,"Male",95,2,2,"Manufacturing Director",2,"Single",6499,22656,1,"No",13,3,3,0,6,3,3,6,5,0,3
"68",45,"No","Travel Rarely",1339,"R&D",7,3,"Medical Sciences",2,"Male",59,3,3,"Research Scientist",1,"Divorced",9724,18787,2,"No",17,3,3,1,25,2,3,20,0,0,0
"69",35,"No","Travel Frequently",664,"R&D",1,3,"Medical Sciences",2,"Male",79,3,1,"Research Scientist",1,"Married",2194,5868,4,"No",13,3,4,1,5,2,2,3,2,1,2
"70",36,"Yes","Travel Rarely",318,"R&D",9,3,"Medical Sciences",4,"Male",79,2,1,"Research Scientist",3,"Married",3388,21777,0,"Yes",17,3,1,1,2,0,2,1,0,0,0
"71",59,"No","Travel Frequently",1225,"Sales",1,1,"Life Sciences",1,"Female",57,2,2,"Sales Executive",3,"Single",5473,24668,7,"No",11,3,4,0,20,2,2,4,3,1,3
"72",29,"No","Travel Rarely",1328,"R&D",2,3,"Life Sciences",3,"Male",76,3,1,"Research Scientist",2,"Married",2703,4956,0,"No",23,4,4,1,6,3,3,5,4,0,4
"73",31,"No","Travel Rarely",1082,"R&D",1,4,"Medical Sciences",3,"Male",87,3,1,"Research Scientist",3,"Single",2501,18775,1,"No",17,3,2,0,1,4,3,1,1,1,0
"74",32,"No","Travel Rarely",548,"R&D",1,3,"Life Sciences",2,"Male",66,3,2,"Research Scientist",2,"Married",6220,7346,1,"No",17,3,2,2,10,3,3,10,4,0,9
"75",36,"No","Travel Rarely",132,"R&D",6,3,"Life Sciences",2,"Female",55,4,1,"Laboratory Technician",4,"Married",3038,22002,3,"No",12,3,2,0,5,3,3,1,0,0,0
"76",31,"No","Travel Rarely",746,"R&D",8,4,"Life Sciences",3,"Female",61,3,2,"Manufacturing Director",4,"Single",4424,20682,1,"No",23,4,4,0,11,2,3,11,7,1,8
"77",35,"No","Travel Rarely",776,"Sales",1,4,"Marketing",3,"Male",32,3,2,"Sales Executive",1,"Single",4312,23016,0,"No",14,3,2,0,16,2,3,15,13,2,8
"78",45,"No","Travel Rarely",193,"R&D",6,4,"Other",4,"Male",52,3,3,"Research Director",1,"Married",13245,15067,4,"Yes",14,3,2,1,17,3,4,0,0,0,0
"79",37,"No","Travel Rarely",397,"R&D",7,4,"Medical Sciences",1,"Male",30,3,3,"Research Director",3,"Single",13664,25258,4,"No",13,3,1,0,16,3,4,5,2,0,2
"80",46,"No","Travel Rarely",945,"HR",5,2,"Medical Sciences",2,"Male",80,3,2,"HR",2,"Divorced",5021,10425,8,"Yes",22,4,4,1,16,2,3,4,2,0,2
"81",30,"No","Travel Rarely",852,"R&D",1,1,"Life Sciences",4,"Male",55,2,2,"Laboratory Technician",4,"Married",5126,15998,1,"Yes",12,3,3,2,10,1,2,10,8,3,0
"82",35,"No","Travel Rarely",1214,"R&D",1,3,"Medical Sciences",2,"Male",30,2,1,"Research Scientist",3,"Single",2859,2725,1,"No",18,3,1,0,6,3,3,6,4,0,4
"83",55,"No","Travel Rarely",111,"Sales",1,2,"Life Sciences",1,"Male",70,3,3,"Sales Executive",4,"Married",10239,18092,3,"No",14,3,4,1,24,4,3,1,0,1,0
"84",38,"No","Non Travel",573,"R&D",6,3,"Medical Sciences",2,"Female",79,1,2,"Research Scientist",4,"Divorced",5329,15717,7,"Yes",12,3,4,3,17,3,3,13,11,1,9
"85",34,"No","Travel Rarely",1153,"R&D",1,2,"Medical Sciences",1,"Male",94,3,2,"Manufacturing Director",2,"Married",4325,17736,1,"No",15,3,3,0,5,2,3,5,2,1,3
"86",56,"No","Travel Rarely",1225,"R&D",7,3,"Life Sciences",4,"Male",49,1,3,"Manufacturing Director",4,"Single",7260,21698,4,"No",11,3,1,0,37,3,2,6,4,0,2
"87",23,"No","Travel Rarely",541,"Sales",2,1,"Technical",3,"Male",62,3,1,"Sales Representative",1,"Divorced",2322,9518,3,"No",13,3,3,1,3,3,3,0,0,0,0
"88",34,"No","Travel Rarely",432,"R&D",9,4,"Life Sciences",4,"Male",96,3,1,"Laboratory Technician",4,"Married",2075,18725,3,"No",23,4,2,2,10,4,3,4,2,0,3
"89",30,"No","Travel Rarely",288,"R&D",2,3,"Life Sciences",3,"Male",99,2,2,"Healthcare Representative",4,"Married",4152,15830,1,"No",19,3,1,3,11,3,3,11,10,10,8
"91",40,"No","Travel Frequently",530,"R&D",1,4,"Life Sciences",4,"Male",78,2,4,"Healthcare Representative",2,"Married",13503,14115,1,"No",22,4,4,1,22,3,2,22,3,11,11
"92",51,"No","Travel Rarely",632,"Sales",21,4,"Marketing",3,"Male",71,3,2,"Sales Executive",4,"Single",5441,8423,0,"Yes",22,4,4,0,11,2,1,10,7,1,8
"93",30,"No","Travel Rarely",1334,"Sales",4,4,"Medical Sciences",3,"Female",63,2,2,"Sales Executive",2,"Divorced",5209,19760,1,"Yes",12,3,2,3,11,4,2,11,8,2,7
"94",46,"No","Travel Frequently",638,"R&D",1,3,"Medical Sciences",3,"Male",40,2,3,"Healthcare Representative",1,"Married",10673,3142,2,"Yes",13,3,3,1,21,5,2,10,9,9,5
"95",32,"No","Travel Rarely",1093,"Sales",6,4,"Medical Sciences",2,"Male",87,3,2,"Sales Executive",3,"Single",5010,24301,1,"No",16,3,1,0,12,0,3,11,8,5,7
"96",54,"No","Travel Rarely",1217,"R&D",2,4,"Technical",1,"Female",60,3,3,"Research Director",3,"Married",13549,24001,9,"No",12,3,1,1,16,5,1,4,3,0,3
"97",24,"No","Travel Rarely",1353,"Sales",3,2,"Other",1,"Female",33,3,2,"Sales Executive",3,"Married",4999,17519,0,"No",21,4,1,1,4,2,2,3,2,0,2
"98",28,"No","Non Travel",120,"Sales",4,3,"Medical Sciences",2,"Male",43,3,2,"Sales Executive",3,"Married",4221,8863,1,"No",15,3,2,0,5,3,4,5,4,0,4
"99",58,"No","Travel Rarely",682,"Sales",10,4,"Medical Sciences",4,"Male",37,3,4,"Sales Executive",3,"Single",13872,24409,0,"No",13,3,3,0,38,1,2,37,10,1,8
"100",44,"No","Non Travel",489,"R&D",23,3,"Medical Sciences",2,"Male",67,3,2,"Laboratory Technician",2,"Married",2042,25043,4,"No",12,3,3,1,17,3,4,3,2,1,2
"101",37,"Yes","Travel Rarely",807,"HR",6,4,"HR",3,"Male",63,3,1,"HR",1,"Divorced",2073,23648,4,"Yes",22,4,4,0,7,3,3,3,2,0,2
"102",32,"No","Travel Rarely",827,"R&D",1,1,"Life Sciences",4,"Male",71,3,1,"Research Scientist",1,"Single",2956,15178,1,"No",13,3,4,0,1,2,3,1,0,0,0
"103",20,"Yes","Travel Frequently",871,"R&D",6,3,"Life Sciences",4,"Female",66,2,1,"Laboratory Technician",4,"Single",2926,19783,1,"Yes",13,3,2,0,1,5,3,1,0,1,0
"104",34,"No","Travel Rarely",665,"R&D",6,4,"Other",1,"Female",41,3,2,"Research Scientist",3,"Single",4809,12482,1,"No",14,3,3,0,16,3,3,16,13,2,10
"105",37,"No","Non Travel",1040,"R&D",2,2,"Life Sciences",3,"Male",100,2,2,"Healthcare Representative",4,"Divorced",5163,15850,5,"No",11,3,4,1,17,2,4,1,0,0,0
"106",59,"No","Non Travel",1420,"HR",2,4,"HR",3,"Female",32,2,5,"Manager",4,"Married",18844,21922,9,"No",21,4,4,1,30,3,3,3,2,2,2
"107",50,"No","Travel Frequently",1115,"R&D",1,3,"Life Sciences",1,"Female",73,3,5,"Research Director",2,"Married",18172,9755,3,"Yes",19,3,1,0,28,1,2,8,3,0,7
"108",25,"Yes","Travel Rarely",240,"Sales",5,3,"Marketing",3,"Male",46,2,2,"Sales Executive",3,"Single",5744,26959,1,"Yes",11,3,4,0,6,1,3,6,4,0,3
"109",25,"No","Travel Rarely",1280,"R&D",7,1,"Medical Sciences",4,"Male",64,2,1,"Research Scientist",4,"Married",2889,26897,1,"No",11,3,3,2,2,2,3,2,2,2,1
"110",22,"No","Travel Rarely",534,"R&D",15,3,"Medical Sciences",2,"Female",59,3,1,"Laboratory Technician",4,"Single",2871,23785,1,"No",15,3,3,0,1,5,3,0,0,0,0
"111",51,"No","Travel Frequently",1456,"R&D",1,4,"Medical Sciences",1,"Female",30,2,3,"Healthcare Representative",1,"Single",7484,25796,3,"No",20,4,3,0,23,1,2,13,12,12,8
"112",34,"Yes","Travel Frequently",658,"R&D",7,3,"Life Sciences",1,"Male",66,1,2,"Laboratory Technician",3,"Single",6074,22887,1,"Yes",24,4,4,0,9,3,3,9,7,0,6
"113",54,"No","Non Travel",142,"HR",26,3,"HR",4,"Female",30,4,4,"Manager",4,"Single",17328,13871,2,"Yes",12,3,3,0,23,3,3,5,3,4,4
"114",24,"No","Travel Rarely",1127,"R&D",18,1,"Life Sciences",2,"Male",52,3,1,"Laboratory Technician",3,"Married",2774,13257,0,"No",12,3,3,1,6,2,3,5,3,1,2
"115",34,"No","Travel Rarely",1031,"R&D",6,4,"Life Sciences",3,"Male",45,2,2,"Research Scientist",2,"Divorced",4505,15000,6,"No",15,3,3,1,12,3,3,1,0,0,0
"116",37,"No","Travel Rarely",1189,"Sales",3,3,"Life Sciences",3,"Male",87,3,3,"Sales Executive",4,"Single",7428,14506,2,"No",12,3,1,0,12,3,3,5,3,1,3
"117",34,"No","Travel Rarely",1354,"R&D",5,3,"Medical Sciences",3,"Female",45,2,3,"Manager",1,"Single",11631,5615,2,"No",12,3,4,0,14,6,3,11,10,5,8
"118",28,"No","Travel Frequently",1467,"Sales",11,2,"Technical",2,"Female",92,3,3,"Sales Executive",4,"Married",9738,22952,0,"No",14,3,3,1,10,6,3,9,7,2,8
"119",36,"No","Travel Rarely",922,"R&D",3,2,"Life Sciences",1,"Female",39,3,1,"Laboratory Technician",4,"Divorced",2835,2561,5,"No",22,4,1,1,7,2,3,1,0,0,0
"120",43,"No","Travel Frequently",394,"Sales",26,2,"Life Sciences",3,"Male",92,3,4,"Research Director",4,"Married",16959,19494,1,"Yes",12,3,4,2,25,3,4,25,12,4,12
"121",30,"No","Travel Frequently",1312,"R&D",23,3,"Life Sciences",1,"Male",96,1,1,"Research Scientist",3,"Divorced",2613,22310,1,"No",21,4,3,3,10,2,2,10,7,0,9
"122",33,"No","Non Travel",750,"Sales",22,2,"Marketing",3,"Male",95,3,2,"Sales Executive",2,"Married",6146,15480,0,"No",13,3,1,1,7,2,4,7,7,0,7
"123",56,"Yes","Travel Rarely",441,"R&D",14,4,"Life Sciences",2,"Female",72,3,1,"Research Scientist",2,"Married",4963,4510,9,"Yes",18,3,1,3,7,2,3,5,4,4,3
"124",51,"No","Travel Rarely",684,"R&D",6,3,"Life Sciences",1,"Male",51,3,5,"Research Director",3,"Single",19537,6462,7,"No",13,3,3,0,23,5,3,20,18,15,15
"125",31,"Yes","Travel Rarely",249,"Sales",6,4,"Life Sciences",2,"Male",76,1,2,"Sales Executive",3,"Married",6172,20739,4,"Yes",18,3,2,0,12,3,2,7,7,7,7
"126",26,"No","Travel Rarely",841,"R&D",6,3,"Other",3,"Female",63,2,1,"Research Scientist",2,"Married",2368,23300,1,"No",19,3,3,0,5,3,2,5,4,4,3
"127",58,"Yes","Travel Rarely",147,"R&D",23,4,"Medical Sciences",4,"Female",94,3,3,"Healthcare Representative",4,"Married",10312,3465,1,"No",12,3,4,1,40,3,2,40,10,15,6
"128",19,"Yes","Travel Rarely",528,"Sales",22,1,"Marketing",4,"Male",50,3,1,"Sales Representative",3,"Single",1675,26820,1,"Yes",19,3,4,0,0,2,2,0,0,0,0
"129",22,"No","Travel Rarely",594,"R&D",2,1,"Technical",3,"Male",100,3,1,"Laboratory Technician",4,"Married",2523,19299,0,"No",14,3,3,1,3,2,3,2,1,2,1
"130",49,"No","Travel Rarely",470,"R&D",20,4,"Medical Sciences",3,"Female",96,3,2,"Manufacturing Director",1,"Married",6755,5549,1,"No",14,3,3,0,16,2,2,15,11,5,11
"131",43,"No","Travel Frequently",957,"R&D",28,3,"Medical Sciences",2,"Female",72,4,1,"Research Scientist",3,"Single",4739,16090,4,"No",12,3,4,0,18,2,3,3,2,1,2
"132",50,"No","Travel Frequently",809,"Sales",12,3,"Marketing",3,"Female",77,3,3,"Sales Executive",4,"Single",9208,6645,4,"No",11,3,4,0,16,3,3,2,2,2,1
"133",31,"Yes","Travel Rarely",542,"Sales",20,3,"Life Sciences",2,"Female",71,1,2,"Sales Executive",3,"Married",4559,24788,3,"Yes",11,3,3,1,4,2,3,2,2,2,2
"134",41,"No","Travel Rarely",802,"Sales",9,1,"Life Sciences",3,"Male",96,3,3,"Sales Executive",3,"Divorced",8189,21196,3,"Yes",13,3,3,1,12,2,3,9,7,0,7
"135",26,"No","Travel Rarely",1355,"HR",25,1,"Life Sciences",3,"Female",61,3,1,"HR",3,"Married",2942,8916,1,"No",23,4,4,1,8,3,3,8,7,5,7
"137",51,"Yes","Travel Frequently",1150,"R&D",8,4,"Life Sciences",1,"Male",53,1,2,"Manufacturing Director",4,"Single",10650,25150,2,"No",15,3,4,0,18,2,3,4,2,0,3
"138",39,"No","Travel Rarely",1329,"Sales",4,4,"Life Sciences",4,"Female",47,2,2,"Sales Executive",3,"Married",5902,14590,4,"No",14,3,3,1,17,1,4,15,11,5,9
"139",25,"No","Travel Rarely",959,"Sales",28,3,"Life Sciences",1,"Male",41,2,2,"Sales Executive",3,"Married",8639,24835,2,"No",18,3,4,0,6,3,3,2,2,2,2
"140",30,"No","Travel Rarely",1240,"HR",9,3,"HR",3,"Male",48,3,2,"HR",4,"Married",6347,13982,0,"Yes",19,3,4,0,12,2,1,11,9,4,7
"141",32,"Yes","Travel Rarely",1033,"R&D",9,3,"Medical Sciences",1,"Female",41,3,1,"Laboratory Technician",1,"Single",4200,10224,7,"No",22,4,1,0,10,2,4,5,4,0,4
"142",45,"No","Travel Rarely",1316,"R&D",29,3,"Medical Sciences",3,"Male",83,3,1,"Research Scientist",4,"Single",3452,9752,5,"No",13,3,2,0,9,2,2,6,5,0,3
"144",30,"No","Travel Rarely",438,"R&D",18,3,"Life Sciences",1,"Female",75,3,1,"Research Scientist",3,"Single",2632,23910,1,"No",14,3,3,0,5,4,2,5,4,0,4
"145",32,"No","Travel Frequently",689,"Sales",9,2,"Medical Sciences",4,"Male",35,1,2,"Sales Executive",4,"Divorced",4668,22812,0,"No",17,3,4,3,9,2,4,8,7,0,7
"146",30,"No","Travel Rarely",201,"R&D",5,3,"Technical",4,"Female",84,3,1,"Research Scientist",1,"Divorced",3204,10415,5,"No",14,3,4,1,8,3,3,3,2,2,2
"147",30,"No","Travel Rarely",1427,"R&D",2,1,"Medical Sciences",2,"Male",35,2,1,"Laboratory Technician",4,"Single",2720,11162,0,"No",13,3,4,0,6,3,3,5,3,1,2
"148",41,"No","Travel Frequently",857,"R&D",10,3,"Life Sciences",4,"Male",91,2,4,"Manager",1,"Divorced",17181,12888,4,"No",13,3,2,1,21,2,2,7,6,7,7
"149",41,"No","Travel Rarely",933,"R&D",9,4,"Life Sciences",3,"Male",94,3,1,"Laboratory Technician",1,"Married",2238,6961,2,"No",21,4,4,1,7,2,3,5,0,1,4
"150",19,"No","Travel Rarely",1181,"R&D",3,1,"Medical Sciences",2,"Female",79,3,1,"Laboratory Technician",2,"Single",1483,16102,1,"No",14,3,4,0,1,3,3,1,0,0,0
"151",40,"No","Travel Frequently",1395,"R&D",26,3,"Medical Sciences",2,"Female",54,3,2,"Research Scientist",2,"Divorced",5605,8504,1,"No",11,3,1,1,20,2,3,20,7,2,13
"153",53,"No","Travel Rarely",1436,"Sales",6,2,"Marketing",2,"Male",34,3,2,"Sales Representative",3,"Married",2306,16047,2,"Yes",20,4,4,1,13,3,1,7,7,4,5
"154",45,"No","Travel Rarely",194,"R&D",9,3,"Life Sciences",2,"Male",60,3,2,"Laboratory Technician",2,"Divorced",2348,10901,8,"No",18,3,3,1,20,2,1,17,9,0,15
"155",32,"No","Travel Frequently",967,"Sales",8,3,"Marketing",2,"Female",61,3,3,"Sales Executive",4,"Single",8998,15589,1,"No",14,3,4,0,9,2,3,9,7,3,7
"156",29,"No","Non Travel",1496,"R&D",1,1,"Technical",4,"Male",41,3,2,"Manufacturing Director",3,"Married",4319,26283,1,"No",13,3,1,1,10,1,3,10,7,0,9
"157",51,"No","Travel Rarely",1169,"R&D",10,4,"Medical Sciences",2,"Male",34,2,2,"Manufacturing Director",3,"Married",6132,13983,2,"No",17,3,3,0,10,2,3,1,0,0,0
"158",26,"No","Travel Rarely",1145,"R&D",9,3,"Medical Sciences",2,"Female",75,2,1,"Research Scientist",2,"Married",3346,11873,4,"Yes",20,4,2,1,9,3,2,1,0,0,0
"159",40,"No","Travel Rarely",630,"Sales",4,4,"Marketing",3,"Male",67,2,3,"Sales Executive",4,"Married",10855,8552,7,"No",20,3,1,1,15,2,2,12,11,2,11
"160",34,"No","Travel Frequently",303,"Sales",2,4,"Marketing",3,"Female",75,3,1,"Sales Representative",3,"Married",2231,11314,6,"No",18,3,4,1,6,3,3,4,3,1,2
"161",22,"No","Travel Rarely",1256,"R&D",19,1,"Medical Sciences",3,"Male",80,3,1,"Research Scientist",4,"Married",2323,11992,1,"No",24,4,1,2,2,6,3,2,2,2,2
"162",27,"No","Non Travel",691,"R&D",9,3,"Medical Sciences",4,"Male",57,3,1,"Research Scientist",2,"Divorced",2024,5970,6,"No",18,3,4,1,6,1,1,2,2,2,2
"163",28,"No","Travel Rarely",440,"R&D",21,3,"Medical Sciences",3,"Male",42,3,1,"Research Scientist",4,"Married",2713,6672,1,"No",11,3,3,1,5,2,1,5,2,0,2
"164",37,"No","Travel Rarely",334,"R&D",24,2,"Life Sciences",3,"Male",83,4,3,"Healthcare Representative",4,"Divorced",9439,23402,3,"No",16,3,2,1,12,2,1,5,3,1,4
"165",27,"No","Non Travel",561,"R&D",3,3,"Medical Sciences",3,"Male",79,2,1,"Research Scientist",3,"Divorced",2566,25326,1,"Yes",15,3,4,1,1,2,2,1,1,0,1
"166",50,"No","Travel Rarely",1452,"R&D",11,3,"Life Sciences",3,"Female",53,3,5,"Manager",2,"Single",19926,17053,3,"No",15,3,2,0,21,5,3,5,4,4,4
"167",41,"No","Travel Rarely",465,"R&D",14,3,"Life Sciences",1,"Male",56,3,1,"Research Scientist",3,"Divorced",2451,4609,4,"No",12,3,1,1,13,2,3,9,8,1,8
"168",30,"No","Travel Rarely",1339,"Sales",5,3,"Life Sciences",2,"Female",41,3,3,"Sales Executive",4,"Married",9419,8053,2,"No",12,3,3,1,12,2,3,10,9,7,4
"169",38,"No","Travel Rarely",330,"Sales",1,4,"Life Sciences",1,"Female",59,2,2,"Sales Executive",4,"Single",8686,12930,4,"No",22,4,3,0,12,2,4,8,3,0,7
"171",27,"No","Travel Rarely",1157,"R&D",17,3,"Technical",3,"Male",51,3,1,"Research Scientist",2,"Married",3058,13364,0,"Yes",16,3,4,1,6,3,2,5,2,1,1
"172",19,"Yes","Travel Frequently",602,"Sales",1,1,"Technical",3,"Female",100,1,1,"Sales Representative",1,"Single",2325,20989,0,"No",21,4,1,0,1,5,4,0,0,0,0
"173",36,"No","Travel Frequently",1480,"R&D",3,2,"Medical Sciences",4,"Male",30,3,1,"Laboratory Technician",2,"Single",2088,15062,4,"No",12,3,3,0,13,3,2,8,7,7,2
"174",30,"No","Non Travel",111,"R&D",9,3,"Medical Sciences",3,"Male",66,3,2,"Laboratory Technician",1,"Divorced",3072,11012,1,"No",11,3,3,2,12,4,3,12,9,6,10
"175",45,"No","Travel Rarely",1268,"Sales",4,2,"Life Sciences",3,"Female",30,3,2,"Sales Executive",1,"Divorced",5006,6319,4,"Yes",11,3,1,1,9,3,4,5,4,0,3
"176",56,"No","Travel Rarely",713,"R&D",8,3,"Life Sciences",3,"Female",67,3,1,"Research Scientist",1,"Divorced",4257,13939,4,"Yes",18,3,3,1,19,3,3,2,2,2,2
"177",33,"No","Travel Rarely",134,"R&D",2,3,"Life Sciences",3,"Male",90,2,1,"Research Scientist",4,"Single",4617,10515,0,"No",14,3,1,0,4,2,4,3,1,0,2
"178",19,"Yes","Travel Rarely",303,"R&D",2,3,"Life Sciences",2,"Male",47,2,1,"Laboratory Technician",4,"Single",1102,9241,1,"No",22,4,3,0,1,3,2,1,0,1,0
"179",46,"No","Travel Rarely",526,"Sales",1,2,"Marketing",2,"Female",92,3,3,"Sales Executive",1,"Divorced",10453,2137,1,"No",25,4,3,3,24,2,3,24,13,11,7
"180",38,"No","Travel Rarely",1380,"R&D",9,2,"Life Sciences",3,"Female",75,3,1,"Laboratory Technician",4,"Single",2288,6319,1,"No",12,3,3,0,2,3,3,2,2,2,1
"181",31,"No","Travel Rarely",140,"R&D",12,1,"Medical Sciences",3,"Female",95,3,1,"Research Scientist",4,"Married",3929,6984,8,"Yes",23,4,3,1,7,0,3,4,2,0,2
"182",34,"No","Travel Rarely",629,"R&D",27,2,"Medical Sciences",4,"Female",65,3,1,"Research Scientist",2,"Single",2311,5711,2,"No",15,3,4,0,9,3,3,3,2,1,2
"183",41,"Yes","Travel Rarely",1356,"Sales",20,2,"Marketing",2,"Female",41,3,1,"Sales Representative",2,"Single",3140,21728,1,"Yes",22,4,4,0,4,5,2,4,3,0,2
"184",50,"No","Travel Rarely",328,"R&D",1,3,"Medical Sciences",3,"Male",86,2,1,"Laboratory Technician",3,"Married",3690,3425,2,"No",15,3,4,1,5,2,2,3,2,0,2
"185",53,"No","Travel Rarely",1084,"R&D",13,2,"Medical Sciences",4,"Female",57,4,2,"Manufacturing Director",1,"Divorced",4450,26250,1,"No",11,3,3,2,5,3,3,4,2,1,3
"186",33,"No","Travel Rarely",931,"R&D",14,3,"Medical Sciences",4,"Female",72,3,1,"Research Scientist",2,"Married",2756,4673,1,"No",13,3,4,1,8,5,3,8,7,3,6
"187",40,"No","Travel Rarely",989,"R&D",4,1,"Medical Sciences",4,"Female",46,3,5,"Manager",3,"Married",19033,6499,1,"No",14,3,2,1,21,2,3,20,8,9,9
"188",55,"No","Travel Rarely",692,"R&D",14,4,"Medical Sciences",3,"Male",61,4,5,"Research Director",2,"Single",18722,13339,8,"No",15,3,4,0,36,2,3,24,15,2,15
"189",34,"No","Travel Frequently",1069,"R&D",2,1,"Life Sciences",4,"Male",45,2,2,"Manufacturing Director",3,"Married",9547,14074,1,"No",17,3,3,0,10,2,2,10,9,1,9
"190",51,"No","Travel Rarely",313,"R&D",3,3,"Medical Sciences",4,"Female",98,3,4,"Healthcare Representative",2,"Single",13734,7192,3,"No",18,3,3,0,21,6,3,7,7,1,0
"191",52,"No","Travel Rarely",699,"R&D",1,4,"Life Sciences",3,"Male",65,2,5,"Manager",3,"Married",19999,5678,0,"No",14,3,1,1,34,5,3,33,18,11,9
"192",27,"No","Travel Rarely",894,"R&D",9,3,"Medical Sciences",4,"Female",99,3,1,"Research Scientist",2,"Single",2279,11781,1,"No",16,3,4,0,7,2,2,7,7,0,3
"193",35,"Yes","Travel Rarely",556,"R&D",23,2,"Life Sciences",2,"Male",50,2,2,"Manufacturing Director",3,"Married",5916,15497,3,"Yes",13,3,1,0,8,1,3,1,0,0,1
"194",43,"No","Non Travel",1344,"R&D",7,3,"Medical Sciences",4,"Male",37,4,1,"Research Scientist",4,"Divorced",2089,5228,4,"No",14,3,4,3,7,3,4,5,4,2,2
"195",45,"No","Non Travel",1195,"R&D",2,2,"Medical Sciences",1,"Male",65,2,4,"Manager",4,"Married",16792,20462,9,"No",23,4,4,1,22,1,3,20,8,11,8
"196",37,"No","Travel Rarely",290,"R&D",21,3,"Life Sciences",2,"Male",65,4,1,"Research Scientist",1,"Married",3564,22977,1,"Yes",12,3,1,1,8,3,2,8,7,1,7
"197",35,"No","Travel Frequently",138,"R&D",2,3,"Medical Sciences",2,"Female",37,3,2,"Laboratory Technician",2,"Single",4425,15986,5,"No",11,3,4,0,10,5,3,6,2,1,2
"198",42,"No","Non Travel",926,"R&D",21,2,"Medical Sciences",3,"Female",36,3,2,"Manufacturing Director",3,"Divorced",5265,16439,2,"No",16,3,2,1,11,5,3,5,3,0,2
"199",38,"No","Travel Rarely",1261,"R&D",2,4,"Life Sciences",4,"Male",88,3,2,"Manufacturing Director",3,"Married",6553,7259,9,"No",14,3,2,0,14,3,3,1,0,0,0
"200",38,"No","Travel Rarely",1084,"R&D",29,3,"Technical",4,"Male",54,3,2,"Manufacturing Director",4,"Married",6261,4185,3,"No",18,3,1,1,9,3,1,7,7,1,7
"201",27,"No","Travel Frequently",472,"R&D",1,1,"Technical",3,"Male",60,2,2,"Manufacturing Director",1,"Married",4298,9679,5,"No",19,3,3,1,6,1,3,2,2,2,0
"202",29,"No","Non Travel",1002,"R&D",18,4,"Life Sciences",4,"Male",92,3,2,"Manufacturing Director",4,"Divorced",6804,23793,1,"Yes",15,3,1,2,7,0,3,7,7,1,7
"203",34,"No","Travel Frequently",878,"R&D",10,4,"Medical Sciences",4,"Male",43,3,1,"Research Scientist",3,"Divorced",3815,5972,1,"Yes",17,3,4,1,5,4,4,5,3,2,0
"204",40,"No","Travel Rarely",905,"R&D",19,2,"Medical Sciences",3,"Male",99,3,2,"Laboratory Technician",4,"Married",2741,16523,8,"Yes",15,3,3,1,15,2,4,7,2,3,7
"205",38,"Yes","Travel Rarely",1180,"R&D",29,1,"Medical Sciences",2,"Male",70,3,2,"Healthcare Representative",1,"Married",6673,11354,7,"Yes",19,3,2,0,17,2,3,1,0,0,0
"206",29,"Yes","Travel Rarely",121,"Sales",27,3,"Marketing",2,"Female",35,3,3,"Sales Executive",4,"Married",7639,24525,1,"No",22,4,4,3,10,3,2,10,4,1,9
"207",22,"No","Travel Rarely",1136,"R&D",5,3,"Life Sciences",4,"Male",60,4,1,"Research Scientist",2,"Divorced",2328,12392,1,"Yes",16,3,1,1,4,2,2,4,2,2,2
"208",36,"No","Travel Frequently",635,"R&D",18,1,"Medical Sciences",2,"Female",73,3,1,"Laboratory Technician",4,"Single",2153,7703,1,"No",13,3,1,0,8,2,3,8,1,1,7
"209",40,"No","Non Travel",1151,"R&D",9,5,"Life Sciences",4,"Male",63,2,2,"Healthcare Representative",4,"Married",4876,14242,9,"No",14,3,4,1,5,5,1,3,2,0,2
"210",46,"No","Travel Rarely",644,"R&D",10,4,"Medical Sciences",4,"Male",97,3,3,"Healthcare Representative",1,"Divorced",9396,12368,7,"No",16,3,3,1,17,3,3,4,2,0,3
"211",32,"Yes","Travel Rarely",1045,"Sales",4,4,"Medical Sciences",4,"Male",32,1,3,"Sales Executive",4,"Married",10400,25812,1,"No",11,3,3,0,14,2,2,14,8,9,8
"212",30,"No","Non Travel",829,"R&D",1,1,"Life Sciences",3,"Male",88,2,3,"Manufacturing Director",3,"Single",8474,20925,1,"No",22,4,3,0,12,2,3,11,8,5,8
"213",27,"No","Travel Frequently",1242,"Sales",20,3,"Life Sciences",4,"Female",90,3,2,"Sales Executive",3,"Single",9981,12916,1,"No",14,3,4,0,7,2,3,7,7,0,7
"214",51,"No","Travel Rarely",1469,"R&D",8,4,"Life Sciences",2,"Male",81,2,3,"Research Director",2,"Married",12490,15736,5,"No",16,3,4,2,16,5,1,10,9,4,7
"215",30,"Yes","Travel Rarely",1005,"R&D",3,3,"Technical",4,"Female",88,3,1,"Research Scientist",1,"Single",2657,8556,5,"Yes",11,3,3,0,8,5,3,5,2,0,4
"216",41,"No","Travel Rarely",896,"Sales",6,3,"Life Sciences",4,"Female",75,3,3,"Manager",4,"Single",13591,14674,3,"Yes",18,3,3,0,16,3,3,1,0,0,0
"217",30,"Yes","Travel Frequently",334,"Sales",26,4,"Life Sciences",3,"Female",52,2,2,"Sales Executive",1,"Single",6696,22967,5,"No",15,3,3,0,9,5,2,6,3,0,1
"218",29,"Yes","Travel Rarely",992,"R&D",1,3,"Technical",3,"Male",85,3,1,"Research Scientist",3,"Single",2058,19757,0,"No",14,3,4,0,7,1,2,6,2,1,5
"219",45,"No","Non Travel",1052,"Sales",6,3,"Medical Sciences",4,"Female",57,3,3,"Sales Executive",4,"Single",8865,16840,6,"No",12,3,4,0,23,2,3,19,7,12,8
"220",54,"No","Travel Rarely",1147,"Sales",3,3,"Marketing",4,"Female",52,3,2,"Sales Executive",1,"Married",10686,17011,2,"No",14,3,4,1,16,4,3,6,2,0,5
"221",36,"No","Travel Rarely",1396,"R&D",5,2,"Life Sciences",4,"Male",62,3,2,"Laboratory Technician",2,"Single",5914,9945,8,"No",16,3,4,0,16,3,4,13,11,3,7
"222",33,"No","Travel Rarely",147,"R&D",4,4,"Medical Sciences",3,"Female",47,2,1,"Research Scientist",2,"Married",2622,13248,6,"No",21,4,4,0,7,3,3,3,2,1,1
"223",37,"No","Travel Frequently",663,"R&D",11,3,"Other",2,"Male",47,3,3,"Research Director",4,"Divorced",12185,10056,1,"Yes",14,3,3,3,10,1,3,10,8,0,7
"224",38,"No","Travel Rarely",119,"Sales",3,3,"Life Sciences",1,"Male",76,3,3,"Sales Executive",3,"Divorced",10609,9647,0,"No",12,3,3,2,17,6,2,16,10,5,13
"225",31,"No","Non Travel",979,"R&D",1,4,"Medical Sciences",3,"Male",90,4,2,"Manufacturing Director",3,"Married",4345,4381,0,"No",12,3,4,1,6,2,3,5,4,1,4
"226",59,"No","Travel Rarely",142,"R&D",3,3,"Life Sciences",3,"Male",70,2,1,"Research Scientist",4,"Married",2177,8456,3,"No",17,3,1,1,7,6,3,1,0,0,0
"227",37,"No","Travel Frequently",319,"Sales",4,4,"Marketing",1,"Male",41,3,1,"Sales Representative",4,"Divorced",2793,2539,4,"No",17,3,3,1,13,2,3,9,8,5,8
"228",29,"No","Travel Frequently",1413,"Sales",1,1,"Medical Sciences",2,"Female",42,3,3,"Sales Executive",4,"Married",7918,6599,1,"No",14,3,4,1,11,5,3,8,10,4,1
"229",35,"No","Travel Frequently",944,"Sales",1,3,"Marketing",3,"Female",92,3,3,"Sales Executive",3,"Single",8789,9096,1,"No",14,3,1,0,10,3,4,8,7,0,8
"230",29,"Yes","Travel Rarely",896,"R&D",18,3,"Medical Sciences",3,"Male",86,2,1,"Research Scientist",4,"Single",2389,14961,1,"Yes",13,3,3,0,4,3,2,4,3,0,1
"231",52,"No","Travel Rarely",1323,"R&D",2,3,"Life Sciences",3,"Female",89,2,1,"Laboratory Technician",4,"Single",3212,3300,7,"No",15,3,2,0,6,3,2,2,2,2,2
"232",42,"No","Travel Rarely",532,"R&D",4,2,"Technical",3,"Male",58,3,5,"Manager",4,"Married",19232,4933,1,"No",11,3,4,0,22,3,3,22,18,11,15
"233",59,"No","Travel Rarely",818,"HR",6,2,"Medical Sciences",2,"Male",52,3,1,"HR",3,"Married",2267,25657,8,"No",17,3,4,0,7,2,2,2,2,2,2
"234",50,"No","Travel Rarely",854,"Sales",1,4,"Medical Sciences",4,"Female",68,3,5,"Manager",4,"Divorced",19517,24118,3,"No",11,3,3,1,32,3,2,7,0,0,6
"235",39,"Yes","Travel Rarely",813,"R&D",14,3,"Medical Sciences",3,"Male",58,3,1,"Laboratory Technician",4,"Married",2436,22149,5,"Yes",13,3,3,1,8,2,1,5,4,0,4
"236",43,"No","Travel Rarely",1034,"Sales",16,3,"Marketing",4,"Female",80,3,4,"Manager",4,"Married",16064,7744,5,"Yes",11,4,3,1,22,3,3,17,13,1,9
"237",33,"Yes","Travel Rarely",465,"R&D",2,2,"Life Sciences",1,"Female",39,3,1,"Laboratory Technician",1,"Married",2707,21509,7,"No",20,4,1,0,13,3,4,5,7,1,7
"238",52,"No","Non Travel",771,"Sales",2,4,"Life Sciences",1,"Male",79,2,5,"Manager",3,"Single",19068,21030,1,"Yes",18,3,4,0,33,2,4,33,7,15,12
"239",32,"No","Travel Rarely",1401,"Sales",4,2,"Life Sciences",3,"Female",56,3,1,"Sales Representative",2,"Married",3931,20990,2,"No",11,3,1,1,6,5,3,4,3,1,2
"240",32,"Yes","Travel Rarely",515,"R&D",1,3,"Life Sciences",4,"Male",62,3,1,"Laboratory Technician",3,"Single",3730,9571,0,"Yes",14,3,4,0,4,2,1,3,2,1,2
"241",39,"No","Travel Rarely",1431,"R&D",1,4,"Medical Sciences",3,"Female",96,3,1,"Laboratory Technician",3,"Divorced",2232,15417,7,"No",14,3,3,3,7,1,3,3,2,1,2
"242",32,"No","Non Travel",976,"Sales",26,4,"Marketing",3,"Male",100,3,2,"Sales Executive",4,"Married",4465,12069,0,"No",18,3,1,0,4,2,3,3,2,2,2
"243",41,"No","Travel Rarely",1411,"R&D",19,2,"Life Sciences",3,"Male",36,3,2,"Research Scientist",1,"Divorced",3072,19877,2,"No",16,3,1,2,17,2,2,1,0,0,0
"244",40,"No","Travel Rarely",1300,"R&D",24,2,"Technical",1,"Male",62,3,2,"Research Scientist",4,"Divorced",3319,24447,1,"No",17,3,1,2,9,3,3,9,8,4,7
"245",45,"No","Travel Rarely",252,"R&D",1,3,"Other",3,"Male",70,4,5,"Manager",4,"Married",19202,15970,0,"No",11,3,3,1,25,2,3,24,0,1,7
"246",31,"No","Travel Frequently",1327,"R&D",3,4,"Medical Sciences",2,"Male",73,3,3,"Research Director",3,"Divorced",13675,13523,9,"No",12,3,1,1,9,3,3,2,2,2,2
"247",33,"No","Travel Rarely",832,"R&D",5,4,"Life Sciences",3,"Female",63,2,1,"Research Scientist",4,"Married",2911,14776,1,"No",13,3,3,1,2,2,2,2,2,0,2
"248",34,"No","Travel Rarely",470,"R&D",2,4,"Life Sciences",4,"Male",84,2,2,"Manufacturing Director",1,"Married",5957,23687,6,"No",12,3,2,1,13,3,3,11,9,5,9
"249",37,"No","Travel Rarely",1017,"R&D",1,2,"Medical Sciences",3,"Female",83,2,1,"Research Scientist",1,"Married",3920,18697,2,"No",14,3,1,1,8,2,2,3,1,0,2
"250",45,"No","Travel Frequently",1199,"R&D",7,4,"Life Sciences",1,"Male",77,4,2,"Manufacturing Director",3,"Married",6434,5118,4,"No",17,3,4,1,9,1,3,3,2,1,2
"251",37,"Yes","Travel Frequently",504,"R&D",10,3,"Medical Sciences",1,"Male",61,3,3,"Manufacturing Director",3,"Divorced",10048,22573,6,"No",11,3,2,2,17,5,3,1,0,0,0
"252",39,"No","Travel Frequently",505,"R&D",2,4,"Technical",3,"Female",64,3,3,"Healthcare Representative",3,"Single",10938,6420,0,"No",25,4,2,0,20,1,3,19,6,11,7
"253",29,"No","Travel Rarely",665,"R&D",15,3,"Life Sciences",3,"Male",60,3,1,"Research Scientist",4,"Single",2340,22673,1,"No",19,3,1,0,6,1,3,6,5,1,5
"254",42,"No","Travel Rarely",916,"R&D",17,2,"Life Sciences",4,"Female",82,4,2,"Research Scientist",1,"Single",6545,23016,4,"Yes",13,3,3,0,10,1,3,3,2,0,2
"255",29,"No","Travel Rarely",1247,"Sales",20,2,"Marketing",4,"Male",45,3,2,"Sales Executive",4,"Divorced",6931,10732,2,"No",14,3,4,1,10,2,3,3,2,0,2
"256",25,"No","Travel Rarely",685,"R&D",1,3,"Life Sciences",1,"Male",62,3,2,"Manufacturing Director",3,"Married",4898,7505,0,"No",12,3,4,2,5,3,3,4,2,1,2
"257",42,"No","Travel Rarely",269,"R&D",2,3,"Medical Sciences",4,"Female",56,2,1,"Laboratory Technician",1,"Divorced",2593,8007,0,"Yes",11,3,3,1,10,4,3,9,6,7,8
"258",40,"No","Travel Rarely",1416,"R&D",2,2,"Medical Sciences",1,"Male",84,3,5,"Research Director",3,"Divorced",19436,5949,0,"No",19,3,4,1,22,5,3,21,7,3,9
"259",51,"No","Non Travel",833,"R&D",1,3,"Life Sciences",3,"Male",96,3,1,"Research Scientist",4,"Married",2723,23231,1,"No",18,3,2,0,1,0,2,1,0,0,0
"260",31,"Yes","Travel Frequently",307,"R&D",29,2,"Medical Sciences",3,"Male",71,2,1,"Laboratory Technician",2,"Single",3479,11652,0,"No",11,3,2,0,6,2,4,5,4,1,4
"261",27,"No","Travel Frequently",1311,"R&D",7,3,"Life Sciences",2,"Male",100,4,1,"Laboratory Technician",2,"Married",2794,26062,1,"No",20,4,3,0,5,3,1,5,1,0,3
"263",32,"No","Travel Rarely",128,"R&D",2,1,"Technical",4,"Male",84,2,2,"Laboratory Technician",1,"Single",2176,19737,4,"No",13,3,4,0,9,5,3,6,2,0,4
"264",46,"No","Travel Rarely",488,"Sales",2,3,"Technical",3,"Female",75,1,4,"Manager",2,"Married",16872,14977,3,"Yes",12,3,2,1,28,2,2,7,7,7,7
"265",28,"Yes","Travel Rarely",529,"R&D",2,4,"Life Sciences",1,"Male",79,3,1,"Laboratory Technician",3,"Single",3485,14935,2,"No",11,3,3,0,5,5,1,0,0,0,0
"266",29,"No","Travel Rarely",1210,"Sales",2,3,"Medical Sciences",1,"Male",78,2,2,"Sales Executive",2,"Married",6644,3687,2,"No",19,3,2,2,10,2,3,0,0,0,0
"267",31,"No","Travel Rarely",1463,"R&D",23,3,"Medical Sciences",2,"Male",64,2,2,"Healthcare Representative",4,"Married",5582,14408,0,"No",21,4,2,1,10,2,3,9,0,7,8
"268",25,"No","Non Travel",675,"R&D",5,2,"Life Sciences",2,"Male",85,4,2,"Healthcare Representative",1,"Divorced",4000,18384,1,"No",12,3,4,2,6,2,3,6,3,1,5
"269",45,"No","Travel Rarely",1385,"R&D",20,2,"Medical Sciences",3,"Male",79,3,4,"Healthcare Representative",4,"Married",13496,7501,0,"Yes",14,3,2,0,21,2,3,20,7,6,10
"270",36,"No","Travel Rarely",1403,"R&D",6,3,"Life Sciences",4,"Male",47,3,1,"Laboratory Technician",4,"Married",3210,20251,0,"No",11,3,3,1,16,4,3,15,13,10,11
"271",55,"No","Travel Rarely",452,"R&D",1,3,"Medical Sciences",4,"Female",81,3,5,"Manager",1,"Single",19045,18938,0,"Yes",14,3,3,0,37,2,3,36,10,4,13
"272",47,"Yes","Non Travel",666,"R&D",29,4,"Life Sciences",1,"Male",88,3,3,"Manager",2,"Married",11849,10268,1,"Yes",12,3,4,1,10,2,2,10,7,9,9
"273",28,"No","Travel Rarely",1158,"R&D",9,3,"Medical Sciences",4,"Male",94,3,1,"Research Scientist",4,"Married",2070,2613,1,"No",23,4,4,1,5,3,2,5,2,0,4
"274",37,"No","Travel Rarely",228,"Sales",6,4,"Medical Sciences",3,"Male",98,3,2,"Sales Executive",4,"Married",6502,22825,4,"No",14,3,2,1,7,5,4,5,4,0,1
"275",21,"No","Travel Rarely",996,"Sales",3,2,"Medical Sciences",4,"Male",100,2,1,"Sales Representative",3,"Single",3230,10531,1,"No",17,3,1,0,3,4,4,3,2,1,0
"276",37,"No","Non Travel",728,"R&D",1,4,"Medical Sciences",1,"Female",80,3,3,"Research Director",4,"Divorced",13603,11677,2,"Yes",18,3,1,2,15,2,3,5,2,0,2
"277",35,"No","Travel Rarely",1315,"R&D",22,3,"Life Sciences",2,"Female",71,4,3,"Manager",2,"Divorced",11996,19100,7,"No",18,3,2,1,10,6,2,7,7,6,2
"278",38,"No","Travel Rarely",322,"Sales",7,2,"Medical Sciences",1,"Female",44,4,2,"Sales Executive",1,"Divorced",5605,19191,1,"Yes",24,4,3,1,8,3,3,8,0,7,7
"279",26,"No","Travel Frequently",1479,"R&D",1,3,"Life Sciences",3,"Female",84,3,2,"Manufacturing Director",2,"Divorced",6397,26767,1,"No",20,4,1,1,6,6,1,6,5,1,4
"280",50,"No","Travel Rarely",797,"R&D",4,1,"Life Sciences",1,"Male",96,3,5,"Research Director",2,"Divorced",19144,15815,3,"No",14,3,1,2,28,4,2,10,4,1,6
"281",53,"No","Travel Rarely",1070,"R&D",3,4,"Medical Sciences",3,"Male",45,3,4,"Research Director",3,"Married",17584,21016,3,"Yes",16,3,4,3,21,5,2,5,3,1,3
"282",42,"No","Travel Rarely",635,"Sales",1,1,"Life Sciences",2,"Male",99,3,2,"Sales Executive",3,"Married",4907,24532,1,"No",25,4,3,0,20,3,3,20,16,11,6
"283",29,"No","Travel Frequently",442,"Sales",2,2,"Life Sciences",2,"Male",44,3,2,"Sales Executive",4,"Single",4554,20260,1,"No",18,3,1,0,10,3,2,10,7,0,9
"284",55,"No","Travel Rarely",147,"R&D",20,2,"Technical",2,"Male",37,3,2,"Laboratory Technician",4,"Married",5415,15972,3,"Yes",19,3,4,1,12,4,3,10,7,0,8
"285",26,"No","Travel Frequently",496,"R&D",11,2,"Medical Sciences",1,"Male",60,3,2,"Healthcare Representative",1,"Married",4741,22722,1,"Yes",13,3,3,1,5,3,3,5,3,3,3
"286",37,"No","Travel Rarely",1372,"R&D",1,3,"Life Sciences",4,"Male",42,3,1,"Research Scientist",4,"Single",2115,15881,1,"No",12,3,2,0,17,3,3,17,12,5,7
"287",44,"Yes","Travel Frequently",920,"R&D",24,3,"Life Sciences",4,"Male",43,3,1,"Laboratory Technician",3,"Divorced",3161,19920,3,"Yes",22,4,4,1,19,0,1,1,0,0,0
"288",38,"No","Travel Rarely",688,"R&D",23,4,"Life Sciences",4,"Male",82,3,2,"Healthcare Representative",4,"Divorced",5745,18899,9,"No",14,3,2,1,10,2,3,2,2,1,2
"289",26,"Yes","Travel Rarely",1449,"R&D",16,4,"Medical Sciences",1,"Male",45,3,1,"Laboratory Technician",2,"Divorced",2373,14180,2,"Yes",13,3,4,1,5,2,3,3,2,0,2
"290",28,"No","Travel Rarely",1117,"R&D",8,2,"Life Sciences",4,"Female",66,3,1,"Research Scientist",4,"Single",3310,4488,1,"No",21,4,4,0,5,3,3,5,3,0,2
"291",49,"No","Travel Frequently",636,"R&D",10,4,"Life Sciences",3,"Female",35,3,5,"Research Director",1,"Single",18665,25594,9,"Yes",11,3,4,0,22,4,3,3,2,1,2
"292",36,"No","Travel Rarely",506,"R&D",3,3,"Technical",3,"Male",30,3,2,"Research Scientist",2,"Single",4485,26285,4,"No",12,3,4,0,10,2,3,8,0,7,7
"293",31,"No","Travel Frequently",444,"Sales",5,3,"Marketing",4,"Female",84,3,1,"Sales Representative",2,"Married",2789,3909,1,"No",11,3,3,1,2,5,2,2,2,2,2
"294",26,"Yes","Travel Rarely",950,"Sales",4,4,"Marketing",4,"Male",48,2,2,"Sales Executive",4,"Single",5828,8450,1,"Yes",12,3,2,0,8,0,3,8,7,7,4
"295",37,"No","Travel Frequently",889,"R&D",9,3,"Medical Sciences",2,"Male",53,3,1,"Research Scientist",4,"Married",2326,11411,1,"Yes",12,3,3,3,4,3,2,4,2,1,2
"296",42,"No","Travel Frequently",555,"Sales",26,3,"Marketing",3,"Male",77,3,4,"Sales Executive",2,"Married",13525,14864,5,"No",14,3,4,1,23,2,4,20,4,4,8
"297",18,"Yes","Travel Rarely",230,"R&D",3,3,"Life Sciences",3,"Male",54,3,1,"Laboratory Technician",3,"Single",1420,25233,1,"No",13,3,3,0,0,2,3,0,0,0,0
"298",35,"No","Travel Rarely",1232,"Sales",16,3,"Marketing",3,"Male",96,3,3,"Sales Executive",2,"Married",8020,5100,0,"No",15,3,3,2,12,3,2,11,9,6,9
"299",36,"No","Travel Frequently",566,"R&D",18,4,"Life Sciences",3,"Male",81,4,1,"Laboratory Technician",4,"Married",3688,7122,4,"No",14,3,4,2,4,2,3,1,0,0,0
"300",51,"No","Travel Rarely",1302,"R&D",2,3,"Medical Sciences",4,"Male",84,1,2,"Manufacturing Director",2,"Divorced",5482,16321,5,"No",18,3,4,1,13,3,3,4,1,1,2
"301",41,"No","Travel Frequently",563,"Sales",2,4,"Life Sciences",4,"Male",88,3,4,"Manager",2,"Single",16015,15896,1,"No",19,3,2,0,22,2,3,22,10,0,4
"302",18,"No","Travel Rarely",812,"Sales",10,3,"Medical Sciences",4,"Female",69,2,1,"Sales Representative",3,"Single",1200,9724,1,"No",12,3,1,0,0,2,3,0,0,0,0
"303",28,"No","Travel Rarely",1476,"R&D",16,3,"Medical Sciences",2,"Male",68,4,2,"Research Scientist",1,"Single",5661,4824,0,"No",19,3,3,0,9,2,3,8,3,0,7
"304",31,"No","Travel Rarely",218,"Sales",7,3,"Technical",2,"Male",100,4,2,"Sales Executive",4,"Married",6929,12241,4,"No",11,3,2,1,10,3,2,8,7,7,7
"305",39,"No","Travel Rarely",1132,"R&D",1,3,"Medical Sciences",3,"Male",48,4,3,"Healthcare Representative",4,"Divorced",9613,10942,0,"No",17,3,1,3,19,5,2,18,10,3,7
"306",36,"No","Non Travel",1105,"R&D",24,4,"Life Sciences",2,"Female",47,3,2,"Laboratory Technician",2,"Single",5674,6927,7,"No",15,3,3,1,11,3,3,9,8,0,8
"307",32,"No","Travel Rarely",906,"Sales",7,3,"Life Sciences",4,"Male",91,2,2,"Sales Executive",3,"Married",5484,16985,1,"No",14,3,3,1,13,3,2,13,8,4,8
"308",38,"No","Travel Rarely",849,"R&D",25,2,"Life Sciences",1,"Female",81,2,3,"Research Director",2,"Married",12061,26707,3,"No",17,3,3,1,19,2,3,10,8,0,1
"309",58,"No","Non Travel",390,"R&D",1,4,"Life Sciences",4,"Male",32,1,2,"Healthcare Representative",3,"Divorced",5660,17056,2,"Yes",13,3,4,1,12,2,3,5,3,1,2
"310",31,"No","Travel Rarely",691,"R&D",5,4,"Technical",3,"Male",86,3,1,"Research Scientist",4,"Married",4821,10077,0,"Yes",12,3,3,1,6,4,3,5,2,0,3
"311",31,"No","Travel Rarely",106,"HR",2,3,"HR",1,"Male",62,2,2,"HR",1,"Married",6410,17822,3,"No",12,3,4,0,9,1,3,2,2,1,0
"312",45,"No","Travel Frequently",1249,"R&D",7,3,"Life Sciences",1,"Male",97,3,3,"Laboratory Technician",1,"Divorced",5210,20308,1,"No",18,3,1,1,24,2,3,24,9,9,11
"313",31,"No","Travel Rarely",192,"R&D",2,4,"Life Sciences",3,"Male",32,3,1,"Research Scientist",4,"Divorced",2695,7747,0,"Yes",18,3,2,1,3,2,1,2,2,2,2
"314",33,"No","Travel Frequently",553,"R&D",5,4,"Life Sciences",4,"Female",74,3,3,"Manager",2,"Married",11878,23364,6,"No",11,3,2,2,12,2,3,10,6,8,8
"315",40,"No","Travel Rarely",117,"R&D",10,1,"Medical Sciences",3,"Male",99,3,4,"Manager",1,"Married",17068,5355,1,"Yes",14,3,4,0,21,3,3,21,9,11,10
"316",43,"No","Travel Frequently",185,"R&D",10,4,"Life Sciences",3,"Female",33,3,1,"Laboratory Technician",4,"Single",2455,10675,0,"No",19,3,1,0,9,5,3,8,7,1,7
"317",49,"No","Travel Rarely",1091,"R&D",1,2,"Technical",3,"Female",90,2,4,"Healthcare Representative",3,"Single",13964,17810,7,"No",12,3,4,0,25,2,3,7,1,0,8
"318",52,"Yes","Travel Rarely",723,"R&D",8,4,"Medical Sciences",3,"Male",85,2,2,"Research Scientist",2,"Married",4941,17747,2,"No",15,3,1,0,11,3,2,8,2,7,7
"319",27,"No","Travel Rarely",1220,"R&D",5,3,"Life Sciences",3,"Female",85,3,1,"Research Scientist",2,"Single",2478,20938,1,"Yes",12,3,2,0,4,2,2,4,3,1,2
"320",32,"No","Travel Rarely",588,"Sales",8,2,"Technical",3,"Female",65,2,2,"Sales Executive",2,"Married",5228,24624,1,"Yes",11,3,4,0,13,2,3,13,12,11,9
"321",27,"No","Travel Rarely",1377,"Sales",2,3,"Life Sciences",4,"Male",74,3,2,"Sales Executive",3,"Single",4478,5242,1,"Yes",11,3,1,0,5,3,3,5,4,0,4
"322",31,"No","Travel Rarely",691,"Sales",7,3,"Marketing",4,"Male",73,3,2,"Sales Executive",4,"Divorced",7547,7143,4,"No",12,3,4,3,13,3,3,7,7,1,7
"323",32,"No","Travel Rarely",1018,"R&D",2,4,"Medical Sciences",1,"Female",74,4,2,"Research Scientist",4,"Single",5055,10557,7,"No",16,3,3,0,10,0,2,7,7,0,7
"324",28,"Yes","Travel Rarely",1157,"R&D",2,4,"Medical Sciences",1,"Male",84,1,1,"Research Scientist",4,"Married",3464,24737,5,"Yes",13,3,4,0,5,4,2,3,2,2,2
"325",30,"No","Travel Rarely",1275,"R&D",28,2,"Life Sciences",4,"Female",46,3,2,"Research Scientist",4,"Married",5775,11934,1,"No",13,3,4,2,11,2,3,10,8,1,9
"326",31,"No","Travel Frequently",798,"R&D",7,2,"Life Sciences",3,"Female",48,2,3,"Manufacturing Director",3,"Married",8943,14034,1,"No",24,4,1,1,10,2,3,10,9,8,9
"327",39,"No","Travel Frequently",672,"R&D",7,2,"Medical Sciences",3,"Male",54,2,5,"Manager",4,"Married",19272,21141,1,"No",15,3,1,1,21,2,3,21,9,13,3
"328",39,"Yes","Travel Rarely",1162,"Sales",3,2,"Medical Sciences",4,"Female",52,3,2,"Sales Executive",3,"Married",5238,17778,4,"Yes",18,3,1,0,12,3,2,1,0,0,0
"329",33,"No","Travel Frequently",508,"Sales",10,3,"Marketing",2,"Male",46,2,2,"Sales Executive",4,"Single",4682,4317,3,"No",14,3,3,0,9,6,2,7,7,0,1
"330",47,"No","Travel Rarely",1229,"R&D",5,5,"Life Sciences",4,"Male",42,3,5,"Research Director",3,"Married",18300,16375,4,"No",11,3,2,1,21,2,3,3,2,1,1
"331",43,"No","Travel Frequently",559,"R&D",10,4,"Life Sciences",3,"Female",82,2,2,"Laboratory Technician",3,"Divorced",5257,6227,1,"No",11,3,2,1,9,3,4,9,7,0,0
"332",27,"No","Non Travel",210,"Sales",1,1,"Marketing",3,"Male",73,3,2,"Sales Executive",2,"Married",6349,22107,0,"No",13,3,4,1,6,0,3,5,4,0,4
"333",28,"No","Travel Frequently",928,"R&D",20,4,"Life Sciences",4,"Female",31,3,2,"Research Scientist",3,"Single",4869,16885,3,"No",12,3,4,0,20,4,2,4,3,0,3
"334",43,"No","Travel Rarely",1001,"R&D",7,3,"Life Sciences",3,"Female",43,3,3,"Healthcare Representative",1,"Married",9985,9262,8,"No",16,3,1,1,10,1,2,1,0,0,0
"335",45,"No","Travel Rarely",549,"R&D",8,4,"Other",4,"Male",75,3,2,"Research Scientist",4,"Married",3697,9278,9,"No",14,3,1,2,12,3,3,10,9,9,8
"336",40,"No","Travel Rarely",1124,"Sales",1,2,"Medical Sciences",2,"Male",57,1,2,"Sales Executive",4,"Married",7457,13273,2,"Yes",22,4,3,3,6,2,2,4,3,0,2
"337",29,"Yes","Travel Rarely",318,"R&D",8,4,"Other",2,"Male",77,1,1,"Laboratory Technician",1,"Married",2119,4759,1,"Yes",11,3,4,0,7,4,2,7,7,0,7
"338",29,"No","Travel Rarely",738,"R&D",9,5,"Other",2,"Male",30,2,1,"Laboratory Technician",4,"Single",3983,7621,0,"No",17,3,3,0,4,2,3,3,2,2,2
"339",30,"No","Travel Rarely",570,"Sales",5,3,"Marketing",4,"Female",30,2,2,"Sales Executive",3,"Divorced",6118,5431,1,"No",13,3,3,3,10,2,3,10,1,1,2
"340",27,"No","Travel Rarely",1130,"Sales",8,4,"Marketing",2,"Female",56,3,2,"Sales Executive",2,"Married",6214,3415,1,"No",18,3,1,1,8,3,3,8,7,0,7
"341",37,"No","Travel Rarely",1192,"R&D",2,2,"Medical Sciences",4,"Male",61,3,2,"Manufacturing Director",4,"Divorced",6347,23177,7,"No",16,3,3,2,8,2,2,6,2,0,4
"342",38,"No","Travel Rarely",343,"R&D",15,2,"Life Sciences",3,"Male",92,2,3,"Research Director",4,"Divorced",11510,15682,0,"Yes",14,3,2,1,12,3,3,11,10,2,9
"343",31,"No","Travel Rarely",1232,"R&D",7,4,"Medical Sciences",3,"Female",39,3,3,"Manufacturing Director",4,"Single",7143,25713,1,"Yes",14,3,3,0,11,2,2,11,9,4,10
"344",29,"No","Travel Rarely",144,"Sales",10,1,"Marketing",4,"Female",39,2,2,"Sales Executive",2,"Married",8268,11866,1,"Yes",14,3,1,2,7,2,3,7,7,1,7
"345",35,"No","Travel Rarely",1296,"R&D",5,4,"Technical",3,"Male",62,3,3,"Manufacturing Director",2,"Single",8095,18264,0,"No",13,3,4,0,17,5,3,16,6,0,13
"346",23,"No","Travel Rarely",1309,"R&D",26,1,"Life Sciences",3,"Male",83,3,1,"Research Scientist",4,"Divorced",2904,16092,1,"No",12,3,3,2,4,2,2,4,2,0,2
"347",41,"No","Travel Rarely",483,"R&D",6,3,"Medical Sciences",4,"Female",95,2,2,"Manufacturing Director",4,"Single",6032,10110,6,"Yes",15,3,4,0,8,3,3,5,4,1,2
"348",47,"No","Travel Frequently",1309,"Sales",4,1,"Medical Sciences",2,"Male",99,3,2,"Sales Representative",3,"Single",2976,25751,3,"No",19,3,1,0,5,3,3,0,0,0,0
"349",42,"No","Travel Rarely",810,"R&D",23,5,"Life Sciences",1,"Female",44,3,4,"Research Director",4,"Single",15992,15901,2,"No",14,3,2,0,16,2,3,1,0,0,0
"350",29,"No","Non Travel",746,"Sales",2,3,"Life Sciences",4,"Male",61,3,2,"Sales Executive",3,"Married",4649,16928,1,"No",14,3,1,1,4,3,2,4,3,0,2
"351",42,"No","Travel Rarely",544,"HR",2,1,"Technical",3,"Male",52,3,1,"HR",3,"Divorced",2696,24017,0,"Yes",11,3,3,1,4,5,3,3,2,1,0
"352",32,"No","Travel Rarely",1062,"R&D",2,3,"Medical Sciences",3,"Female",75,3,1,"Laboratory Technician",2,"Married",2370,16102,1,"No",13,3,3,1,8,4,3,8,0,0,7
"353",48,"No","Travel Rarely",530,"Sales",29,1,"Medical Sciences",1,"Female",91,3,3,"Manager",3,"Married",12504,23978,3,"No",21,3,2,1,15,3,1,0,0,0,0
"354",37,"No","Travel Rarely",1319,"R&D",6,3,"Medical Sciences",3,"Male",51,4,2,"Research Scientist",1,"Divorced",5974,17001,4,"Yes",13,3,1,2,13,2,3,7,0,6,7
"355",30,"No","Travel Rarely",641,"Sales",25,2,"Technical",4,"Female",85,3,2,"Sales Executive",3,"Married",4736,6069,7,"Yes",12,3,2,1,4,2,4,2,2,2,2
"356",26,"No","Travel Rarely",933,"Sales",1,3,"Life Sciences",3,"Male",57,3,2,"Sales Executive",3,"Married",5296,20156,1,"No",17,3,2,1,8,3,3,8,7,7,7
"357",42,"No","Travel Rarely",1332,"R&D",2,4,"Other",1,"Male",98,2,2,"Healthcare Representative",4,"Single",6781,17078,3,"No",23,4,2,0,14,6,3,1,0,0,0
"358",21,"Yes","Travel Frequently",756,"Sales",1,1,"Technical",1,"Female",99,2,1,"Sales Representative",2,"Single",2174,9150,1,"Yes",11,3,3,0,3,3,3,3,2,1,2
"359",36,"No","Non Travel",845,"Sales",1,5,"Medical Sciences",4,"Female",45,3,2,"Sales Executive",4,"Single",6653,15276,4,"No",15,3,2,0,7,6,3,1,0,0,0
"360",36,"No","Travel Rarely",541,"Sales",3,4,"Medical Sciences",1,"Male",48,2,3,"Sales Executive",4,"Married",9699,7246,4,"No",11,3,1,1,16,2,3,13,9,1,12
"361",57,"No","Travel Rarely",593,"R&D",1,4,"Medical Sciences",4,"Male",52,3,2,"Healthcare Representative",3,"Married",6755,2967,2,"No",11,3,3,0,15,2,3,3,2,1,2
"362",40,"No","Travel Rarely",1171,"R&D",10,4,"Life Sciences",4,"Female",46,4,1,"Laboratory Technician",3,"Married",2213,22495,3,"Yes",13,3,3,1,10,3,3,7,7,1,7
"363",21,"No","Non Travel",895,"Sales",9,2,"Medical Sciences",1,"Male",39,3,1,"Sales Representative",4,"Single",2610,2851,1,"No",24,4,3,0,3,3,2,3,2,2,2
"364",33,"Yes","Travel Rarely",350,"Sales",5,3,"Marketing",4,"Female",34,3,1,"Sales Representative",3,"Single",2851,9150,1,"Yes",13,3,2,0,1,2,3,1,0,0,0
"365",37,"No","Travel Rarely",921,"R&D",10,3,"Technical",3,"Female",98,3,1,"Laboratory Technician",1,"Married",3452,17663,6,"No",20,4,2,1,17,3,3,5,4,0,3
"366",46,"No","Non Travel",1144,"R&D",7,4,"Medical Sciences",3,"Female",30,3,2,"Manufacturing Director",3,"Married",5258,16044,2,"No",14,3,3,0,7,2,4,1,0,0,0
"367",41,"Yes","Travel Frequently",143,"Sales",4,3,"Marketing",1,"Male",56,3,2,"Sales Executive",2,"Single",9355,9558,1,"No",18,3,3,0,8,5,3,8,7,7,7
"368",50,"No","Travel Rarely",1046,"R&D",10,3,"Technical",4,"Male",100,2,3,"Healthcare Representative",4,"Single",10496,2755,6,"No",15,3,4,0,20,2,3,4,3,1,3
"369",40,"Yes","Travel Rarely",575,"Sales",22,2,"Marketing",3,"Male",68,2,2,"Sales Executive",3,"Married",6380,6110,2,"Yes",12,3,1,2,8,6,3,6,4,1,0
"370",31,"No","Travel Rarely",408,"R&D",9,4,"Life Sciences",3,"Male",42,2,1,"Research Scientist",2,"Single",2657,7551,0,"Yes",16,3,4,0,3,5,3,2,2,2,2
"371",21,"Yes","Travel Rarely",156,"Sales",12,3,"Life Sciences",3,"Female",90,4,1,"Sales Representative",2,"Single",2716,25422,1,"No",15,3,4,0,1,0,3,1,0,0,0
"372",29,"No","Travel Rarely",1283,"R&D",23,3,"Life Sciences",4,"Male",54,3,1,"Research Scientist",4,"Single",2201,18168,9,"No",16,3,4,0,6,4,3,3,2,1,2
"373",35,"No","Travel Rarely",755,"R&D",9,4,"Life Sciences",3,"Male",97,2,2,"Healthcare Representative",2,"Single",6540,19394,9,"No",19,3,3,0,10,5,3,1,1,0,0
"374",27,"No","Travel Rarely",1469,"R&D",1,2,"Medical Sciences",2,"Male",82,3,1,"Laboratory Technician",3,"Divorced",3816,17881,1,"No",11,3,2,1,5,2,1,5,2,0,4
"375",28,"No","Travel Rarely",304,"Sales",9,4,"Life Sciences",2,"Male",92,3,2,"Sales Executive",4,"Single",5253,20750,1,"No",16,3,4,0,7,1,3,7,5,0,7
"376",49,"No","Travel Rarely",1261,"R&D",7,3,"Life Sciences",2,"Male",31,2,3,"Healthcare Representative",3,"Single",10965,12066,8,"No",24,4,3,0,26,2,3,5,2,0,0
"377",51,"No","Travel Rarely",1178,"Sales",14,2,"Life Sciences",3,"Female",87,3,2,"Sales Executive",4,"Married",4936,14862,4,"No",11,3,3,1,18,2,2,7,7,0,7
"378",36,"No","Travel Rarely",329,"R&D",2,3,"Life Sciences",4,"Female",96,3,1,"Research Scientist",3,"Married",2543,11868,4,"No",13,3,2,1,6,3,3,2,2,2,2
"380",55,"No","Travel Rarely",1311,"R&D",2,5,"Life Sciences",3,"Female",97,3,4,"Manager",4,"Single",16659,23258,2,"Yes",13,3,3,0,30,2,3,5,4,1,2
"381",24,"No","Travel Rarely",1371,"Sales",10,4,"Marketing",4,"Male",77,3,2,"Sales Executive",3,"Divorced",4260,5915,1,"Yes",12,3,4,1,5,2,4,5,2,0,3
"382",30,"No","Travel Rarely",202,"Sales",2,1,"Technical",3,"Male",72,3,1,"Sales Representative",2,"Married",2476,17434,1,"No",18,3,1,1,1,3,3,1,0,0,0
"383",26,"Yes","Travel Frequently",575,"R&D",3,1,"Technical",3,"Male",73,3,1,"Research Scientist",1,"Single",3102,6582,0,"No",22,4,3,0,7,4,3,6,4,0,4
"384",22,"No","Travel Rarely",253,"R&D",11,3,"Medical Sciences",1,"Female",43,3,1,"Research Scientist",2,"Married",2244,24440,1,"No",13,3,4,1,2,1,3,2,1,1,2
"385",36,"No","Travel Rarely",164,"Sales",2,2,"Medical Sciences",2,"Male",61,3,2,"Sales Executive",3,"Married",7596,3809,1,"No",13,3,2,2,10,2,3,10,9,9,0
"386",30,"Yes","Travel Frequently",464,"R&D",4,3,"Technical",3,"Male",65,3,1,"Research Scientist",4,"Single",2285,3427,9,"Yes",23,4,3,0,3,4,3,1,0,0,0
"387",37,"No","Travel Rarely",1107,"R&D",14,3,"Life Sciences",4,"Female",95,3,1,"Laboratory Technician",1,"Divorced",6142,26914,1,"No",12,3,3,1,18,2,2,18,7,12,17
"389",42,"No","Travel Rarely",201,"R&D",1,4,"Life Sciences",2,"Female",95,3,1,"Laboratory Technician",1,"Divorced",2576,20490,3,"No",16,3,2,1,8,5,3,5,2,1,2
"390",37,"No","Travel Rarely",1305,"R&D",10,4,"Life Sciences",3,"Male",49,3,2,"Manufacturing Director",2,"Single",4197,21123,2,"Yes",12,3,4,0,18,2,2,1,0,0,1
"391",43,"No","Travel Rarely",982,"R&D",12,3,"Life Sciences",1,"Male",59,2,4,"Research Director",2,"Divorced",14336,4345,1,"No",11,3,3,1,25,3,3,25,10,3,9
"392",40,"No","Travel Rarely",555,"R&D",2,3,"Medical Sciences",2,"Female",78,2,2,"Laboratory Technician",3,"Married",3448,13436,6,"No",22,4,2,1,20,3,3,1,0,0,0
"393",54,"No","Travel Rarely",821,"R&D",5,2,"Medical Sciences",1,"Male",86,1,5,"Research Director",1,"Married",19406,8509,4,"No",11,3,3,1,24,4,2,4,2,1,2
"394",34,"No","Non Travel",1381,"Sales",4,4,"Marketing",3,"Female",72,3,2,"Sales Executive",3,"Married",6538,12740,9,"No",15,3,1,1,6,3,3,3,2,1,2
"395",31,"No","Travel Rarely",480,"R&D",7,2,"Medical Sciences",2,"Female",31,3,2,"Manufacturing Director",1,"Married",4306,12482,1,"No",12,3,2,1,13,5,1,13,10,0,12
"396",43,"No","Travel Frequently",313,"R&D",21,3,"Medical Sciences",4,"Male",61,3,1,"Laboratory Technician",4,"Married",2258,15238,7,"No",14,4,1,1,8,1,3,3,2,1,2
"397",43,"No","Travel Rarely",1473,"R&D",8,4,"Other",3,"Female",74,3,2,"Healthcare Representative",3,"Divorced",4522,2227,4,"Yes",14,3,4,0,8,3,3,5,2,0,2
"398",25,"No","Travel Rarely",891,"Sales",4,2,"Life Sciences",2,"Female",99,2,2,"Sales Executive",4,"Single",4487,12090,1,"No",11,3,3,0,5,3,3,5,4,1,3
"399",37,"No","Non Travel",1063,"R&D",25,5,"Medical Sciences",2,"Female",72,3,2,"Research Scientist",3,"Married",4449,23866,3,"Yes",15,3,1,2,15,2,3,13,11,10,7
"400",31,"No","Travel Rarely",950,"R&D",1,2,"Life Sciences",4,"Male",98,2,1,"Laboratory Technician",1,"Married",2218,16193,1,"No",12,3,3,1,4,3,3,4,2,3,2
"401",39,"No","Travel Frequently",1218,"R&D",1,1,"Life Sciences",2,"Male",52,3,5,"Manager",3,"Divorced",19197,8213,1,"Yes",14,3,3,1,21,3,3,21,8,1,6
"402",56,"No","Travel Frequently",906,"Sales",6,3,"Life Sciences",3,"Female",86,2,4,"Sales Executive",1,"Married",13212,11535,9,"No",11,3,4,3,36,0,2,7,7,7,7
"403",30,"No","Travel Rarely",1082,"Sales",12,3,"Technical",2,"Female",83,3,2,"Sales Executive",3,"Single",6577,19558,0,"No",11,3,2,0,6,6,3,5,4,4,4
"404",41,"No","Travel Rarely",645,"Sales",1,3,"Marketing",2,"Male",49,4,3,"Sales Executive",1,"Married",8392,19566,1,"No",16,3,3,1,8,2,3,10,7,0,7
"405",28,"No","Travel Rarely",1300,"R&D",17,2,"Medical Sciences",3,"Male",79,3,2,"Laboratory Technician",2,"Divorced",4558,13535,1,"No",12,3,4,1,10,2,3,10,0,1,8
"406",25,"Yes","Travel Rarely",688,"R&D",3,3,"Medical Sciences",1,"Male",91,3,1,"Laboratory Technician",1,"Married",4031,9396,5,"No",13,3,3,1,6,5,3,2,2,0,2
"407",52,"No","Travel Rarely",319,"R&D",3,3,"Medical Sciences",4,"Male",39,2,3,"Manufacturing Director",3,"Married",7969,19609,2,"Yes",14,3,3,0,28,4,3,5,4,1,4
"408",45,"No","Travel Rarely",192,"R&D",10,2,"Life Sciences",1,"Male",69,3,1,"Research Scientist",4,"Married",2654,9655,3,"No",21,4,4,2,8,3,2,2,2,0,2
"409",52,"No","Travel Rarely",1490,"R&D",4,2,"Life Sciences",4,"Female",30,3,4,"Manager",4,"Married",16555,10310,2,"No",13,3,4,0,31,3,1,5,2,1,4
"410",42,"No","Travel Frequently",532,"R&D",29,2,"Life Sciences",1,"Female",92,3,2,"Research Scientist",3,"Divorced",4556,12932,2,"No",11,3,2,1,19,3,3,5,4,0,2
"411",30,"No","Travel Rarely",317,"R&D",2,3,"Life Sciences",3,"Female",43,3,2,"Manufacturing Director",4,"Single",6091,24793,2,"No",20,4,3,0,11,2,3,5,4,0,2
"412",60,"No","Travel Rarely",422,"R&D",7,3,"Life Sciences",1,"Female",41,3,5,"Manager",1,"Married",19566,3854,5,"No",11,3,4,0,33,5,1,29,8,11,10
"413",46,"No","Travel Rarely",1485,"R&D",18,3,"Medical Sciences",3,"Female",87,3,2,"Manufacturing Director",3,"Divorced",4810,26314,2,"No",14,3,3,1,19,5,2,10,7,0,8
"414",42,"No","Travel Frequently",1368,"R&D",28,4,"Technical",4,"Female",88,2,2,"Healthcare Representative",4,"Married",4523,4386,0,"No",11,3,4,3,7,4,4,6,5,0,4
"415",24,"Yes","Travel Rarely",1448,"Sales",1,1,"Technical",1,"Female",62,3,1,"Sales Representative",2,"Single",3202,21972,1,"Yes",16,3,2,0,6,4,3,5,3,1,4
"416",34,"Yes","Travel Frequently",296,"Sales",6,2,"Marketing",4,"Female",33,1,1,"Sales Representative",3,"Divorced",2351,12253,0,"No",16,3,4,1,3,3,2,2,2,1,0
"417",38,"No","Travel Frequently",1490,"R&D",2,2,"Life Sciences",4,"Male",42,3,1,"Laboratory Technician",4,"Married",1702,12106,1,"Yes",23,4,3,1,1,3,3,1,0,0,0
"418",40,"No","Travel Rarely",1398,"Sales",2,4,"Life Sciences",3,"Female",79,3,5,"Manager",3,"Married",18041,13022,0,"No",14,3,4,0,21,2,3,20,15,1,12
"419",26,"No","Travel Rarely",1349,"R&D",23,3,"Life Sciences",1,"Female",90,3,1,"Research Scientist",4,"Divorced",2886,3032,1,"No",22,4,2,2,3,3,1,3,2,0,2
"420",30,"No","Non Travel",1400,"R&D",3,3,"Life Sciences",3,"Male",53,2,1,"Laboratory Technician",4,"Married",2097,16734,4,"No",15,3,3,1,9,3,1,5,3,1,4
"421",29,"No","Travel Rarely",986,"R&D",3,4,"Medical Sciences",2,"Male",93,2,3,"Research Director",3,"Married",11935,21526,1,"No",18,3,3,0,10,2,3,10,2,0,7
"422",29,"Yes","Travel Rarely",408,"R&D",25,5,"Technical",3,"Female",71,2,1,"Research Scientist",2,"Married",2546,18300,5,"No",16,3,2,0,6,2,4,2,2,1,1
"423",19,"Yes","Travel Rarely",489,"HR",2,2,"Technical",1,"Male",52,2,1,"HR",4,"Single",2564,18437,1,"No",12,3,3,0,1,3,4,1,0,0,0
"424",30,"No","Non Travel",1398,"Sales",22,4,"Other",3,"Female",69,3,3,"Sales Executive",1,"Married",8412,2890,0,"No",11,3,3,0,10,3,3,9,8,7,8
"425",57,"No","Travel Rarely",210,"Sales",29,2,"Marketing",3,"Male",56,2,4,"Manager",3,"Divorced",14118,22102,3,"No",12,3,3,1,32,3,2,1,0,0,0
"426",50,"No","Travel Rarely",1099,"R&D",1,4,"Life Sciences",2,"Male",88,3,4,"Manager",3,"Married",17046,9314,0,"No",15,3,2,1,28,2,3,27,10,15,7
"427",30,"No","Non Travel",1116,"R&D",2,3,"Medical Sciences",3,"Female",49,3,1,"Laboratory Technician",4,"Single",2564,7181,0,"No",14,3,4,0,12,3,2,11,7,6,7
"428",60,"No","Travel Frequently",1499,"Sales",28,3,"Marketing",3,"Female",80,2,3,"Sales Executive",1,"Married",10266,2845,4,"No",19,3,4,0,22,5,4,18,13,13,11
"429",47,"No","Travel Rarely",983,"R&D",2,2,"Medical Sciences",1,"Female",65,3,2,"Manufacturing Director",4,"Divorced",5070,7389,5,"No",13,3,3,3,20,2,3,5,0,0,4
"430",46,"No","Travel Rarely",1009,"R&D",2,5,"Life Sciences",1,"Male",51,3,4,"Research Director",3,"Married",17861,2288,6,"No",13,3,3,0,26,2,1,3,2,0,1
"431",35,"No","Travel Rarely",144,"R&D",22,3,"Life Sciences",4,"Male",46,1,1,"Laboratory Technician",3,"Single",4230,19225,0,"No",15,3,3,0,6,2,3,5,4,4,3
"432",54,"No","Travel Rarely",548,"R&D",8,4,"Life Sciences",3,"Female",42,3,2,"Laboratory Technician",3,"Single",3780,23428,7,"No",11,3,3,0,19,3,3,1,0,0,0
"433",34,"No","Travel Rarely",1303,"R&D",2,4,"Life Sciences",4,"Male",62,2,1,"Research Scientist",3,"Divorced",2768,8416,1,"No",12,3,3,1,14,3,3,7,3,5,7
"434",46,"No","Travel Rarely",1125,"Sales",10,3,"Marketing",3,"Female",94,2,3,"Sales Executive",4,"Married",9071,11563,2,"Yes",19,3,3,1,15,3,3,3,2,1,2
"435",31,"No","Travel Rarely",1274,"R&D",9,1,"Life Sciences",3,"Male",33,3,3,"Manufacturing Director",2,"Divorced",10648,14394,1,"No",25,4,4,1,13,6,4,13,8,0,8
"436",33,"Yes","Travel Rarely",1277,"R&D",15,1,"Medical Sciences",2,"Male",56,3,3,"Manager",3,"Married",13610,24619,7,"Yes",12,3,4,0,15,2,4,7,6,7,7
"437",33,"Yes","Travel Rarely",587,"R&D",10,1,"Medical Sciences",1,"Male",38,1,1,"Laboratory Technician",4,"Divorced",3408,6705,7,"No",13,3,3,3,8,2,3,4,3,1,3
"438",30,"No","Travel Rarely",413,"Sales",7,1,"Marketing",4,"Male",57,3,1,"Sales Representative",2,"Single",2983,19555,0,"No",14,3,1,0,4,3,3,3,2,1,2
"439",35,"No","Travel Rarely",1276,"R&D",16,3,"Life Sciences",4,"Male",72,3,3,"Healthcare Representative",3,"Married",7632,14295,4,"Yes",12,3,3,0,10,2,3,8,7,0,0
"440",31,"Yes","Travel Frequently",534,"R&D",20,3,"Life Sciences",1,"Male",66,3,3,"Healthcare Representative",3,"Married",9824,22908,3,"No",12,3,1,0,12,2,3,1,0,0,0
"441",34,"Yes","Travel Frequently",988,"HR",23,3,"HR",2,"Female",43,3,3,"HR",1,"Divorced",9950,11533,9,"Yes",15,3,3,3,11,2,3,3,2,0,2
"442",42,"No","Travel Frequently",1474,"R&D",3,2,"Other",2,"Male",97,3,1,"Laboratory Technician",3,"Married",2093,9260,4,"No",17,3,4,1,8,4,3,2,2,2,0
"443",36,"No","Non Travel",635,"Sales",10,4,"Medical Sciences",2,"Male",32,3,3,"Sales Executive",4,"Single",9980,12278,1,"No",14,3,4,0,10,3,2,10,3,9,7
"444",22,"Yes","Travel Frequently",1368,"R&D",4,1,"Technical",3,"Male",99,2,1,"Laboratory Technician",3,"Single",3894,9129,5,"No",16,3,3,0,4,3,3,2,2,1,2
"445",48,"No","Travel Rarely",163,"Sales",2,5,"Marketing",2,"Female",37,3,2,"Sales Executive",4,"Married",4051,19658,2,"No",14,3,1,1,14,2,3,9,7,6,7
"446",55,"No","Travel Rarely",1117,"Sales",18,5,"Life Sciences",1,"Female",83,3,4,"Manager",2,"Single",16835,9873,3,"No",23,4,4,0,37,2,3,10,9,7,7
"447",28,"No","Non Travel",267,"Sales",10,2,"Life Sciences",4,"Male",56,3,2,"Sales Executive",4,"Single",6230,13430,1,"No",14,3,4,0,16,3,3,14,3,1,10
"448",35,"No","Travel Rarely",619,"Sales",1,3,"Marketing",2,"Male",85,3,2,"Sales Executive",3,"Divorced",4717,18659,9,"No",11,3,3,0,15,2,3,11,9,1,9
"449",40,"No","Travel Rarely",302,"R&D",6,3,"Life Sciences",2,"Female",75,3,4,"Manufacturing Director",3,"Single",13237,20364,7,"No",15,3,3,0,22,3,3,20,6,5,13
"450",39,"No","Travel Frequently",443,"R&D",8,1,"Life Sciences",3,"Female",48,3,1,"Laboratory Technician",3,"Married",3755,17872,1,"No",11,3,1,1,8,3,3,8,3,0,7
"451",31,"No","Travel Rarely",828,"Sales",2,1,"Life Sciences",2,"Male",77,3,2,"Sales Executive",4,"Single",6582,8346,4,"Yes",13,3,3,0,10,2,4,6,0,0,5
"452",42,"No","Travel Rarely",319,"R&D",24,3,"Medical Sciences",4,"Male",56,3,3,"Manufacturing Director",1,"Married",7406,6950,1,"Yes",21,4,4,1,10,5,2,10,9,5,8
"453",45,"No","Travel Rarely",561,"Sales",2,3,"Other",4,"Male",61,3,2,"Sales Executive",2,"Married",4805,16177,0,"No",19,3,2,1,9,3,4,8,7,3,7
"454",26,"Yes","Travel Frequently",426,"HR",17,4,"Life Sciences",1,"Female",58,3,1,"HR",3,"Divorced",2741,22808,0,"Yes",11,3,2,1,8,2,2,7,7,1,0
"455",29,"No","Travel Rarely",232,"R&D",19,3,"Technical",4,"Male",34,3,2,"Manufacturing Director",4,"Divorced",4262,22645,4,"No",12,3,2,2,8,2,4,7,2,1,2
"456",33,"No","Travel Rarely",922,"R&D",1,5,"Medical Sciences",1,"Female",95,4,4,"Research Director",3,"Divorced",16184,22578,4,"No",19,3,3,1,10,2,3,6,1,0,5
"457",51,"No","Travel Rarely",688,"Sales",7,3,"Life Sciences",3,"Male",44,2,3,"Manager",4,"Divorced",11557,25291,9,"No",21,4,3,1,10,3,2,5,4,0,1
"458",18,"Yes","Travel Frequently",1306,"Sales",4,3,"Marketing",2,"Male",69,3,1,"Sales Representative",2,"Single",1878,8059,1,"Yes",14,3,4,0,1,3,3,0,0,0,0
"459",40,"No","Non Travel",1094,"Sales",28,3,"Other",3,"Male",58,1,3,"Sales Executive",1,"Divorced",10932,11373,3,"No",15,3,3,1,20,2,3,1,0,0,1
"460",41,"No","Non Travel",509,"R&D",2,4,"Other",1,"Female",62,2,2,"Healthcare Representative",3,"Single",6811,2112,2,"Yes",17,3,1,0,10,3,3,8,7,0,7
"461",26,"No","Travel Rarely",775,"Sales",12,2,"Medical Sciences",1,"Male",45,3,2,"Sales Executive",3,"Divorced",4306,4267,5,"No",12,3,1,2,8,5,3,0,0,0,0
"462",35,"No","Travel Rarely",195,"Sales",1,3,"Medical Sciences",1,"Female",80,3,2,"Sales Executive",3,"Single",4859,6698,1,"No",16,3,4,0,5,3,3,5,4,0,3
"463",34,"No","Travel Rarely",258,"Sales",21,4,"Life Sciences",4,"Male",74,4,2,"Sales Executive",4,"Single",5337,19921,1,"No",12,3,4,0,10,3,3,10,7,5,7
"464",26,"Yes","Travel Rarely",471,"R&D",24,3,"Technical",3,"Male",66,1,1,"Laboratory Technician",4,"Single",2340,23213,1,"Yes",18,3,2,0,1,3,1,1,0,0,0
"465",37,"No","Travel Rarely",799,"R&D",1,3,"Technical",2,"Female",59,3,3,"Manufacturing Director",4,"Single",7491,23848,4,"No",17,3,4,0,12,3,4,6,5,1,2
"466",46,"No","Travel Frequently",1034,"R&D",18,1,"Medical Sciences",1,"Female",86,3,3,"Healthcare Representative",3,"Married",10527,8984,5,"No",11,3,4,0,28,3,2,2,2,1,2
"467",41,"No","Travel Rarely",1276,"Sales",2,5,"Life Sciences",2,"Female",91,3,4,"Manager",1,"Married",16595,5626,7,"No",16,3,2,1,22,2,3,18,16,11,7
"468",37,"No","Non Travel",142,"Sales",9,3,"Medical Sciences",1,"Male",69,3,3,"Sales Executive",2,"Divorced",8834,24666,1,"No",13,3,4,1,9,6,3,9,5,7,7
"469",52,"No","Travel Rarely",956,"R&D",6,2,"Technical",4,"Male",78,3,2,"Research Scientist",1,"Divorced",5577,22087,3,"Yes",12,3,2,2,18,3,2,10,9,6,9
"470",32,"Yes","Non Travel",1474,"Sales",11,4,"Other",4,"Male",60,4,2,"Sales Executive",3,"Married",4707,23914,8,"No",12,3,4,0,6,2,3,4,2,1,2
"471",24,"No","Travel Frequently",535,"Sales",24,3,"Medical Sciences",4,"Male",38,3,1,"Sales Representative",4,"Married",2400,5530,0,"No",13,3,3,2,3,3,3,2,2,2,1
"472",38,"No","Travel Rarely",1495,"R&D",10,3,"Medical Sciences",3,"Female",76,3,2,"Healthcare Representative",3,"Married",9824,22174,3,"No",19,3,3,1,18,4,3,1,0,0,0
"473",37,"No","Travel Rarely",446,"R&D",1,4,"Life Sciences",2,"Female",65,3,2,"Manufacturing Director",2,"Married",6447,15701,6,"No",12,3,2,1,8,2,2,6,5,4,3
"474",49,"No","Travel Rarely",1245,"R&D",18,4,"Life Sciences",4,"Male",58,2,5,"Manager",3,"Divorced",19502,2125,1,"Yes",17,3,3,1,31,5,3,31,9,0,9
"475",24,"No","Travel Rarely",691,"R&D",23,3,"Medical Sciences",2,"Male",89,4,1,"Research Scientist",4,"Married",2725,21630,5,"Yes",11,3,2,2,6,3,3,6,5,1,4
"476",26,"No","Travel Rarely",703,"Sales",28,2,"Marketing",1,"Male",66,3,2,"Sales Executive",2,"Married",6272,7428,1,"No",20,4,4,2,6,5,4,5,3,1,4
"477",24,"No","Travel Rarely",823,"R&D",17,2,"Other",4,"Male",94,2,1,"Laboratory Technician",2,"Married",2127,9100,1,"No",21,4,4,1,1,2,3,1,0,0,0
"478",50,"No","Travel Frequently",261,"HR",3,3,"Medical Sciences",1,"Male",99,3,5,"Manager",2,"Married",18200,7999,1,"No",11,3,3,1,32,2,3,32,5,10,7
"479",25,"No","Travel Rarely",622,"Sales",13,1,"Medical Sciences",2,"Male",40,3,1,"Sales Representative",3,"Married",2096,26376,1,"No",11,3,3,0,7,1,3,7,4,0,6
"480",24,"Yes","Travel Frequently",1287,"R&D",7,2,"Life Sciences",1,"Female",55,3,1,"Laboratory Technician",3,"Married",2886,14168,1,"Yes",16,3,4,1,6,4,3,6,3,1,2
"481",30,"Yes","Travel Frequently",448,"Sales",12,4,"Life Sciences",2,"Male",74,2,1,"Sales Representative",1,"Divorced",2033,14470,1,"No",18,3,3,1,1,2,4,1,0,0,0
"482",34,"No","Travel Rarely",254,"R&D",1,2,"Life Sciences",2,"Male",83,2,1,"Research Scientist",4,"Married",3622,22794,1,"Yes",13,3,4,1,6,3,3,6,5,1,3
"483",31,"Yes","Travel Rarely",1365,"Sales",13,4,"Medical Sciences",2,"Male",46,3,2,"Sales Executive",1,"Divorced",4233,11512,2,"No",17,3,3,0,9,2,1,3,1,1,2
"484",35,"No","Travel Rarely",538,"R&D",25,2,"Other",1,"Male",54,1,2,"Laboratory Technician",4,"Single",3681,14004,4,"No",14,3,4,0,9,3,3,3,2,0,2
"485",31,"No","Travel Rarely",525,"Sales",6,4,"Medical Sciences",1,"Male",66,4,2,"Sales Executive",4,"Divorced",5460,6219,4,"No",22,4,4,2,13,4,4,7,7,5,7
"486",27,"No","Travel Rarely",798,"R&D",6,4,"Medical Sciences",1,"Female",66,2,1,"Research Scientist",3,"Divorced",2187,5013,0,"No",12,3,3,2,6,5,2,5,3,1,3
"487",37,"No","Travel Rarely",558,"Sales",2,3,"Medical Sciences",4,"Male",75,3,2,"Sales Executive",3,"Married",9602,3010,4,"Yes",11,3,3,1,17,3,2,3,0,1,0
"488",20,"No","Travel Rarely",959,"R&D",1,3,"Life Sciences",4,"Female",83,2,1,"Research Scientist",2,"Single",2836,11757,1,"No",13,3,4,0,1,0,4,1,0,0,0
"489",42,"No","Travel Rarely",694,"R&D",2,4,"Life Sciences",3,"Female",81,3,2,"Healthcare Representative",4,"Married",4089,5718,1,"No",13,3,2,2,10,4,3,10,2,2,2
"490",43,"No","Travel Rarely",782,"R&D",6,4,"Other",2,"Male",50,2,4,"Research Director",4,"Divorced",16627,8509,4,"Yes",14,3,3,1,21,3,2,1,0,0,0
"491",38,"No","Travel Rarely",362,"R&D",1,1,"Life Sciences",3,"Female",43,3,1,"Research Scientist",1,"Single",2619,14561,3,"No",17,3,4,0,8,3,2,0,0,0,0
"492",43,"No","Travel Frequently",1001,"R&D",9,5,"Medical Sciences",4,"Male",72,3,2,"Laboratory Technician",3,"Divorced",5679,19627,3,"Yes",13,3,2,1,10,3,3,8,7,4,7
"493",48,"No","Travel Rarely",1217,"R&D",1,4,"Life Sciences",4,"Female",40,2,4,"Manager",1,"Married",15402,17997,7,"No",11,3,1,1,21,3,1,3,2,0,2
"494",44,"No","Travel Rarely",601,"HR",1,4,"Life Sciences",1,"Female",50,2,2,"HR",3,"Single",5985,26894,4,"Yes",11,3,2,0,10,1,4,2,2,0,2
"495",34,"No","Travel Rarely",204,"Sales",14,3,"Technical",3,"Female",31,3,1,"Sales Representative",3,"Divorced",2579,2912,1,"Yes",18,3,4,2,8,3,3,8,2,0,6
"496",27,"Yes","Travel Rarely",1420,"Sales",2,1,"Marketing",3,"Male",85,3,1,"Sales Representative",1,"Divorced",3041,16346,0,"No",12,3,2,1,5,3,3,4,3,0,2
"497",21,"No","Travel Rarely",1343,"Sales",22,1,"Technical",3,"Male",49,3,1,"Sales Representative",3,"Single",3447,24444,1,"No",11,3,3,0,3,2,3,3,2,1,2
"498",44,"No","Travel Rarely",1315,"R&D",3,4,"Other",4,"Male",35,3,5,"Manager",4,"Married",19513,9358,4,"Yes",12,3,1,1,26,2,4,2,2,0,1
"499",22,"No","Travel Rarely",604,"R&D",6,3,"Medical Sciences",1,"Male",69,3,1,"Research Scientist",3,"Married",2773,12145,0,"No",20,4,4,0,3,3,3,2,2,2,2
"500",33,"No","Travel Rarely",1216,"Sales",8,4,"Marketing",3,"Male",39,3,2,"Sales Executive",3,"Divorced",7104,20431,0,"No",12,3,4,1,6,3,3,5,0,1,2
"501",32,"No","Travel Rarely",646,"R&D",9,4,"Life Sciences",1,"Female",92,3,2,"Research Scientist",4,"Married",6322,18089,1,"Yes",12,3,4,1,6,2,2,6,4,0,5
"502",30,"No","Travel Frequently",160,"R&D",3,3,"Medical Sciences",3,"Female",71,3,1,"Research Scientist",3,"Divorced",2083,22653,1,"No",20,4,3,1,1,2,3,1,0,0,0
"503",53,"No","Travel Rarely",238,"Sales",1,1,"Medical Sciences",3,"Female",34,3,2,"Sales Executive",1,"Single",8381,7507,7,"No",20,4,4,0,18,2,4,14,7,8,10
"504",34,"No","Travel Rarely",1397,"R&D",1,5,"Life Sciences",2,"Male",42,3,1,"Research Scientist",4,"Married",2691,7660,1,"No",12,3,4,1,10,4,2,10,9,8,8
"505",45,"Yes","Travel Frequently",306,"Sales",26,4,"Life Sciences",4,"Female",100,3,2,"Sales Executive",1,"Married",4286,19788,2,"No",14,3,4,2,5,4,3,1,1,0,0
"506",26,"No","Travel Rarely",991,"R&D",6,3,"Life Sciences",3,"Female",71,3,1,"Laboratory Technician",4,"Married",3730,17759,1,"Yes",13,3,3,1,3,3,3,3,2,0,2
"507",37,"No","Travel Rarely",482,"R&D",3,3,"Other",3,"Male",36,3,3,"Manufacturing Director",3,"Married",9434,9606,1,"No",15,3,3,1,10,2,3,9,7,7,8
"508",29,"No","Travel Rarely",1176,"Sales",3,2,"Medical Sciences",2,"Female",62,3,2,"Sales Executive",3,"Married",6142,3487,1,"No",14,3,1,1,6,5,2,6,0,1,2
"509",35,"No","Travel Rarely",1017,"R&D",6,4,"Life Sciences",2,"Male",82,1,2,"Research Scientist",4,"Single",6646,19368,1,"No",13,3,2,0,17,3,3,17,11,11,8
"510",33,"No","Travel Frequently",1296,"R&D",6,3,"Life Sciences",3,"Male",30,3,2,"Healthcare Representative",4,"Divorced",7725,5335,3,"No",23,4,3,1,15,2,1,13,11,4,7
"511",54,"No","Travel Rarely",397,"HR",19,4,"Medical Sciences",3,"Male",88,3,3,"HR",2,"Married",10725,6729,2,"No",15,3,3,1,16,1,4,9,7,7,1
"512",36,"No","Travel Rarely",913,"R&D",9,2,"Medical Sciences",2,"Male",48,2,2,"Manufacturing Director",2,"Divorced",8847,13934,2,"Yes",11,3,3,1,13,2,3,3,2,0,2
"513",27,"No","Travel Rarely",1115,"R&D",3,4,"Medical Sciences",1,"Male",54,2,1,"Research Scientist",4,"Single",2045,15174,0,"No",13,3,4,0,5,0,3,4,2,1,1
"514",20,"Yes","Travel Rarely",1362,"R&D",10,1,"Medical Sciences",4,"Male",32,3,1,"Research Scientist",3,"Single",1009,26999,1,"Yes",11,3,4,0,1,5,3,1,0,1,1
"515",33,"Yes","Travel Rarely",1076,"R&D",3,3,"Life Sciences",1,"Male",70,3,1,"Research Scientist",1,"Single",3348,17674,1,"Yes",11,3,1,0,10,3,3,10,8,9,7
"516",35,"No","Non Travel",727,"R&D",3,3,"Life Sciences",3,"Male",41,2,1,"Laboratory Technician",3,"Married",1281,16900,1,"No",18,3,3,2,1,3,3,1,0,0,0
"517",23,"No","Travel Rarely",885,"R&D",4,3,"Medical Sciences",1,"Male",58,4,1,"Research Scientist",1,"Married",2819,8544,2,"No",16,3,1,1,5,3,4,3,2,0,2
"518",25,"No","Travel Rarely",810,"Sales",8,3,"Life Sciences",4,"Male",57,4,2,"Sales Executive",2,"Married",4851,15678,0,"No",22,4,3,1,4,4,3,3,2,1,2
"519",38,"No","Travel Rarely",243,"Sales",7,4,"Marketing",4,"Female",46,2,2,"Sales Executive",4,"Single",4028,7791,0,"No",20,4,1,0,8,2,3,7,7,0,5
"520",29,"No","Travel Frequently",806,"R&D",1,4,"Life Sciences",2,"Male",76,1,1,"Research Scientist",4,"Divorced",2720,18959,1,"No",18,3,4,1,10,5,3,10,7,2,8
"521",48,"No","Travel Rarely",817,"Sales",2,1,"Marketing",2,"Male",56,4,2,"Sales Executive",2,"Married",8120,18597,3,"No",12,3,4,0,12,3,3,2,2,2,2
"522",27,"No","Travel Frequently",1410,"Sales",3,1,"Medical Sciences",4,"Female",71,4,2,"Sales Executive",4,"Divorced",4647,16673,1,"Yes",20,4,2,2,6,3,3,16,5,0,4
"523",37,"No","Travel Rarely",1225,"R&D",10,2,"Life Sciences",4,"Male",80,4,1,"Research Scientist",4,"Single",4680,15232,3,"No",17,3,1,0,4,2,3,1,0,0,0
"524",50,"No","Travel Rarely",1207,"R&D",28,1,"Medical Sciences",4,"Female",74,4,1,"Laboratory Technician",3,"Married",3221,3297,1,"Yes",11,3,3,3,20,3,3,20,8,3,8
"525",34,"No","Travel Rarely",1442,"R&D",9,3,"Medical Sciences",4,"Female",46,2,3,"Healthcare Representative",2,"Single",8621,17654,1,"No",14,3,2,0,9,3,4,8,7,7,7
"526",24,"Yes","Travel Rarely",693,"Sales",3,2,"Life Sciences",1,"Female",65,3,2,"Sales Executive",3,"Single",4577,24785,9,"No",14,3,1,0,4,3,3,2,2,2,0
"527",39,"No","Travel Rarely",408,"R&D",2,4,"Technical",4,"Female",80,2,2,"Healthcare Representative",3,"Single",4553,20978,1,"No",11,3,1,0,20,4,3,20,7,11,10
"528",32,"No","Travel Rarely",929,"Sales",10,3,"Marketing",4,"Male",55,3,2,"Sales Executive",4,"Single",5396,21703,1,"No",12,3,4,0,10,2,2,10,7,0,8
"529",50,"Yes","Travel Frequently",562,"Sales",8,2,"Technical",2,"Male",50,3,2,"Sales Executive",3,"Married",6796,23452,3,"Yes",14,3,1,1,18,4,3,4,2,1,3
"530",38,"No","Travel Rarely",827,"R&D",1,4,"Life Sciences",2,"Female",33,4,2,"Healthcare Representative",4,"Single",7625,19383,0,"No",13,3,3,0,10,4,2,9,7,1,8
"532",32,"No","Travel Rarely",1018,"R&D",3,2,"Life Sciences",3,"Female",39,3,3,"Research Director",4,"Single",11159,19373,3,"No",15,3,4,0,10,6,3,7,7,7,7
"533",47,"No","Travel Rarely",703,"Sales",14,4,"Marketing",4,"Male",42,3,2,"Sales Executive",1,"Single",4960,11825,2,"No",12,3,4,0,20,2,3,7,7,1,9
"534",40,"No","Travel Frequently",580,"Sales",5,4,"Life Sciences",4,"Male",48,2,3,"Sales Executive",1,"Married",10475,23772,5,"Yes",21,4,3,1,20,2,3,18,13,1,12
"535",53,"No","Travel Rarely",970,"R&D",7,3,"Life Sciences",3,"Male",59,4,4,"Research Director",3,"Married",14814,13514,3,"No",19,3,3,0,32,3,3,5,1,1,3
"536",41,"No","Travel Rarely",427,"HR",10,4,"HR",2,"Male",73,2,5,"Manager",4,"Divorced",19141,8861,3,"No",15,3,2,3,23,2,2,21,6,12,6
"537",32,"No","Travel Rarely",1179,"Sales",16,4,"Marketing",1,"Male",84,3,2,"Sales Executive",1,"Single",5405,11924,8,"No",14,3,4,0,10,1,3,2,2,2,2
"538",27,"No","Travel Frequently",294,"R&D",10,2,"Life Sciences",4,"Male",32,3,3,"Manufacturing Director",1,"Divorced",8793,4809,1,"No",21,4,3,2,9,4,2,9,7,1,7
"539",41,"No","Travel Rarely",314,"HR",1,3,"HR",4,"Male",59,2,5,"Manager",3,"Married",19189,19562,1,"No",12,3,2,1,22,3,3,22,7,2,10
"540",50,"No","Travel Rarely",316,"Sales",8,4,"Marketing",4,"Male",54,3,1,"Sales Representative",2,"Married",3875,9983,7,"No",15,3,4,1,4,2,3,2,2,2,2
"541",28,"Yes","Travel Rarely",654,"R&D",1,2,"Life Sciences",1,"Female",67,1,1,"Research Scientist",2,"Single",2216,3872,7,"Yes",13,3,4,0,10,4,3,7,7,3,7
"542",36,"No","Non Travel",427,"R&D",8,3,"Life Sciences",3,"Female",63,4,3,"Research Director",1,"Married",11713,20335,9,"No",14,3,1,1,10,2,3,8,7,0,5
"543",38,"No","Travel Rarely",168,"R&D",1,3,"Life Sciences",3,"Female",81,3,3,"Manufacturing Director",3,"Single",7861,15397,4,"Yes",14,3,2,0,10,4,4,1,0,0,0
"544",44,"No","Non Travel",381,"R&D",24,3,"Medical Sciences",1,"Male",49,1,1,"Laboratory Technician",3,"Single",3708,2104,2,"No",14,3,3,0,9,5,3,5,2,1,4
"545",47,"No","Travel Frequently",217,"Sales",3,3,"Medical Sciences",4,"Female",49,3,4,"Sales Executive",3,"Divorced",13770,10225,9,"Yes",12,3,4,2,28,2,2,22,2,11,13
"546",30,"No","Travel Rarely",501,"Sales",27,5,"Marketing",3,"Male",99,3,2,"Sales Executive",4,"Divorced",5304,25275,7,"No",23,4,4,1,10,2,2,8,7,7,7
"547",29,"No","Travel Rarely",1396,"Sales",10,3,"Life Sciences",3,"Male",99,3,1,"Sales Representative",3,"Single",2642,2755,1,"No",11,3,3,0,1,6,3,1,0,0,0
"548",42,"Yes","Travel Frequently",933,"R&D",19,3,"Medical Sciences",3,"Male",57,4,1,"Laboratory Technician",3,"Divorced",2759,20366,6,"Yes",12,3,4,0,7,2,3,2,2,2,2
"549",43,"No","Travel Frequently",775,"Sales",15,3,"Life Sciences",4,"Male",47,2,2,"Sales Executive",4,"Married",6804,23683,3,"No",18,3,3,1,7,5,3,2,2,2,2
"550",34,"No","Travel Rarely",970,"R&D",8,2,"Medical Sciences",2,"Female",96,3,2,"Healthcare Representative",3,"Single",6142,7360,3,"No",11,3,4,0,10,2,3,5,1,4,3
"551",23,"No","Travel Rarely",650,"R&D",9,1,"Medical Sciences",2,"Male",37,3,1,"Laboratory Technician",1,"Married",2500,4344,1,"No",14,3,4,1,5,2,4,4,3,0,2
"552",39,"No","Travel Rarely",141,"HR",3,3,"HR",3,"Female",44,4,2,"HR",2,"Married",6389,18767,9,"No",15,3,3,1,12,3,1,8,7,3,6
"553",56,"No","Travel Rarely",832,"R&D",9,3,"Medical Sciences",3,"Male",81,3,4,"Healthcare Representative",4,"Married",11103,20420,7,"No",11,3,3,0,30,1,2,10,7,1,1
"554",40,"No","Travel Rarely",804,"R&D",2,1,"Medical Sciences",4,"Female",86,2,1,"Research Scientist",4,"Single",2342,22929,0,"Yes",20,4,4,0,5,2,2,4,2,2,4
"555",27,"No","Travel Rarely",975,"R&D",3,3,"Medical Sciences",4,"Female",55,2,2,"Healthcare Representative",1,"Single",6811,23398,8,"No",19,3,1,0,9,2,1,7,6,0,7
"556",29,"No","Travel Rarely",1090,"Sales",10,3,"Marketing",4,"Male",83,3,1,"Sales Representative",2,"Divorced",2297,17967,1,"No",14,3,4,2,2,2,3,2,4,2,2
"557",53,"No","Travel Rarely",346,"R&D",6,3,"Life Sciences",4,"Male",86,3,2,"Laboratory Technician",4,"Single",2450,10919,2,"No",17,3,4,0,19,4,3,2,2,2,2
"558",35,"No","Non Travel",1225,"R&D",2,4,"Life Sciences",4,"Female",61,3,2,"Healthcare Representative",1,"Divorced",5093,4761,2,"No",11,3,1,1,16,2,4,1,0,0,0
"559",32,"No","Travel Frequently",430,"R&D",24,4,"Life Sciences",1,"Male",80,3,2,"Laboratory Technician",4,"Married",5309,21146,1,"No",15,3,4,2,10,2,3,10,8,4,7
"560",38,"No","Travel Rarely",268,"R&D",2,5,"Medical Sciences",4,"Male",92,3,1,"Research Scientist",3,"Married",3057,20471,6,"Yes",13,3,2,1,6,0,1,1,0,0,1
"561",34,"No","Travel Rarely",167,"R&D",8,5,"Life Sciences",2,"Female",32,3,2,"Manufacturing Director",1,"Divorced",5121,4187,3,"No",14,3,3,1,7,3,3,0,0,0,0
"562",52,"No","Travel Rarely",621,"Sales",3,4,"Marketing",3,"Male",31,2,4,"Manager",1,"Married",16856,10084,1,"No",11,3,1,0,34,3,4,34,6,1,16
"563",33,"Yes","Travel Rarely",527,"R&D",1,4,"Other",4,"Male",63,3,1,"Research Scientist",4,"Single",2686,5207,1,"Yes",13,3,3,0,10,2,2,10,9,7,8
"564",25,"No","Travel Rarely",883,"Sales",26,1,"Medical Sciences",3,"Female",32,3,2,"Sales Executive",4,"Single",6180,22807,1,"No",23,4,2,0,6,5,2,6,5,1,4
"565",45,"No","Travel Rarely",954,"Sales",2,2,"Technical",2,"Male",46,1,2,"Sales Representative",3,"Single",6632,12388,0,"No",13,3,1,0,9,3,3,8,7,3,1
"566",23,"No","Travel Rarely",310,"R&D",10,1,"Medical Sciences",1,"Male",79,4,1,"Research Scientist",3,"Single",3505,19630,1,"No",18,3,4,0,2,3,3,2,2,0,2
"567",47,"Yes","Travel Frequently",719,"Sales",27,2,"Life Sciences",2,"Male",77,4,2,"Sales Executive",3,"Single",6397,10339,4,"Yes",12,3,4,0,8,2,3,2,4,1,3
"568",34,"No","Travel Rarely",304,"Sales",2,3,"Other",4,"Male",60,3,2,"Sales Executive",4,"Single",6274,18686,1,"No",22,4,3,0,6,5,3,6,5,1,4
"569",55,"Yes","Travel Rarely",725,"R&D",2,3,"Medical Sciences",4,"Male",78,3,5,"Manager",1,"Divorced",19859,21199,5,"Yes",13,3,4,1,24,2,3,5,2,1,4
"570",36,"No","Non Travel",1434,"Sales",8,4,"Life Sciences",1,"Male",76,2,3,"Sales Executive",1,"Single",7587,14229,1,"No",15,3,2,0,10,1,3,10,7,0,9
"572",26,"No","Travel Frequently",575,"R&D",1,2,"Life Sciences",1,"Female",71,1,1,"Laboratory Technician",4,"Divorced",4364,5288,3,"No",14,3,1,1,8,2,3,2,2,2,0
"573",29,"No","Travel Rarely",657,"R&D",4,3,"Medical Sciences",2,"Female",66,3,2,"Healthcare Representative",3,"Married",4335,25549,4,"No",12,3,1,1,11,3,2,8,7,1,1
"574",26,"Yes","Travel Rarely",1146,"Sales",8,3,"Technical",4,"Male",38,2,2,"Sales Executive",1,"Single",5326,3064,6,"Yes",17,3,3,0,6,2,2,4,3,1,2
"575",34,"No","Travel Rarely",182,"R&D",1,4,"Life Sciences",2,"Female",72,4,1,"Research Scientist",4,"Single",3280,13551,2,"No",16,3,3,0,10,2,3,4,2,1,3
"576",54,"No","Travel Rarely",376,"R&D",19,4,"Medical Sciences",4,"Female",95,3,2,"Manufacturing Director",1,"Divorced",5485,22670,9,"Yes",11,3,2,2,9,4,3,5,3,1,4
"577",27,"No","Travel Frequently",829,"Sales",8,1,"Marketing",4,"Male",84,3,2,"Sales Executive",4,"Married",4342,24008,0,"No",19,3,2,1,5,3,3,4,2,1,1
"578",37,"No","Travel Rarely",571,"R&D",10,1,"Life Sciences",4,"Female",82,3,1,"Laboratory Technician",1,"Divorced",2782,19905,0,"Yes",13,3,2,2,6,3,2,5,3,4,3
"579",35,"No","Travel Frequently",240,"R&D",2,4,"Life Sciences",1,"Female",75,4,2,"Manufacturing Director",1,"Single",5980,26085,6,"Yes",12,3,4,0,17,2,3,15,7,4,12
"580",34,"No","Travel Rarely",121,"R&D",2,4,"Medical Sciences",3,"Female",86,2,1,"Research Scientist",1,"Single",4381,7530,1,"No",11,3,3,0,6,3,3,6,5,1,3
"581",35,"No","Travel Rarely",384,"Sales",8,4,"Life Sciences",1,"Female",72,3,1,"Sales Representative",4,"Married",2572,20317,1,"No",16,3,2,1,3,1,2,3,2,0,2
"582",30,"No","Travel Rarely",921,"R&D",1,3,"Life Sciences",4,"Male",38,1,1,"Laboratory Technician",3,"Married",3833,24375,3,"No",21,4,3,2,7,2,3,2,2,0,2
"583",40,"No","Travel Frequently",791,"R&D",2,2,"Medical Sciences",3,"Female",38,4,2,"Healthcare Representative",2,"Married",4244,9931,1,"No",24,4,4,1,8,2,3,8,7,3,7
"584",34,"No","Travel Rarely",1111,"Sales",8,2,"Life Sciences",3,"Female",93,3,2,"Sales Executive",1,"Married",6500,13305,5,"No",17,3,2,1,6,1,3,3,2,1,2
"585",42,"No","Travel Frequently",570,"R&D",8,3,"Life Sciences",2,"Male",66,3,5,"Manager",4,"Divorced",18430,16225,1,"No",13,3,2,1,24,4,2,21,7,14,9
"586",23,"Yes","Travel Rarely",1243,"R&D",6,3,"Life Sciences",3,"Male",63,4,1,"Laboratory Technician",1,"Married",1601,3445,1,"Yes",21,4,3,3,1,2,3,0,0,0,0
"587",24,"No","Non Travel",1092,"R&D",9,3,"Life Sciences",3,"Male",60,2,1,"Laboratory Technician",2,"Divorced",2694,26551,1,"No",11,3,3,3,1,4,3,1,0,0,0
"588",52,"No","Travel Rarely",1325,"R&D",11,4,"Life Sciences",4,"Female",82,3,2,"Laboratory Technician",3,"Married",3149,21821,8,"No",20,4,2,1,9,3,3,5,2,1,4
"589",50,"No","Travel Rarely",691,"R&D",2,3,"Medical Sciences",3,"Male",64,3,4,"Research Director",3,"Married",17639,6881,5,"No",16,3,4,0,30,3,3,4,3,0,3
"590",29,"Yes","Travel Rarely",805,"R&D",1,2,"Life Sciences",2,"Female",36,2,1,"Laboratory Technician",1,"Married",2319,6689,1,"Yes",11,3,4,1,1,1,3,1,0,0,0
"591",33,"No","Travel Rarely",213,"R&D",7,3,"Medical Sciences",3,"Male",49,3,3,"Research Director",3,"Married",11691,25995,0,"No",11,3,4,0,14,3,4,13,9,3,7
"592",33,"Yes","Travel Rarely",118,"Sales",16,3,"Marketing",1,"Female",69,3,2,"Sales Executive",1,"Single",5324,26507,5,"No",15,3,3,0,6,3,3,3,2,0,2
"593",47,"No","Travel Rarely",202,"R&D",2,2,"Other",3,"Female",33,3,4,"Manager",4,"Married",16752,12982,1,"Yes",11,3,3,1,26,3,2,26,14,3,0
"594",36,"No","Travel Rarely",676,"R&D",1,3,"Other",3,"Female",35,3,2,"Manufacturing Director",2,"Married",5228,23361,0,"No",15,3,1,1,10,2,3,9,7,0,5
"595",29,"No","Travel Rarely",1252,"R&D",23,2,"Medical Sciences",3,"Male",81,4,1,"Research Scientist",3,"Married",2700,26176,1,"No",24,4,3,1,10,3,3,10,7,0,8
"596",58,"Yes","Travel Rarely",286,"R&D",2,4,"Life Sciences",4,"Male",31,3,5,"Research Director",2,"Single",19246,25761,7,"Yes",12,3,4,0,40,2,3,31,15,13,8
"597",35,"No","Travel Rarely",1258,"R&D",1,4,"Life Sciences",4,"Female",40,4,1,"Research Scientist",3,"Single",2506,13301,3,"No",13,3,3,0,7,0,3,2,2,2,2
"598",42,"No","Travel Rarely",932,"R&D",1,2,"Life Sciences",4,"Female",84,2,2,"Manufacturing Director",4,"Married",6062,4051,9,"Yes",13,3,4,1,8,4,3,4,3,0,2
"600",39,"No","Travel Rarely",1041,"HR",13,3,"HR",3,"Male",36,3,1,"HR",2,"Married",2143,25527,4,"No",13,3,2,1,8,2,3,5,2,0,4
"602",40,"No","Travel Frequently",720,"R&D",16,4,"Medical Sciences",1,"Male",51,2,2,"Laboratory Technician",3,"Single",5094,11983,6,"No",14,3,4,0,10,6,3,1,0,0,0
"603",30,"No","Travel Rarely",946,"R&D",2,3,"Medical Sciences",3,"Female",52,2,2,"Manufacturing Director",4,"Single",6877,20234,5,"Yes",24,4,2,0,12,4,2,0,0,0,0
"604",45,"No","Travel Rarely",252,"R&D",2,3,"Life Sciences",2,"Female",95,2,1,"Research Scientist",3,"Single",2274,6153,1,"No",14,3,4,0,1,3,4,1,0,0,0
"605",42,"No","Travel Rarely",933,"R&D",29,3,"Life Sciences",2,"Male",98,3,2,"Manufacturing Director",2,"Married",4434,11806,1,"No",13,3,4,1,10,3,2,9,8,7,8
"606",38,"No","Travel Frequently",471,"R&D",12,3,"Life Sciences",1,"Male",45,2,2,"Healthcare Representative",1,"Divorced",6288,4284,2,"No",15,3,3,1,13,3,2,4,3,1,2
"607",34,"No","Travel Frequently",702,"R&D",16,4,"Life Sciences",3,"Female",100,2,1,"Research Scientist",4,"Single",2553,8306,1,"No",16,3,3,0,6,3,3,5,2,1,3
"608",49,"Yes","Travel Rarely",1184,"Sales",11,3,"Marketing",3,"Female",43,3,3,"Sales Executive",4,"Married",7654,5860,1,"No",18,3,1,2,9,3,4,9,8,7,7
"609",55,"Yes","Travel Rarely",436,"Sales",2,1,"Medical Sciences",3,"Male",37,3,2,"Sales Executive",4,"Single",5160,18787,4,"No",16,3,3,0,12,3,2,9,7,7,3
"610",43,"No","Travel Rarely",589,"R&D",14,2,"Life Sciences",2,"Male",94,3,4,"Research Director",1,"Married",17159,5200,6,"No",24,4,3,1,22,3,3,4,1,1,0
"611",27,"No","Travel Rarely",269,"R&D",5,1,"Technical",3,"Female",42,2,3,"Research Director",4,"Divorced",12808,8842,1,"Yes",16,3,2,1,9,3,3,9,8,0,8
"612",35,"No","Travel Rarely",950,"R&D",7,3,"Other",3,"Male",59,3,3,"Manufacturing Director",2,"Single",10221,18869,3,"No",21,4,2,0,17,3,3,8,5,1,6
"613",28,"No","Travel Rarely",760,"Sales",2,4,"Marketing",2,"Female",81,3,2,"Sales Executive",2,"Married",4779,3698,1,"Yes",20,4,1,0,8,2,3,8,7,7,5
"615",26,"Yes","Travel Frequently",887,"R&D",5,2,"Medical Sciences",3,"Female",88,2,1,"Research Scientist",3,"Married",2366,20898,1,"Yes",14,3,1,1,8,2,3,8,7,1,7
"616",27,"No","Non Travel",443,"R&D",3,3,"Medical Sciences",4,"Male",50,3,1,"Research Scientist",4,"Married",1706,16571,1,"No",11,3,3,3,0,6,2,0,0,0,0
"617",51,"No","Travel Rarely",1318,"Sales",26,4,"Marketing",1,"Female",66,3,4,"Manager",3,"Married",16307,5594,2,"No",14,3,3,1,29,2,2,7,6,4,17
"618",44,"No","Travel Rarely",625,"R&D",4,3,"Medical Sciences",4,"Male",50,3,2,"Healthcare Representative",2,"Single",5933,5197,9,"No",12,3,4,0,10,2,2,5,2,2,3
"619",25,"No","Travel Rarely",180,"R&D",2,1,"Medical Sciences",4,"Male",65,4,1,"Research Scientist",1,"Single",3424,21632,7,"No",13,3,3,0,6,3,2,1,3,0,1
"620",33,"No","Travel Rarely",586,"Sales",1,3,"Medical Sciences",1,"Male",48,4,2,"Sales Executive",1,"Divorced",4037,21816,1,"No",22,4,1,1,9,5,3,9,8,0,8
"621",35,"No","Travel Rarely",1343,"R&D",27,1,"Medical Sciences",3,"Female",53,2,1,"Research Scientist",1,"Single",2559,17852,1,"No",11,3,4,0,6,3,2,6,5,1,1
"622",36,"No","Travel Rarely",928,"Sales",1,2,"Life Sciences",2,"Male",56,3,2,"Sales Executive",4,"Married",6201,2823,1,"Yes",14,3,4,1,18,1,2,18,14,4,11
"623",32,"No","Travel Rarely",117,"Sales",13,4,"Life Sciences",2,"Male",73,3,2,"Sales Executive",4,"Divorced",4403,9250,2,"No",11,3,3,1,8,3,2,5,2,0,3
"624",30,"No","Travel Frequently",1012,"R&D",5,4,"Life Sciences",2,"Male",75,2,1,"Research Scientist",4,"Divorced",3761,2373,9,"No",12,3,2,1,10,3,2,5,4,0,3
"625",53,"No","Travel Rarely",661,"Sales",7,2,"Marketing",1,"Female",78,2,3,"Sales Executive",4,"Married",10934,20715,0,"Yes",18,3,4,1,35,3,3,5,2,0,4
"626",45,"No","Travel Rarely",930,"Sales",9,3,"Marketing",4,"Male",74,3,3,"Sales Executive",1,"Divorced",10761,17235,4,"Yes",12,3,3,1,18,2,3,4,4,0,2
"627",32,"No","Travel Rarely",638,"R&D",8,2,"Medical Sciences",3,"Female",91,4,2,"Research Scientist",3,"Married",5175,22162,5,"No",12,3,3,1,9,3,2,5,3,1,3
"628",52,"No","Travel Frequently",890,"R&D",25,4,"Medical Sciences",3,"Female",81,2,4,"Manufacturing Director",4,"Married",13826,26707,3,"No",22,4,3,0,31,3,3,9,8,0,0
"629",37,"No","Travel Rarely",342,"Sales",16,4,"Marketing",4,"Male",66,2,2,"Sales Executive",3,"Divorced",6334,24558,4,"No",19,3,4,2,9,2,3,1,0,0,0
"630",28,"No","Travel Rarely",1169,"HR",8,2,"Medical Sciences",2,"Male",63,2,1,"HR",4,"Divorced",4936,23965,1,"No",13,3,4,1,6,6,3,5,1,0,4
"631",22,"No","Travel Rarely",1230,"R&D",1,2,"Life Sciences",4,"Male",33,2,2,"Manufacturing Director",4,"Married",4775,19146,6,"No",22,4,1,2,4,2,1,2,2,2,2
"632",44,"No","Travel Rarely",986,"R&D",8,4,"Life Sciences",1,"Male",62,4,1,"Laboratory Technician",4,"Married",2818,5044,2,"Yes",24,4,3,1,10,2,2,3,2,0,2
"633",42,"No","Travel Frequently",1271,"R&D",2,1,"Medical Sciences",2,"Male",35,3,1,"Research Scientist",4,"Single",2515,9068,5,"Yes",14,3,4,0,8,2,3,2,1,2,2
"634",41,"No","Travel Rarely",1278,"HR",8,3,"Life Sciences",1,"Male",77,2,1,"HR",1,"Married",2342,8635,0,"No",21,4,3,0,6,3,3,5,4,0,3
"635",25,"No","Travel Rarely",141,"Sales",3,1,"Other",3,"Male",98,3,2,"Sales Executive",1,"Married",4194,14363,0,"Yes",18,3,4,0,5,3,3,5,3,0,3
"636",35,"No","Travel Rarely",607,"R&D",9,3,"Life Sciences",4,"Female",66,2,3,"Manufacturing Director",3,"Married",10685,23457,1,"Yes",20,4,2,1,17,2,3,17,14,5,15
"637",35,"Yes","Travel Frequently",130,"R&D",25,4,"Life Sciences",4,"Female",96,3,1,"Research Scientist",2,"Divorced",2022,16612,1,"Yes",19,3,1,1,10,3,2,10,2,7,8
"638",32,"No","Non Travel",300,"R&D",1,3,"Life Sciences",4,"Male",61,3,1,"Laboratory Technician",4,"Divorced",2314,9148,0,"No",12,3,2,1,4,2,3,3,0,0,2
"639",25,"No","Travel Rarely",583,"Sales",4,1,"Marketing",3,"Male",87,2,2,"Sales Executive",1,"Married",4256,18154,1,"No",12,3,1,0,5,1,4,5,2,0,3
"640",49,"No","Travel Rarely",1418,"R&D",1,3,"Technical",3,"Female",36,3,1,"Research Scientist",1,"Married",3580,23384,2,"No",16,3,2,1,7,2,3,4,2,0,2
"641",24,"No","Non Travel",1269,"R&D",4,1,"Life Sciences",1,"Male",46,2,1,"Laboratory Technician",4,"Married",3162,10778,0,"No",17,3,4,0,6,2,2,5,2,3,4
"642",32,"No","Travel Frequently",379,"Sales",5,2,"Life Sciences",2,"Male",48,3,2,"Sales Executive",2,"Married",6524,8891,1,"No",14,3,4,1,10,3,3,10,8,5,3
"643",38,"No","Travel Rarely",395,"Sales",9,3,"Marketing",2,"Male",98,2,1,"Sales Representative",2,"Married",2899,12102,0,"No",15,3,4,1,3,3,3,2,2,1,2
"644",42,"No","Travel Rarely",1265,"R&D",3,3,"Life Sciences",3,"Female",95,4,2,"Laboratory Technician",4,"Married",5231,23726,2,"Yes",13,3,2,1,17,1,2,5,3,1,3
"645",31,"No","Travel Rarely",1222,"R&D",11,4,"Life Sciences",4,"Male",48,3,1,"Research Scientist",4,"Married",2356,14871,3,"Yes",19,3,2,1,8,2,3,6,4,0,2
"646",29,"Yes","Travel Rarely",341,"Sales",2,3,"Medical Sciences",2,"Female",48,2,1,"Sales Representative",3,"Divorced",2800,23522,6,"Yes",19,3,3,3,5,3,3,3,2,0,2
"647",53,"No","Travel Rarely",868,"Sales",8,3,"Marketing",1,"Male",73,3,4,"Sales Executive",4,"Married",11836,22789,5,"No",14,3,3,1,28,3,3,2,0,2,2
"648",35,"No","Travel Rarely",672,"R&D",25,3,"Technical",4,"Male",78,2,3,"Manufacturing Director",2,"Married",10903,9129,3,"No",16,3,1,0,16,2,3,13,10,4,8
"649",37,"No","Travel Frequently",1231,"Sales",21,2,"Medical Sciences",3,"Female",54,3,1,"Sales Representative",4,"Married",2973,21222,5,"No",15,3,2,1,10,3,3,5,4,0,0
"650",53,"No","Travel Rarely",102,"R&D",23,4,"Life Sciences",4,"Female",72,3,4,"Research Director",4,"Single",14275,20206,6,"No",18,3,3,0,33,0,3,12,9,3,8
"651",43,"No","Travel Frequently",422,"R&D",1,3,"Life Sciences",4,"Female",33,3,2,"Healthcare Representative",4,"Married",5562,21782,4,"No",13,3,2,1,33,2,2,5,2,2,2
"652",47,"No","Travel Rarely",249,"Sales",2,2,"Marketing",3,"Female",35,3,2,"Sales Executive",4,"Married",4537,17783,0,"Yes",22,4,1,1,8,2,3,7,6,7,7
"653",37,"No","Non Travel",1252,"Sales",19,2,"Medical Sciences",1,"Male",32,3,3,"Sales Executive",2,"Single",7642,4814,1,"Yes",13,3,4,0,10,2,3,10,0,0,9
"654",50,"No","Non Travel",881,"R&D",2,4,"Life Sciences",1,"Male",98,3,4,"Manager",1,"Divorced",17924,4544,1,"No",15,3,4,1,31,3,3,31,6,14,7
"655",39,"No","Travel Rarely",1383,"HR",2,3,"Life Sciences",4,"Female",42,2,2,"HR",4,"Married",5204,7790,8,"No",11,3,3,2,13,2,3,5,4,0,4
"656",33,"No","Travel Rarely",1075,"HR",3,2,"HR",4,"Male",57,3,1,"HR",2,"Divorced",2277,22650,3,"Yes",11,3,3,1,7,4,4,4,3,0,3
"657",32,"Yes","Travel Rarely",374,"R&D",25,4,"Life Sciences",1,"Male",87,3,1,"Laboratory Technician",4,"Single",2795,18016,1,"Yes",24,4,3,0,1,2,1,1,0,0,1
"658",29,"No","Travel Rarely",1086,"R&D",7,1,"Medical Sciences",1,"Female",62,2,1,"Laboratory Technician",4,"Divorced",2532,6054,6,"No",19,3,3,3,8,5,3,4,3,0,3
"659",44,"No","Travel Rarely",661,"R&D",9,2,"Life Sciences",2,"Male",61,3,1,"Research Scientist",1,"Married",2559,7508,1,"Yes",13,3,4,0,8,0,3,8,7,7,1
"660",28,"No","Travel Rarely",821,"Sales",5,4,"Medical Sciences",1,"Male",98,3,2,"Sales Executive",4,"Single",4908,24252,1,"No",14,3,2,0,4,3,3,4,2,0,2
"661",58,"Yes","Travel Frequently",781,"R&D",2,1,"Life Sciences",4,"Male",57,2,1,"Laboratory Technician",4,"Divorced",2380,13384,9,"Yes",14,3,4,1,3,3,2,1,0,0,0
"662",43,"No","Travel Rarely",177,"R&D",8,3,"Life Sciences",1,"Female",55,3,2,"Manufacturing Director",2,"Divorced",4765,23814,4,"No",21,4,3,1,4,2,4,1,0,0,0
"663",20,"Yes","Travel Rarely",500,"Sales",2,3,"Medical Sciences",3,"Female",49,2,1,"Sales Representative",3,"Single",2610,22052,1,"Yes",13,3,4,0,2,3,2,2,2,0,2
"664",21,"Yes","Travel Rarely",1427,"R&D",18,1,"Other",4,"Female",65,3,1,"Research Scientist",4,"Single",2693,8870,1,"No",19,3,1,0,1,3,2,1,0,0,0
"665",36,"No","Travel Rarely",1425,"R&D",14,1,"Life Sciences",3,"Male",68,3,2,"Healthcare Representative",4,"Married",6586,4821,0,"Yes",17,3,1,1,17,2,2,16,8,4,11
"666",47,"No","Travel Rarely",1454,"Sales",2,4,"Life Sciences",4,"Female",65,2,1,"Sales Representative",4,"Single",3294,13137,1,"Yes",18,3,1,0,3,3,2,3,2,1,2
"667",22,"Yes","Travel Rarely",617,"R&D",3,1,"Life Sciences",2,"Female",34,3,2,"Manufacturing Director",3,"Married",4171,10022,0,"Yes",19,3,1,1,4,3,4,3,2,0,2
"668",41,"Yes","Travel Rarely",1085,"R&D",2,4,"Life Sciences",2,"Female",57,1,1,"Laboratory Technician",4,"Divorced",2778,17725,4,"Yes",13,3,3,1,10,1,2,7,7,1,0
"669",28,"No","Travel Rarely",995,"R&D",9,3,"Medical Sciences",3,"Female",77,3,1,"Research Scientist",3,"Divorced",2377,9834,5,"No",18,3,2,1,6,2,3,2,2,2,2
"670",39,"Yes","Travel Rarely",1122,"R&D",6,3,"Medical Sciences",4,"Male",70,3,1,"Laboratory Technician",1,"Married",2404,4303,7,"Yes",21,4,4,0,8,2,1,2,2,2,2
"671",27,"No","Travel Rarely",618,"R&D",4,3,"Life Sciences",2,"Female",76,3,1,"Research Scientist",3,"Single",2318,17808,1,"No",19,3,3,0,1,2,3,1,1,0,0
"672",34,"No","Travel Rarely",546,"R&D",10,3,"Life Sciences",2,"Male",83,3,1,"Laboratory Technician",2,"Divorced",2008,6896,1,"No",14,3,2,2,1,3,3,1,0,1,0
"673",42,"No","Travel Rarely",462,"Sales",14,2,"Medical Sciences",3,"Female",68,2,2,"Sales Executive",3,"Single",6244,7824,7,"No",17,3,1,0,10,6,3,5,4,0,3
"674",33,"No","Travel Rarely",1198,"R&D",1,4,"Other",3,"Male",100,2,1,"Research Scientist",1,"Single",2799,3339,3,"Yes",11,3,2,0,6,1,3,3,2,0,2
"675",58,"No","Travel Rarely",1272,"R&D",5,3,"Technical",3,"Female",37,2,3,"Healthcare Representative",2,"Divorced",10552,9255,2,"Yes",13,3,4,1,24,3,3,6,0,0,4
"676",31,"No","Travel Rarely",154,"Sales",7,4,"Life Sciences",2,"Male",41,2,1,"Sales Representative",3,"Married",2329,11737,3,"No",15,3,2,0,13,2,4,7,3,5,2
"677",35,"No","Travel Rarely",1137,"R&D",21,1,"Life Sciences",4,"Female",51,3,2,"Healthcare Representative",4,"Married",4014,19170,1,"Yes",25,4,4,1,10,2,1,10,6,0,7
"678",49,"No","Travel Rarely",527,"R&D",8,2,"Other",1,"Female",51,3,3,"Laboratory Technician",2,"Married",7403,22477,4,"No",11,3,3,1,29,3,2,26,9,1,7
"679",48,"No","Travel Rarely",1469,"R&D",20,4,"Medical Sciences",4,"Male",51,3,1,"Research Scientist",3,"Married",2259,5543,4,"No",17,3,1,2,13,2,2,0,0,0,0
"680",31,"No","Non Travel",1188,"Sales",20,2,"Marketing",4,"Female",45,3,2,"Sales Executive",3,"Married",6932,24406,1,"No",13,3,4,1,9,2,2,9,8,0,0
"681",36,"No","Travel Rarely",188,"R&D",7,4,"Other",2,"Male",65,3,1,"Research Scientist",4,"Single",4678,23293,2,"No",18,3,3,0,8,6,3,6,2,0,1
"682",38,"No","Travel Rarely",1333,"R&D",1,3,"Technical",4,"Female",80,3,3,"Research Director",1,"Married",13582,16292,1,"No",13,3,2,1,15,3,3,15,12,5,11
"683",32,"No","Non Travel",1184,"R&D",1,3,"Life Sciences",3,"Female",70,2,1,"Laboratory Technician",2,"Married",2332,3974,6,"No",20,4,3,0,5,3,3,3,0,0,2
"684",25,"Yes","Travel Rarely",867,"Sales",19,2,"Marketing",3,"Male",36,2,1,"Sales Representative",2,"Married",2413,18798,1,"Yes",18,3,3,3,1,2,3,1,0,0,0
"685",40,"No","Travel Rarely",658,"Sales",10,4,"Marketing",1,"Male",67,2,3,"Sales Executive",2,"Divorced",9705,20652,2,"No",12,3,2,1,11,2,2,1,0,0,0
"686",26,"No","Travel Frequently",1283,"Sales",1,3,"Medical Sciences",3,"Male",52,2,2,"Sales Executive",1,"Single",4294,11148,1,"No",12,3,2,0,7,2,3,7,7,0,7
"687",41,"No","Travel Frequently",263,"R&D",6,3,"Medical Sciences",4,"Male",59,3,1,"Laboratory Technician",1,"Single",4721,3119,2,"Yes",13,3,3,0,20,3,3,18,13,2,17
"689",19,"Yes","Travel Rarely",419,"Sales",21,3,"Other",4,"Male",37,2,1,"Sales Representative",2,"Single",2121,9947,1,"Yes",13,3,2,0,1,3,4,1,0,0,0
"690",20,"Yes","Travel Rarely",129,"R&D",4,3,"Technical",1,"Male",84,3,1,"Laboratory Technician",1,"Single",2973,13008,1,"No",19,3,2,0,1,2,3,1,0,0,0
"691",31,"No","Travel Rarely",616,"R&D",12,3,"Medical Sciences",4,"Female",30,3,2,"Healthcare Representative",4,"Married",5855,17369,0,"Yes",11,3,3,2,10,2,1,9,7,8,5
"692",40,"No","Travel Frequently",1469,"R&D",9,4,"Medical Sciences",4,"Male",35,3,1,"Research Scientist",2,"Divorced",3617,25063,8,"Yes",14,3,4,1,3,2,3,1,1,0,0
"693",32,"No","Travel Rarely",498,"R&D",3,4,"Medical Sciences",3,"Male",93,3,2,"Manufacturing Director",1,"Married",6725,13554,1,"No",12,3,3,1,8,2,4,8,7,6,3
"694",36,"Yes","Travel Rarely",530,"Sales",3,1,"Life Sciences",3,"Male",51,2,3,"Sales Executive",4,"Married",10325,5518,1,"Yes",11,3,1,1,16,6,3,16,7,3,7
"695",33,"No","Travel Rarely",1069,"R&D",1,3,"Life Sciences",2,"Female",42,2,2,"Healthcare Representative",4,"Single",6949,12291,0,"No",14,3,1,0,6,3,3,5,0,1,4
"696",37,"Yes","Travel Rarely",625,"Sales",1,4,"Life Sciences",1,"Male",46,2,3,"Sales Executive",3,"Married",10609,14922,5,"No",11,3,3,0,17,2,1,14,1,11,7
"697",45,"No","Non Travel",805,"R&D",4,2,"Life Sciences",3,"Male",57,3,2,"Laboratory Technician",2,"Married",4447,23163,1,"No",12,3,2,0,9,5,4,9,7,0,8
"698",29,"No","Travel Frequently",1404,"Sales",20,3,"Technical",3,"Female",84,3,1,"Sales Representative",4,"Married",2572,18203,1,"No",15,3,2,1,3,5,3,3,1,0,2
"699",35,"No","Travel Rarely",1219,"Sales",18,3,"Medical Sciences",3,"Female",86,3,2,"Sales Executive",3,"Married",4601,6179,1,"No",16,3,2,0,5,5,3,5,2,1,0
"700",52,"No","Travel Rarely",1053,"R&D",1,2,"Life Sciences",4,"Male",70,3,4,"Manager",4,"Married",17099,13829,2,"No",15,3,2,1,26,2,2,9,8,7,8
"701",58,"Yes","Travel Rarely",289,"R&D",2,3,"Technical",4,"Male",51,3,1,"Research Scientist",3,"Single",2479,26227,4,"No",24,4,1,0,7,4,3,1,0,0,0
"702",53,"No","Travel Rarely",1376,"Sales",2,2,"Medical Sciences",3,"Male",45,3,4,"Manager",3,"Divorced",14852,13938,6,"No",13,3,3,1,22,3,4,17,13,15,2
"703",30,"No","Travel Rarely",231,"Sales",8,2,"Other",3,"Male",62,3,3,"Sales Executive",3,"Divorced",7264,9977,5,"No",11,3,1,1,10,2,4,8,4,7,7
"704",38,"No","Non Travel",152,"Sales",10,3,"Technical",3,"Female",85,3,2,"Sales Executive",4,"Single",5666,19899,1,"Yes",13,3,2,0,6,1,3,5,3,1,3
"705",35,"No","Travel Rarely",882,"Sales",3,4,"Life Sciences",4,"Male",92,3,3,"Sales Executive",4,"Divorced",7823,6812,6,"No",13,3,2,1,12,2,3,10,9,0,8
"706",39,"No","Travel Rarely",903,"Sales",2,5,"Life Sciences",1,"Male",41,4,3,"Sales Executive",3,"Single",7880,2560,0,"No",18,3,4,0,9,3,3,8,7,0,7
"707",40,"Yes","Non Travel",1479,"Sales",24,3,"Life Sciences",2,"Female",100,4,4,"Sales Executive",2,"Single",13194,17071,4,"Yes",16,3,4,0,22,2,2,1,0,0,0
"708",47,"No","Travel Frequently",1379,"R&D",16,4,"Medical Sciences",3,"Male",64,4,2,"Manufacturing Director",3,"Divorced",5067,6759,1,"Yes",19,3,3,0,20,3,4,19,10,2,7
"709",36,"No","Non Travel",1229,"Sales",8,4,"Technical",1,"Male",84,3,2,"Sales Executive",4,"Divorced",5079,25952,4,"No",13,3,4,2,12,3,3,7,7,0,7
"710",31,"Yes","Non Travel",335,"R&D",9,2,"Medical Sciences",3,"Male",46,2,1,"Research Scientist",1,"Single",2321,10322,0,"Yes",22,4,1,0,4,0,3,3,2,1,2
"711",33,"No","Non Travel",722,"Sales",17,3,"Life Sciences",4,"Male",38,3,4,"Manager",3,"Single",17444,20489,1,"No",11,3,4,0,10,2,3,10,8,6,0
"712",29,"Yes","Travel Rarely",906,"R&D",10,3,"Life Sciences",3,"Female",92,2,1,"Research Scientist",1,"Single",2404,11479,6,"Yes",20,4,3,0,3,5,3,0,0,0,0
"713",33,"No","Travel Rarely",461,"R&D",13,1,"Life Sciences",2,"Female",53,3,1,"Research Scientist",4,"Single",3452,17241,3,"No",18,3,1,0,5,4,3,3,2,0,2
"714",45,"No","Travel Rarely",974,"R&D",1,4,"Medical Sciences",4,"Female",91,3,1,"Laboratory Technician",4,"Divorced",2270,11005,3,"No",14,3,4,2,8,2,3,5,3,0,2
"715",50,"No","Travel Rarely",1126,"R&D",1,2,"Medical Sciences",4,"Male",66,3,4,"Research Director",4,"Divorced",17399,6615,9,"No",22,4,3,1,32,1,2,5,4,1,3
"716",31,"No","Travel Frequently",827,"R&D",1,4,"Other",3,"Female",84,4,2,"Healthcare Representative",2,"Married",5488,20161,1,"Yes",13,3,1,1,6,2,3,6,5,1,2
"717",41,"No","Travel Frequently",840,"R&D",9,3,"Medical Sciences",1,"Male",64,3,5,"Research Director",3,"Divorced",19419,3735,2,"No",17,3,2,1,21,2,4,18,16,0,11
"718",27,"No","Travel Rarely",1134,"R&D",16,4,"Technical",3,"Female",37,3,1,"Laboratory Technician",2,"Married",2811,12086,9,"No",14,3,2,1,4,2,3,2,2,2,2
"719",45,"No","Non Travel",248,"R&D",23,2,"Medical Sciences",4,"Male",42,3,2,"Laboratory Technician",1,"Married",3633,14039,3,"Yes",15,3,3,1,9,2,3,9,8,1,8
"720",47,"No","Travel Rarely",955,"Sales",4,2,"Life Sciences",4,"Female",83,3,2,"Sales Executive",4,"Single",4163,8571,1,"Yes",17,3,4,0,9,0,3,9,0,0,7
"721",30,"Yes","Travel Rarely",138,"R&D",22,3,"Life Sciences",1,"Female",48,3,1,"Research Scientist",3,"Married",2132,11539,4,"Yes",11,3,2,0,7,2,3,5,2,0,1
"722",50,"No","Travel Rarely",939,"R&D",24,3,"Life Sciences",4,"Male",95,3,4,"Manufacturing Director",3,"Married",13973,4161,3,"Yes",18,3,4,1,22,2,3,12,11,1,5
"723",38,"No","Travel Frequently",1391,"R&D",10,1,"Medical Sciences",3,"Male",66,3,1,"Research Scientist",3,"Married",2684,12127,0,"No",17,3,2,1,3,0,2,2,1,0,2
"724",46,"No","Travel Rarely",566,"R&D",7,2,"Medical Sciences",4,"Male",75,3,3,"Manufacturing Director",3,"Divorced",10845,24208,6,"No",13,3,2,1,13,3,3,8,7,0,7
"725",24,"No","Travel Rarely",1206,"R&D",17,1,"Medical Sciences",4,"Female",41,2,2,"Manufacturing Director",3,"Divorced",4377,24117,1,"No",15,3,2,2,5,6,3,4,2,3,2
"726",35,"Yes","Travel Rarely",622,"R&D",14,4,"Other",3,"Male",39,2,1,"Laboratory Technician",2,"Divorced",3743,10074,1,"Yes",24,4,4,1,5,2,1,4,2,0,2
"727",31,"No","Travel Frequently",853,"R&D",1,1,"Life Sciences",3,"Female",96,3,2,"Manufacturing Director",1,"Married",4148,11275,1,"No",12,3,3,1,4,1,3,4,3,0,3
"728",18,"No","Non Travel",287,"R&D",5,2,"Life Sciences",2,"Male",73,3,1,"Research Scientist",3,"Single",1051,13493,1,"No",15,3,4,0,0,2,3,0,0,0,0
"729",54,"No","Travel Rarely",1441,"R&D",17,3,"Technical",3,"Female",56,3,3,"Manufacturing Director",3,"Married",10739,13943,8,"No",11,3,1,1,22,2,3,10,7,0,8
"730",35,"No","Travel Rarely",583,"R&D",25,4,"Medical Sciences",3,"Female",57,3,3,"Healthcare Representative",3,"Divorced",10388,6975,1,"Yes",11,3,3,1,16,3,2,16,10,10,1
"731",30,"No","Travel Rarely",153,"R&D",8,2,"Life Sciences",2,"Female",73,4,3,"Research Director",1,"Married",11416,17802,0,"Yes",12,3,3,3,9,4,2,8,7,1,7
"732",20,"Yes","Travel Rarely",1097,"R&D",11,3,"Medical Sciences",4,"Female",98,2,1,"Research Scientist",1,"Single",1416,18275,1,"Yes",15,3,1,0,1,2,3,1,0,0,0
"733",30,"Yes","Travel Frequently",109,"R&D",5,3,"Medical Sciences",2,"Female",60,3,1,"Laboratory Technician",2,"Single",2422,25725,2,"No",17,3,1,0,4,3,3,3,2,1,2
"734",26,"No","Travel Rarely",1066,"R&D",2,2,"Medical Sciences",4,"Male",32,4,2,"Manufacturing Director",4,"Married",5472,3334,1,"No",12,3,2,0,8,2,3,7,7,1,3
"735",22,"No","Travel Rarely",217,"R&D",8,1,"Life Sciences",2,"Male",94,1,1,"Laboratory Technician",1,"Married",2451,6881,1,"No",15,3,1,1,4,3,2,4,3,1,1
"736",48,"No","Travel Rarely",277,"R&D",6,3,"Life Sciences",1,"Male",97,2,2,"Healthcare Representative",3,"Single",4240,13119,2,"No",13,3,4,0,19,0,3,2,2,2,2
"737",48,"No","Travel Rarely",1355,"R&D",4,4,"Life Sciences",3,"Male",78,2,3,"Healthcare Representative",3,"Married",10999,22245,7,"No",14,3,2,0,27,3,3,15,11,4,8
"738",41,"No","Travel Rarely",549,"R&D",7,3,"Medical Sciences",3,"Female",42,3,2,"Manufacturing Director",3,"Single",5003,23371,6,"No",14,3,2,0,8,6,3,2,2,2,1
"739",39,"No","Travel Rarely",466,"R&D",1,1,"Life Sciences",4,"Female",65,2,4,"Manufacturing Director",4,"Married",12742,7060,1,"No",16,3,3,1,21,3,3,21,6,11,8
"740",27,"No","Travel Rarely",1055,"R&D",2,4,"Life Sciences",1,"Female",47,3,2,"Manufacturing Director",4,"Married",4227,4658,0,"No",18,3,2,1,4,2,3,3,2,2,2
"741",35,"No","Travel Rarely",802,"R&D",10,3,"Other",2,"Male",45,3,1,"Laboratory Technician",4,"Divorced",3917,9541,1,"No",20,4,1,1,3,4,2,3,2,1,2
"742",42,"No","Travel Rarely",265,"Sales",5,2,"Marketing",4,"Male",90,3,5,"Manager",3,"Married",16799,7770,6,"No",13,3,2,0,21,3,4,1,0,0,0
"743",50,"No","Travel Rarely",804,"R&D",9,3,"Life Sciences",1,"Male",64,3,1,"Laboratory Technician",4,"Married",2380,20165,4,"No",18,3,2,0,8,5,3,1,0,0,0
"744",59,"No","Travel Rarely",715,"R&D",2,3,"Life Sciences",3,"Female",69,2,4,"Manufacturing Director",4,"Single",13726,21829,3,"Yes",13,3,1,0,30,4,3,5,3,4,3
"745",37,"Yes","Travel Rarely",1141,"R&D",11,2,"Medical Sciences",1,"Female",61,1,2,"Healthcare Representative",2,"Married",4777,14382,5,"No",15,3,1,0,15,2,1,1,0,0,0
"746",55,"No","Travel Frequently",135,"R&D",18,4,"Medical Sciences",3,"Male",62,3,2,"Healthcare Representative",2,"Married",6385,12992,3,"Yes",14,3,4,2,17,2,3,8,7,6,7
"747",41,"No","Non Travel",247,"R&D",7,1,"Life Sciences",2,"Female",55,1,5,"Research Director",3,"Divorced",19973,20284,1,"No",22,4,2,2,21,3,3,21,16,5,10
"748",38,"No","Travel Rarely",1035,"Sales",3,4,"Life Sciences",2,"Male",42,3,2,"Sales Executive",4,"Single",6861,4981,8,"Yes",12,3,3,0,19,1,3,1,0,0,0
"749",26,"Yes","Non Travel",265,"Sales",29,2,"Medical Sciences",2,"Male",79,1,2,"Sales Executive",1,"Single",4969,21813,8,"No",18,3,4,0,7,6,3,2,2,2,2
"750",52,"Yes","Travel Rarely",266,"Sales",2,1,"Marketing",1,"Female",57,1,5,"Manager",4,"Married",19845,25846,1,"No",15,3,4,1,33,3,3,32,14,6,9
"751",44,"No","Travel Rarely",1448,"Sales",28,3,"Medical Sciences",4,"Female",53,4,4,"Sales Executive",4,"Married",13320,11737,3,"Yes",18,3,3,1,23,2,3,12,11,11,11
"752",50,"No","Non Travel",145,"Sales",1,3,"Life Sciences",4,"Female",95,3,2,"Sales Executive",3,"Married",6347,24920,0,"No",12,3,1,1,19,3,3,18,7,0,13
"753",36,"Yes","Travel Rarely",885,"R&D",16,4,"Life Sciences",3,"Female",43,4,2,"Laboratory Technician",1,"Single",2743,8269,6,"No",16,3,3,0,18,1,3,17,13,15,14
"754",39,"No","Travel Frequently",711,"R&D",22,3,"Medical Sciences",4,"Female",82,3,3,"Manufacturing Director",1,"Single",10880,5083,1,"Yes",13,3,3,0,21,2,3,21,6,2,8
"755",33,"No","Non Travel",1038,"Sales",8,1,"Life Sciences",2,"Female",88,2,1,"Sales Representative",4,"Single",2342,21437,0,"No",19,3,4,0,3,2,2,2,2,2,2
"756",45,"No","Travel Rarely",1234,"Sales",11,2,"Life Sciences",4,"Female",90,3,4,"Manager",1,"Married",17650,5404,3,"No",13,3,2,1,26,4,4,9,3,1,1
"757",32,"No","Non Travel",1109,"R&D",29,4,"Medical Sciences",4,"Female",69,3,1,"Laboratory Technician",3,"Single",15972,11135,9,"No",12,3,2,0,10,2,3,8,7,7,7
"758",34,"No","Travel Rarely",216,"Sales",1,4,"Marketing",2,"Male",75,4,2,"Sales Executive",4,"Divorced",9725,12278,0,"No",11,3,4,1,16,2,2,15,1,0,9
"759",59,"No","Travel Rarely",1089,"Sales",1,2,"Technical",2,"Male",66,3,3,"Manager",4,"Married",11904,11038,3,"Yes",14,3,3,1,14,1,1,6,4,0,4
"760",45,"No","Travel Rarely",788,"HR",24,4,"Medical Sciences",2,"Male",36,3,1,"HR",2,"Single",2177,8318,1,"No",16,3,1,0,6,3,3,6,3,2,4
"761",53,"No","Travel Frequently",124,"Sales",2,3,"Marketing",3,"Female",38,2,3,"Sales Executive",2,"Married",7525,23537,2,"No",12,3,1,1,30,2,3,9,7,6,12
"762",36,"Yes","Travel Rarely",660,"R&D",15,3,"Other",1,"Male",81,3,2,"Laboratory Technician",3,"Divorced",4834,7858,7,"No",14,3,2,1,9,3,2,1,0,0,0
"763",26,"Yes","Travel Frequently",342,"R&D",10,3,"Life Sciences",1,"Male",57,3,1,"Research Scientist",1,"Married",2042,15346,6,"Yes",14,3,2,1,6,2,3,3,2,1,2
"764",34,"No","Travel Rarely",1333,"Sales",10,4,"Life Sciences",3,"Female",87,3,1,"Sales Representative",3,"Married",2220,18410,1,"Yes",19,3,4,1,1,2,3,1,1,0,0
"765",28,"No","Travel Rarely",1144,"Sales",10,1,"Medical Sciences",4,"Male",74,3,1,"Sales Representative",2,"Married",1052,23384,1,"No",22,4,2,0,1,5,3,1,0,0,0
"766",38,"No","Travel Frequently",1186,"R&D",3,4,"Other",3,"Male",44,3,1,"Research Scientist",3,"Married",2821,2997,3,"No",16,3,1,1,8,2,3,2,2,2,2
"767",50,"No","Travel Rarely",1464,"R&D",2,4,"Medical Sciences",2,"Male",62,3,5,"Research Director",3,"Married",19237,12853,2,"Yes",11,3,4,1,21,2,2,8,1,7,7
"768",37,"No","Travel Rarely",124,"R&D",3,3,"Other",4,"Female",35,3,2,"Healthcare Representative",2,"Single",4107,13848,3,"No",15,3,1,0,8,3,2,6,3,0,1
"769",26,"No","Travel Rarely",300,"Sales",26,1,"Marketing",3,"Male",74,3,2,"Sales Executive",1,"Married",8396,22217,1,"No",14,3,2,1,8,3,2,7,7,7,5
"770",26,"No","Travel Frequently",921,"R&D",1,1,"Medical Sciences",1,"Female",66,2,1,"Research Scientist",3,"Divorced",2007,25265,1,"No",13,3,3,2,5,5,3,5,3,1,3
"771",46,"No","Travel Rarely",430,"R&D",1,4,"Medical Sciences",4,"Male",40,3,5,"Research Director",4,"Divorced",19627,21445,9,"No",17,3,4,2,23,0,3,2,2,2,2
"772",54,"No","Travel Rarely",1082,"Sales",2,4,"Life Sciences",3,"Female",41,2,3,"Sales Executive",1,"Married",10686,8392,6,"No",11,3,2,1,13,4,3,9,4,7,0
"773",56,"No","Travel Frequently",1240,"R&D",9,3,"Medical Sciences",1,"Female",63,3,1,"Research Scientist",3,"Married",2942,12154,2,"No",19,3,2,1,7,4,3,5,4,0,3
"774",36,"No","Travel Rarely",796,"R&D",12,5,"Medical Sciences",4,"Female",51,2,3,"Manufacturing Director",4,"Single",8858,15669,0,"No",13,3,2,0,15,2,2,14,8,7,8
"775",55,"No","Non Travel",444,"R&D",2,1,"Life Sciences",3,"Male",40,2,4,"Manager",1,"Single",16756,17323,7,"No",15,3,2,0,31,3,4,9,7,6,2
"776",43,"No","Travel Rarely",415,"Sales",25,3,"Medical Sciences",3,"Male",79,2,3,"Sales Executive",4,"Divorced",10798,5268,5,"No",13,3,3,1,18,5,3,1,0,0,0
"777",20,"Yes","Travel Frequently",769,"Sales",9,3,"Marketing",4,"Female",54,3,1,"Sales Representative",4,"Married",2323,17205,1,"Yes",14,3,2,0,2,3,3,2,2,0,2
"778",21,"Yes","Travel Rarely",1334,"R&D",10,3,"Life Sciences",3,"Female",36,2,1,"Laboratory Technician",1,"Single",1416,17258,1,"No",13,3,1,0,1,6,2,1,0,1,0
"779",46,"No","Travel Rarely",1003,"R&D",8,4,"Life Sciences",4,"Female",74,2,2,"Research Scientist",1,"Divorced",4615,21029,8,"Yes",23,4,1,3,19,2,3,16,13,1,7
"780",51,"Yes","Travel Rarely",1323,"R&D",4,4,"Life Sciences",1,"Male",34,3,1,"Research Scientist",3,"Married",2461,10332,9,"Yes",12,3,3,3,18,2,4,10,0,2,7
"781",28,"Yes","Non Travel",1366,"R&D",24,2,"Technical",2,"Male",72,2,3,"Healthcare Representative",1,"Single",8722,12355,1,"No",12,3,1,0,10,2,2,10,7,1,9
"782",26,"No","Travel Rarely",192,"R&D",1,2,"Medical Sciences",1,"Male",59,3,1,"Laboratory Technician",1,"Married",3955,11141,1,"No",16,3,1,2,6,2,3,5,3,1,3
"783",30,"No","Travel Rarely",1176,"R&D",20,3,"Other",3,"Male",85,3,2,"Manufacturing Director",1,"Married",9957,9096,0,"No",15,3,3,1,7,1,2,6,2,0,2
"784",41,"No","Travel Rarely",509,"R&D",7,2,"Technical",2,"Female",43,4,1,"Research Scientist",3,"Married",3376,18863,1,"No",13,3,3,0,10,3,3,10,6,0,8
"785",38,"No","Travel Rarely",330,"R&D",17,1,"Life Sciences",3,"Female",65,2,3,"Healthcare Representative",3,"Married",8823,24608,0,"No",18,3,1,1,20,4,2,19,9,1,9
"786",40,"No","Travel Rarely",1492,"R&D",20,4,"Technical",1,"Male",61,3,3,"Healthcare Representative",4,"Married",10322,26542,4,"No",20,4,4,1,14,6,3,11,10,11,1
"787",27,"No","Non Travel",1277,"R&D",8,5,"Life Sciences",1,"Male",87,1,1,"Laboratory Technician",3,"Married",7880,6069,1,"No",19,3,4,3,3,4,3,3,2,1,2
"788",55,"No","Travel Frequently",1091,"R&D",2,1,"Life Sciences",4,"Male",65,3,3,"Manufacturing Director",2,"Married",10976,15813,3,"No",18,3,2,1,23,4,3,3,2,1,2
"789",28,"No","Travel Rarely",857,"R&D",10,3,"Other",3,"Female",59,3,2,"Research Scientist",3,"Single",3660,7909,3,"No",13,3,4,0,10,4,4,8,7,1,7
"790",44,"Yes","Travel Rarely",1395,"HR",1,2,"Medical Sciences",2,"Male",91,2,3,"Sales Executive",1,"Married",10482,2326,9,"No",14,3,4,1,24,1,3,20,6,3,6
"791",33,"No","Travel Rarely",654,"R&D",5,3,"Life Sciences",4,"Male",98,2,3,"Healthcare Representative",4,"Divorced",7119,21214,4,"No",15,3,3,1,9,2,3,5,2,1,2
"792",35,"Yes","Travel Rarely",1204,"Sales",4,3,"Technical",4,"Male",86,3,3,"Sales Executive",1,"Single",9582,10333,0,"Yes",22,4,4,0,9,2,3,8,7,4,7
"793",33,"Yes","Travel Frequently",827,"R&D",29,4,"Medical Sciences",1,"Female",54,2,2,"Manufacturing Director",3,"Single",4508,3129,1,"No",22,4,2,0,14,4,3,13,7,3,8
"794",28,"No","Travel Rarely",895,"R&D",15,2,"Life Sciences",1,"Male",50,3,1,"Laboratory Technician",3,"Divorced",2207,22482,1,"No",16,3,4,1,4,5,2,4,2,2,2
"795",34,"No","Travel Frequently",618,"R&D",3,1,"Life Sciences",1,"Male",45,3,2,"Healthcare Representative",4,"Single",4163,22266,0,"No",17,3,3,0,7,1,2,6,2,0,4
"796",37,"No","Travel Rarely",309,"Sales",10,4,"Life Sciences",4,"Female",88,2,2,"Sales Executive",4,"Divorced",4728,24223,2,"Yes",14,3,3,3,8,5,3,1,0,0,0
"797",25,"Yes","Travel Rarely",1219,"R&D",4,1,"Technical",4,"Male",32,3,1,"Laboratory Technician",4,"Married",3691,4605,1,"Yes",15,3,2,1,7,3,4,7,7,5,6
"798",26,"Yes","Travel Rarely",1330,"R&D",21,3,"Medical Sciences",1,"Male",37,3,1,"Laboratory Technician",3,"Divorced",2377,19373,1,"No",20,4,2,1,1,0,2,1,1,0,0
"799",33,"Yes","Travel Rarely",1017,"R&D",25,3,"Medical Sciences",1,"Male",55,2,1,"Research Scientist",2,"Single",2313,2993,4,"Yes",20,4,2,0,5,0,3,2,2,2,2
"800",42,"No","Travel Rarely",469,"R&D",2,2,"Medical Sciences",4,"Male",35,3,4,"Manager",1,"Married",17665,14399,0,"No",17,3,4,1,23,3,3,22,6,13,7
"801",28,"Yes","Travel Frequently",1009,"R&D",1,3,"Medical Sciences",1,"Male",45,2,1,"Laboratory Technician",2,"Divorced",2596,7160,1,"No",15,3,1,2,1,2,3,1,0,0,0
"802",50,"Yes","Travel Frequently",959,"Sales",1,4,"Other",4,"Male",81,3,2,"Sales Executive",3,"Single",4728,17251,3,"Yes",14,3,4,0,5,4,3,0,0,0,0
"803",33,"No","Travel Frequently",970,"Sales",7,3,"Marketing",4,"Female",30,3,2,"Sales Executive",4,"Married",4302,13401,0,"No",17,3,3,1,4,3,3,3,2,0,2
"804",29,"No","Non Travel",697,"R&D",3,4,"Life Sciences",3,"Male",40,2,1,"Research Scientist",4,"Married",2979,22478,3,"No",17,3,4,3,6,2,3,0,0,0,0
"805",48,"No","Non Travel",1262,"R&D",1,4,"Medical Sciences",1,"Male",35,4,4,"Manager",4,"Single",16885,16154,2,"No",22,4,3,0,27,3,2,5,4,2,1
"806",45,"No","Non Travel",1050,"Sales",9,4,"Life Sciences",2,"Female",48,2,2,"Sales Executive",3,"Married",5593,22812,1,"No",13,3,4,1,15,0,3,15,10,4,12
"807",52,"No","Travel Rarely",994,"R&D",7,4,"Life Sciences",2,"Male",87,3,3,"Healthcare Representative",2,"Single",10445,15322,7,"No",19,3,4,0,18,4,3,8,6,4,7
"808",38,"No","Travel Rarely",770,"Sales",10,4,"Marketing",3,"Male",73,2,3,"Sales Executive",3,"Divorced",8740,5569,0,"Yes",14,3,2,2,9,2,3,8,7,2,7
"809",29,"No","Travel Rarely",1107,"R&D",28,4,"Life Sciences",3,"Female",93,3,1,"Research Scientist",4,"Divorced",2514,26968,4,"No",22,4,1,1,11,1,3,7,5,1,7
"810",28,"No","Travel Rarely",950,"R&D",3,3,"Medical Sciences",4,"Female",93,3,3,"Manufacturing Director",2,"Divorced",7655,8039,0,"No",17,3,2,3,10,3,2,9,7,0,7
"811",46,"No","Travel Rarely",406,"Sales",3,1,"Marketing",1,"Male",52,3,4,"Manager",3,"Married",17465,15596,3,"No",12,3,4,1,23,3,3,12,9,4,9
"812",38,"No","Travel Rarely",130,"Sales",2,2,"Marketing",4,"Male",32,3,3,"Sales Executive",2,"Single",7351,20619,7,"No",16,3,3,0,10,2,3,1,0,0,0
"813",43,"No","Travel Frequently",1082,"R&D",27,3,"Life Sciences",3,"Female",83,3,3,"Manufacturing Director",1,"Married",10820,11535,8,"No",11,3,3,1,18,1,3,8,7,0,1
"814",39,"Yes","Travel Frequently",203,"R&D",2,3,"Life Sciences",1,"Male",84,3,4,"Healthcare Representative",4,"Divorced",12169,13547,7,"No",11,3,4,3,21,4,3,18,7,11,5
"815",40,"No","Travel Rarely",1308,"R&D",14,3,"Medical Sciences",3,"Male",44,2,4,"Research Director",3,"Single",19626,17544,1,"No",14,3,1,0,21,2,4,20,7,4,9
"816",21,"No","Travel Rarely",984,"R&D",1,1,"Technical",4,"Female",70,2,1,"Research Scientist",2,"Single",2070,25326,1,"Yes",11,3,3,0,2,6,4,2,2,2,2
"817",39,"No","Non Travel",439,"R&D",9,3,"Life Sciences",3,"Male",70,3,2,"Laboratory Technician",2,"Single",6782,8770,9,"No",15,3,3,0,9,2,2,5,4,0,3
"818",36,"No","Non Travel",217,"R&D",18,4,"Life Sciences",1,"Male",78,3,2,"Manufacturing Director",4,"Single",7779,23238,2,"No",20,4,1,0,18,0,3,11,9,0,9
"819",31,"No","Travel Frequently",793,"Sales",20,3,"Life Sciences",3,"Male",67,4,1,"Sales Representative",4,"Married",2791,6233,0,"No",12,3,1,1,3,4,3,2,2,2,2
"820",28,"No","Travel Rarely",1451,"R&D",2,1,"Life Sciences",1,"Male",31,2,1,"Research Scientist",2,"Married",3201,19911,0,"No",17,3,1,0,6,2,1,5,3,0,4
"821",35,"No","Travel Frequently",1182,"Sales",11,2,"Marketing",4,"Male",54,3,2,"Sales Executive",4,"Divorced",4968,18500,1,"No",11,3,4,1,5,3,3,5,2,0,2
"822",49,"No","Travel Rarely",174,"Sales",8,4,"Technical",4,"Male",56,2,4,"Sales Executive",2,"Married",13120,11879,6,"No",17,3,2,1,22,3,3,9,8,2,3
"823",34,"No","Travel Frequently",1003,"R&D",2,2,"Life Sciences",4,"Male",95,3,2,"Manufacturing Director",3,"Single",4033,15834,2,"No",11,3,4,0,5,3,2,3,2,0,2
"824",29,"No","Travel Frequently",490,"R&D",10,3,"Life Sciences",4,"Female",61,3,1,"Research Scientist",2,"Divorced",3291,17940,0,"No",14,3,4,2,8,2,2,7,5,1,1
"825",42,"No","Travel Rarely",188,"R&D",29,3,"Medical Sciences",2,"Male",56,1,2,"Laboratory Technician",4,"Single",4272,9558,4,"No",19,3,1,0,16,3,3,1,0,0,0
"826",29,"No","Travel Rarely",718,"R&D",8,1,"Medical Sciences",2,"Male",79,2,2,"Manufacturing Director",4,"Married",5056,17689,1,"Yes",15,3,3,1,10,2,2,10,7,1,2
"827",38,"No","Travel Rarely",433,"HR",1,3,"HR",3,"Male",37,4,1,"HR",3,"Married",2844,6004,1,"No",13,3,4,1,7,2,4,7,6,5,0
"828",24,"No","Travel Frequently",773,"R&D",6,3,"Life Sciences",3,"Male",39,2,1,"Research Scientist",3,"Divorced",2703,22088,1,"Yes",14,3,4,1,3,2,3,3,1,0,2
"829",32,"Yes","Non Travel",247,"R&D",8,1,"Medical Sciences",3,"Male",80,3,1,"Laboratory Technician",3,"Single",1904,13556,1,"No",12,3,4,0,0,0,3,0,0,0,0
"830",33,"Yes","Travel Rarely",603,"Sales",9,4,"Marketing",1,"Female",77,3,2,"Sales Executive",1,"Single",8224,18385,0,"Yes",17,3,1,0,6,3,3,5,2,0,3
"831",41,"No","Travel Rarely",167,"R&D",12,4,"Life Sciences",2,"Male",46,3,1,"Laboratory Technician",4,"Married",4766,9051,3,"Yes",11,3,1,1,6,4,3,1,0,0,0
"832",31,"Yes","Travel Frequently",874,"R&D",15,3,"Medical Sciences",3,"Male",72,3,1,"Laboratory Technician",3,"Married",2610,6233,1,"No",12,3,3,1,2,4,2,2,2,2,2
"833",37,"No","Travel Rarely",367,"R&D",25,2,"Medical Sciences",3,"Female",52,2,2,"Healthcare Representative",4,"Divorced",5731,17171,7,"No",13,3,3,2,9,2,3,6,2,1,3
"834",27,"No","Travel Rarely",199,"R&D",6,3,"Life Sciences",4,"Male",55,2,1,"Research Scientist",3,"Married",2539,7950,1,"No",13,3,3,1,4,0,3,4,2,2,2
"837",29,"Yes","Travel Rarely",408,"Sales",23,1,"Life Sciences",4,"Female",45,2,3,"Sales Executive",1,"Married",7336,11162,1,"No",13,3,1,1,11,3,1,11,8,3,10
"838",40,"No","Travel Frequently",593,"R&D",9,4,"Medical Sciences",2,"Female",88,3,3,"Research Director",3,"Single",13499,13782,9,"No",17,3,3,0,20,3,2,18,7,2,13
"839",42,"Yes","Travel Frequently",481,"Sales",12,3,"Life Sciences",3,"Male",44,3,4,"Sales Executive",1,"Single",13758,2447,0,"Yes",12,3,2,0,22,2,2,22,9,13,14
"840",42,"No","Travel Rarely",647,"Sales",4,4,"Marketing",2,"Male",45,3,2,"Sales Executive",1,"Single",5155,2253,7,"No",13,3,4,0,9,3,4,6,4,1,5
"841",35,"No","Travel Rarely",982,"R&D",1,4,"Medical Sciences",4,"Male",58,2,1,"Laboratory Technician",3,"Married",2258,16340,6,"No",12,3,2,1,10,2,3,8,0,1,7
"842",24,"No","Travel Rarely",477,"R&D",24,3,"Medical Sciences",4,"Male",49,3,1,"Laboratory Technician",2,"Single",3597,6409,8,"No",22,4,4,0,6,2,3,4,3,1,2
"843",28,"Yes","Travel Rarely",1485,"R&D",12,1,"Life Sciences",3,"Female",79,3,1,"Laboratory Technician",4,"Married",2515,22955,1,"Yes",11,3,4,0,1,2,2,1,1,0,0
"844",26,"No","Travel Rarely",1384,"R&D",1,4,"Medical Sciences",1,"Female",82,4,1,"Laboratory Technician",4,"Married",4420,13421,1,"No",22,4,2,1,8,2,3,8,7,0,7
"845",30,"No","Travel Rarely",852,"Sales",10,3,"Marketing",3,"Male",72,2,2,"Sales Executive",3,"Married",6578,2706,1,"No",18,3,1,1,10,3,3,10,3,1,4
"846",40,"No","Travel Frequently",902,"R&D",26,2,"Medical Sciences",3,"Female",92,2,2,"Research Scientist",4,"Married",4422,21203,3,"Yes",13,3,4,1,16,3,1,1,1,0,0
"847",35,"No","Travel Rarely",819,"R&D",2,3,"Life Sciences",3,"Male",44,2,3,"Manufacturing Director",2,"Divorced",10274,19588,2,"No",18,3,2,1,15,2,4,7,7,6,4
"848",34,"No","Travel Rarely",669,"R&D",1,3,"Medical Sciences",4,"Male",97,2,2,"Healthcare Representative",1,"Single",5343,25755,0,"No",20,4,3,0,14,3,3,13,9,4,9
"849",35,"No","Travel Frequently",636,"R&D",4,4,"Other",4,"Male",47,2,1,"Laboratory Technician",4,"Married",2376,26537,1,"No",13,3,2,1,2,2,4,2,2,2,2
"850",43,"Yes","Travel Rarely",1372,"Sales",9,3,"Marketing",1,"Female",85,1,2,"Sales Executive",3,"Single",5346,9489,8,"Yes",13,3,2,0,7,2,2,4,3,1,3
"851",32,"No","Travel Rarely",862,"Sales",2,1,"Life Sciences",3,"Female",76,3,1,"Sales Representative",1,"Divorced",2827,14947,1,"No",12,3,3,3,1,3,3,1,0,0,0
"852",56,"No","Travel Rarely",718,"R&D",4,4,"Technical",4,"Female",92,3,5,"Manager",1,"Divorced",19943,18575,4,"No",13,3,4,1,28,2,3,5,2,4,2
"853",29,"No","Travel Rarely",1401,"R&D",6,1,"Medical Sciences",2,"Female",54,3,1,"Laboratory Technician",4,"Married",3131,26342,1,"No",13,3,1,1,10,5,3,10,8,0,8
"854",19,"No","Travel Rarely",645,"R&D",9,2,"Life Sciences",3,"Male",54,3,1,"Research Scientist",1,"Single",2552,7172,1,"No",25,4,3,0,1,4,3,1,1,0,0
"855",45,"No","Travel Rarely",1457,"R&D",7,3,"Medical Sciences",1,"Female",83,3,1,"Research Scientist",3,"Married",4477,20100,4,"Yes",19,3,3,1,7,2,2,3,2,0,2
"857",20,"No","Travel Rarely",805,"R&D",3,3,"Life Sciences",1,"Male",87,2,1,"Laboratory Technician",3,"Single",3033,12828,1,"No",12,3,1,0,2,2,2,2,2,1,2
"858",44,"Yes","Travel Rarely",1097,"R&D",10,4,"Life Sciences",3,"Male",96,3,1,"Research Scientist",3,"Single",2936,10826,1,"Yes",11,3,3,0,6,4,3,6,4,0,4
"859",53,"No","Travel Rarely",1223,"R&D",7,2,"Medical Sciences",4,"Female",50,3,5,"Manager",3,"Divorced",18606,18640,2,"No",18,3,2,1,26,6,3,7,7,4,7
"860",29,"No","Travel Rarely",942,"R&D",15,1,"Life Sciences",2,"Female",57,1,1,"Research Scientist",4,"Married",2168,26933,0,"Yes",18,3,1,1,6,2,2,5,4,1,3
"861",22,"Yes","Travel Frequently",1256,"R&D",3,4,"Life Sciences",3,"Male",48,2,1,"Research Scientist",4,"Married",2853,4223,0,"Yes",11,3,2,1,1,5,3,0,0,0,0
"862",46,"No","Travel Rarely",1402,"Sales",2,3,"Marketing",3,"Female",69,3,4,"Manager",1,"Married",17048,24097,8,"No",23,4,1,0,28,2,3,26,15,15,9
"863",44,"No","Non Travel",111,"R&D",17,3,"Life Sciences",4,"Male",74,1,1,"Research Scientist",3,"Single",2290,4279,2,"No",13,3,4,0,6,3,3,0,0,0,0
"864",33,"No","Travel Rarely",147,"HR",2,3,"HR",2,"Male",99,3,1,"HR",3,"Married",3600,8429,1,"No",13,3,4,1,5,2,3,5,4,1,4
"865",41,"Yes","Non Travel",906,"R&D",5,2,"Life Sciences",1,"Male",95,2,1,"Research Scientist",1,"Divorced",2107,20293,6,"No",17,3,1,1,5,2,1,1,0,0,0
"866",30,"No","Travel Rarely",1329,"Sales",29,4,"Life Sciences",3,"Male",61,3,2,"Sales Executive",1,"Divorced",4115,13192,8,"No",19,3,3,3,8,3,3,4,3,0,3
"867",40,"No","Travel Frequently",1184,"Sales",2,4,"Medical Sciences",2,"Male",62,3,2,"Sales Executive",2,"Married",4327,25440,5,"No",12,3,4,3,5,2,3,0,0,0,0
"868",50,"No","Travel Frequently",1421,"R&D",2,3,"Medical Sciences",4,"Female",30,3,4,"Manager",1,"Married",17856,9490,2,"No",22,4,3,1,32,3,3,2,2,2,2
"869",28,"No","Travel Rarely",1179,"R&D",19,4,"Medical Sciences",4,"Male",78,2,1,"Laboratory Technician",1,"Married",3196,12449,1,"No",12,3,3,0,6,2,3,6,5,3,3
"870",46,"No","Travel Rarely",1450,"R&D",15,2,"Life Sciences",4,"Male",52,3,5,"Research Director",2,"Married",19081,10849,5,"No",11,3,1,1,25,2,3,4,2,0,3
"871",35,"No","Travel Rarely",1361,"Sales",17,4,"Life Sciences",3,"Male",94,3,2,"Sales Executive",1,"Married",8966,21026,3,"Yes",15,3,4,3,15,2,3,7,7,1,7
"872",24,"Yes","Travel Rarely",984,"R&D",17,2,"Life Sciences",4,"Female",97,3,1,"Laboratory Technician",2,"Married",2210,3372,1,"No",13,3,1,1,1,3,1,1,0,0,0
"873",33,"No","Travel Frequently",1146,"Sales",25,3,"Medical Sciences",2,"Female",82,3,2,"Sales Executive",3,"Married",4539,4905,1,"No",12,3,1,1,10,3,2,10,7,0,1
"874",36,"No","Travel Rarely",917,"R&D",6,4,"Life Sciences",3,"Male",60,1,1,"Laboratory Technician",3,"Divorced",9525,6865,1,"No",14,3,3,1,7,4,3,7,7,1,7
"875",30,"No","Travel Rarely",853,"R&D",7,4,"Life Sciences",3,"Male",49,3,2,"Laboratory Technician",3,"Divorced",3491,11309,1,"No",13,3,1,3,10,4,2,10,7,8,9
"876",44,"No","Travel Rarely",200,"R&D",29,4,"Other",4,"Male",32,3,2,"Research Scientist",4,"Single",17603,7744,1,"No",25,4,2,0,20,3,3,20,11,13,17
"877",20,"No","Travel Rarely",654,"Sales",21,3,"Marketing",3,"Male",43,4,1,"Sales Representative",4,"Single",2678,5050,1,"No",17,3,4,0,2,2,3,2,1,2,2
"878",46,"No","Travel Rarely",150,"R&D",2,4,"Technical",4,"Male",60,3,2,"Manufacturing Director",4,"Divorced",7379,17433,4,"No",11,3,3,1,12,3,2,6,3,1,4
"879",42,"No","Non Travel",179,"HR",2,5,"Medical Sciences",4,"Male",79,4,2,"HR",1,"Married",6272,12858,7,"No",16,3,1,1,10,3,4,4,3,0,3
"880",60,"No","Travel Rarely",696,"Sales",7,4,"Marketing",2,"Male",52,4,2,"Sales Executive",4,"Divorced",5220,10893,0,"Yes",18,3,2,1,12,3,3,11,7,1,9
"881",32,"No","Travel Frequently",116,"R&D",13,3,"Other",3,"Female",77,2,1,"Laboratory Technician",2,"Married",2743,7331,1,"No",20,4,3,1,2,2,3,2,2,2,2
"882",32,"No","Travel Frequently",216,"R&D",2,2,"Life Sciences",4,"Female",38,3,2,"Research Scientist",3,"Single",4998,2338,4,"Yes",14,3,4,0,10,2,3,8,7,0,7
"883",36,"No","Travel Rarely",363,"R&D",1,3,"Technical",3,"Female",77,1,3,"Manufacturing Director",1,"Divorced",10252,4235,2,"Yes",21,4,3,1,17,2,3,7,7,7,7
"884",33,"No","Travel Rarely",117,"R&D",9,3,"Medical Sciences",1,"Male",60,3,1,"Research Scientist",4,"Married",2781,6311,0,"No",13,3,2,1,15,5,3,14,10,4,10
"885",40,"No","Travel Rarely",107,"Sales",10,3,"Technical",2,"Female",84,2,2,"Sales Executive",4,"Divorced",6852,22098,7,"No",12,3,2,1,7,2,4,5,1,1,3
"886",25,"No","Travel Rarely",1356,"Sales",10,4,"Life Sciences",3,"Male",57,3,2,"Sales Executive",4,"Single",4950,20623,0,"No",14,3,2,0,5,4,3,4,3,0,1
"887",30,"No","Travel Rarely",1465,"R&D",1,3,"Medical Sciences",4,"Male",63,3,1,"Research Scientist",2,"Married",3579,9369,0,"Yes",21,4,1,1,12,2,3,11,9,5,7
"888",42,"No","Travel Frequently",458,"R&D",26,5,"Medical Sciences",1,"Female",60,3,3,"Research Director",1,"Married",13191,23281,3,"Yes",17,3,3,0,20,6,3,1,0,0,0
"889",35,"No","Non Travel",1212,"Sales",8,2,"Marketing",3,"Female",78,2,3,"Sales Executive",4,"Married",10377,13755,4,"Yes",11,3,2,1,16,6,2,13,2,4,12
"890",27,"No","Travel Rarely",1103,"R&D",14,3,"Life Sciences",1,"Male",42,3,1,"Research Scientist",1,"Married",2235,14377,1,"Yes",14,3,4,2,9,3,2,9,7,6,8
"891",54,"No","Travel Frequently",966,"R&D",1,4,"Life Sciences",4,"Female",53,3,3,"Manufacturing Director",3,"Divorced",10502,9659,7,"No",17,3,1,1,33,2,1,5,4,1,4
"892",44,"No","Travel Rarely",1117,"R&D",2,1,"Life Sciences",1,"Female",72,4,1,"Research Scientist",4,"Married",2011,19982,1,"No",13,3,4,1,10,5,3,10,5,7,7
"893",19,"Yes","Non Travel",504,"R&D",10,3,"Medical Sciences",1,"Female",96,2,1,"Research Scientist",2,"Single",1859,6148,1,"Yes",25,4,2,0,1,2,4,1,1,0,0
"894",29,"No","Travel Rarely",1010,"R&D",1,3,"Life Sciences",1,"Female",97,3,1,"Research Scientist",4,"Divorced",3760,5598,1,"No",15,3,1,3,3,5,3,3,2,1,2
"895",54,"No","Travel Rarely",685,"R&D",2,3,"Life Sciences",4,"Male",85,3,4,"Research Director",4,"Married",17779,23474,3,"No",14,3,1,0,36,2,3,10,9,0,9
"896",31,"No","Travel Rarely",1332,"R&D",11,2,"Medical Sciences",3,"Male",80,3,2,"Healthcare Representative",1,"Married",6833,17089,1,"Yes",12,3,4,0,6,2,2,6,0,0,1
"897",31,"No","Travel Rarely",1062,"R&D",24,3,"Medical Sciences",3,"Female",96,2,2,"Healthcare Representative",1,"Single",6812,17198,1,"No",19,3,2,0,10,2,3,10,9,1,8
"898",59,"No","Travel Rarely",326,"Sales",3,3,"Life Sciences",3,"Female",48,2,2,"Sales Executive",4,"Single",5171,16490,5,"No",17,3,4,0,13,2,3,6,1,0,5
"899",43,"No","Travel Rarely",920,"R&D",3,3,"Life Sciences",3,"Male",96,1,5,"Research Director",4,"Married",19740,18625,3,"No",14,3,2,1,25,2,3,8,7,0,7
"900",49,"No","Travel Rarely",1098,"R&D",4,2,"Medical Sciences",1,"Male",85,2,5,"Manager",3,"Married",18711,12124,2,"No",13,3,3,1,23,2,4,1,0,0,0
"901",36,"No","Travel Frequently",469,"R&D",3,3,"Life Sciences",3,"Male",46,3,1,"Research Scientist",2,"Married",3692,9256,1,"No",12,3,3,0,12,2,2,11,10,0,7
"902",48,"No","Travel Rarely",969,"R&D",2,2,"Life Sciences",4,"Male",76,4,1,"Laboratory Technician",2,"Single",2559,16620,5,"No",11,3,3,0,7,2,2,1,0,0,0
"903",27,"No","Travel Rarely",1167,"R&D",4,2,"Life Sciences",1,"Male",57,3,1,"Research Scientist",3,"Divorced",2517,3208,1,"No",11,3,2,3,5,2,3,5,3,0,3
"904",29,"No","Travel Rarely",1329,"R&D",7,3,"Life Sciences",3,"Male",82,3,2,"Healthcare Representative",4,"Divorced",6623,4204,1,"Yes",11,3,2,2,6,2,3,6,0,1,0
"905",48,"No","Travel Rarely",715,"R&D",1,3,"Life Sciences",4,"Male",76,2,5,"Research Director",4,"Single",18265,8733,6,"No",12,3,3,0,25,3,4,1,0,0,0
"907",34,"No","Travel Rarely",1320,"R&D",20,3,"Technical",3,"Female",89,4,1,"Research Scientist",3,"Married",2585,21643,0,"No",17,3,4,0,2,5,2,1,0,0,0
"908",44,"No","Travel Rarely",1099,"Sales",5,3,"Marketing",2,"Male",88,3,5,"Manager",2,"Married",18213,8751,7,"No",11,3,3,1,26,5,3,22,9,3,10
"909",33,"No","Travel Rarely",536,"Sales",10,5,"Marketing",4,"Male",58,4,3,"Sales Executive",3,"Divorced",8380,21708,0,"Yes",14,3,4,2,10,3,3,9,8,0,8
"910",19,"No","Travel Rarely",265,"R&D",25,3,"Life Sciences",2,"Female",57,4,1,"Research Scientist",4,"Single",2994,21221,1,"Yes",12,3,4,0,1,2,3,1,0,0,1
"911",23,"No","Travel Rarely",373,"R&D",1,2,"Life Sciences",4,"Male",47,3,1,"Research Scientist",3,"Married",3375,16901,1,"No",22,4,4,1,1,2,3,1,1,0,1
"912",25,"Yes","Travel Frequently",599,"Sales",24,1,"Life Sciences",3,"Male",73,1,1,"Sales Representative",4,"Single",1118,8040,1,"Yes",14,3,4,0,1,4,3,1,0,1,0
"913",26,"No","Travel Rarely",583,"R&D",4,2,"Life Sciences",3,"Male",53,3,1,"Research Scientist",4,"Single",2875,9973,1,"Yes",20,4,2,0,6,2,2,8,5,2,2
"914",45,"Yes","Travel Rarely",1449,"Sales",2,3,"Marketing",1,"Female",94,1,5,"Manager",2,"Single",18824,2493,2,"Yes",16,3,1,0,26,2,3,24,10,1,11
"915",55,"No","Non Travel",177,"R&D",8,1,"Medical Sciences",4,"Male",37,2,4,"Healthcare Representative",2,"Divorced",13577,25592,1,"Yes",15,3,4,1,34,3,3,33,9,15,0
"916",21,"Yes","Travel Frequently",251,"R&D",10,2,"Life Sciences",1,"Female",45,2,1,"Laboratory Technician",3,"Single",2625,25308,1,"No",20,4,3,0,2,2,1,2,2,2,2
"917",46,"No","Travel Rarely",168,"Sales",4,2,"Marketing",4,"Female",33,2,5,"Manager",3,"Married",18789,9946,2,"No",14,3,3,1,26,2,3,11,4,0,8
"918",34,"No","Travel Rarely",131,"Sales",2,3,"Marketing",3,"Female",86,3,2,"Sales Executive",1,"Single",4538,6039,0,"Yes",12,3,4,0,4,3,3,3,2,0,2
"919",51,"No","Travel Frequently",237,"Sales",9,3,"Life Sciences",4,"Male",83,3,5,"Manager",2,"Married",19847,19196,4,"Yes",24,4,2,1,31,5,2,29,10,11,10
"920",59,"No","Travel Rarely",1429,"R&D",18,4,"Medical Sciences",4,"Male",67,3,3,"Manufacturing Director",4,"Single",10512,20002,6,"No",12,3,4,0,25,6,2,9,7,5,4
"921",34,"No","Travel Frequently",135,"R&D",19,3,"Medical Sciences",3,"Female",46,3,2,"Sales Executive",2,"Divorced",4444,22534,4,"No",13,3,3,2,15,2,4,11,8,5,10
"922",28,"No","Travel Frequently",791,"R&D",1,4,"Medical Sciences",4,"Male",44,3,1,"Laboratory Technician",3,"Single",2154,6842,0,"Yes",11,3,3,0,5,2,3,4,2,0,2
"923",44,"No","Travel Rarely",1199,"R&D",4,2,"Life Sciences",3,"Male",92,4,5,"Manager",1,"Divorced",19190,17477,1,"No",14,3,4,2,26,4,2,25,9,14,13
"924",34,"No","Travel Frequently",648,"HR",11,3,"Life Sciences",3,"Male",56,2,2,"HR",2,"Married",4490,21833,4,"No",11,3,4,2,14,5,4,10,9,1,8
"925",35,"No","Travel Rarely",735,"R&D",6,1,"Life Sciences",2,"Male",66,3,1,"Research Scientist",3,"Married",3506,6020,0,"Yes",14,3,4,0,4,3,3,3,2,2,2
"926",42,"No","Travel Rarely",603,"R&D",7,4,"Medical Sciences",2,"Female",78,4,2,"Research Scientist",2,"Married",2372,5628,6,"Yes",16,3,4,0,18,2,3,1,0,0,0
"927",43,"No","Travel Rarely",531,"Sales",4,4,"Marketing",4,"Female",56,2,3,"Sales Executive",4,"Single",10231,20364,3,"No",14,3,4,0,23,3,4,21,7,15,17
"928",36,"No","Travel Rarely",429,"R&D",2,4,"Life Sciences",3,"Female",53,3,2,"Manufacturing Director",2,"Single",5410,2323,9,"Yes",11,3,4,0,18,2,3,16,14,5,12
"929",44,"Yes","Travel Rarely",621,"R&D",15,3,"Medical Sciences",1,"Female",73,3,3,"Healthcare Representative",4,"Married",7978,14075,1,"No",11,3,4,1,10,2,3,10,7,0,5
"930",28,"No","Travel Frequently",193,"R&D",2,1,"Life Sciences",4,"Male",52,2,1,"Laboratory Technician",4,"Married",3867,14222,1,"Yes",12,3,2,1,2,2,3,2,2,2,2
"931",51,"No","Travel Frequently",968,"R&D",6,2,"Medical Sciences",2,"Female",40,2,1,"Laboratory Technician",3,"Single",2838,4257,0,"No",14,3,2,0,8,6,2,7,0,7,7
"932",30,"No","Non Travel",879,"R&D",9,2,"Medical Sciences",3,"Female",72,3,2,"Manufacturing Director",3,"Single",4695,12858,7,"Yes",18,3,3,0,10,3,3,8,4,1,7
"933",29,"Yes","Travel Rarely",806,"R&D",2,3,"Technical",2,"Female",39,3,1,"Laboratory Technician",3,"Married",3339,17285,3,"Yes",13,3,1,2,10,3,3,7,7,7,7
"934",28,"No","Travel Rarely",640,"R&D",1,3,"Technical",4,"Male",84,3,1,"Research Scientist",1,"Single",2080,4732,2,"No",11,3,2,0,5,2,2,3,2,1,2
"935",25,"No","Travel Rarely",266,"R&D",1,3,"Medical Sciences",4,"Female",40,3,1,"Research Scientist",2,"Single",2096,18830,1,"No",18,3,4,0,2,3,2,2,2,2,1
"936",32,"No","Travel Rarely",604,"Sales",8,3,"Life Sciences",3,"Male",56,4,2,"Sales Executive",4,"Married",6209,11693,1,"No",15,3,3,2,10,4,4,10,7,0,8
"937",45,"No","Travel Frequently",364,"R&D",25,3,"Medical Sciences",2,"Female",83,3,5,"Manager",2,"Single",18061,13035,3,"No",22,4,3,0,22,4,3,0,0,0,0
"938",39,"No","Travel Rarely",412,"R&D",13,4,"Medical Sciences",3,"Female",94,2,4,"Manager",2,"Divorced",17123,17334,6,"Yes",13,3,4,2,21,4,3,19,14,15,2
"939",58,"No","Travel Rarely",848,"R&D",23,4,"Life Sciences",1,"Male",88,3,1,"Research Scientist",4,"Divorced",2372,26076,1,"No",12,3,4,2,2,3,3,2,2,2,2
"940",32,"Yes","Travel Rarely",1089,"R&D",7,2,"Life Sciences",4,"Male",79,3,2,"Laboratory Technician",3,"Married",4883,22845,1,"No",14,3,1,1,10,3,3,10,4,1,1
"941",39,"Yes","Travel Rarely",360,"R&D",23,3,"Medical Sciences",3,"Male",93,3,1,"Research Scientist",1,"Single",3904,22154,0,"No",13,3,1,0,6,2,3,5,2,0,3
"942",30,"No","Travel Rarely",1138,"R&D",6,3,"Technical",1,"Female",48,2,2,"Laboratory Technician",4,"Married",4627,23631,0,"No",12,3,1,1,10,6,3,9,2,6,7
"943",36,"No","Travel Rarely",325,"R&D",10,4,"Technical",4,"Female",63,3,3,"Healthcare Representative",3,"Married",7094,5747,3,"No",12,3,1,0,10,0,3,7,7,1,7
"944",46,"No","Travel Rarely",991,"HR",1,2,"Technical",4,"Female",44,3,1,"HR",1,"Single",3423,22957,6,"No",12,3,4,0,10,3,4,7,6,5,7
"945",28,"No","Non Travel",1476,"R&D",1,3,"Life Sciences",3,"Female",55,1,2,"Laboratory Technician",4,"Married",6674,16392,0,"No",11,3,1,3,10,6,3,9,8,7,5
"946",50,"No","Travel Rarely",1322,"R&D",28,3,"Life Sciences",4,"Female",43,3,4,"Research Director",1,"Married",16880,22422,4,"Yes",11,3,2,0,25,2,3,3,2,1,2
"947",40,"Yes","Travel Rarely",299,"Sales",25,4,"Marketing",4,"Male",57,2,3,"Sales Executive",2,"Single",9094,17235,2,"Yes",12,3,3,0,9,2,3,5,4,1,0
"948",52,"Yes","Travel Rarely",1030,"Sales",5,3,"Life Sciences",2,"Male",64,3,3,"Sales Executive",2,"Single",8446,21534,9,"Yes",19,3,3,0,10,2,2,8,7,7,7
"949",30,"No","Travel Rarely",634,"R&D",17,4,"Medical Sciences",2,"Female",95,3,3,"Manager",1,"Married",11916,25927,1,"No",23,4,4,2,9,2,3,9,1,0,8
"950",39,"No","Travel Rarely",524,"R&D",18,2,"Life Sciences",1,"Male",32,3,2,"Manufacturing Director",3,"Single",4534,13352,0,"No",11,3,1,0,9,6,3,8,7,1,7
"951",31,"No","Non Travel",587,"Sales",2,4,"Life Sciences",4,"Female",57,3,3,"Sales Executive",3,"Divorced",9852,8935,1,"Yes",19,3,1,1,10,4,2,10,8,9,6
"952",41,"No","Non Travel",256,"Sales",10,2,"Medical Sciences",3,"Male",40,2,2,"Sales Executive",2,"Single",6151,22074,1,"No",13,3,1,0,19,4,3,19,2,11,9
"953",31,"Yes","Travel Frequently",1060,"Sales",1,3,"Life Sciences",4,"Female",54,3,1,"Sales Representative",2,"Single",2302,8319,1,"Yes",11,3,1,0,3,2,4,3,2,2,2
"954",19,"Yes","Travel Rarely",935,"R&D",3,3,"Life Sciences",1,"Male",89,3,1,"Laboratory Technician",1,"Married",2362,14669,4,"No",12,3,3,0,10,4,4,3,2,1,2
"955",42,"No","Non Travel",495,"R&D",2,1,"Life Sciences",3,"Male",37,3,4,"Manager",3,"Married",17861,26582,0,"Yes",13,3,4,0,21,3,3,20,8,2,10
"956",55,"No","Travel Rarely",282,"R&D",2,2,"Medical Sciences",4,"Female",58,1,5,"Manager",3,"Married",19187,6992,4,"No",14,3,4,1,23,5,3,19,9,9,11
"957",56,"No","Travel Rarely",206,"HR",8,4,"Life Sciences",4,"Male",83,3,5,"Manager",2,"Single",19717,4022,6,"No",14,3,1,0,36,4,3,7,3,7,7
"958",40,"No","Non Travel",458,"R&D",16,2,"Life Sciences",3,"Male",74,4,1,"Research Scientist",3,"Divorced",3544,8532,9,"No",16,3,2,1,6,0,3,4,2,0,0
"959",34,"No","Travel Rarely",943,"R&D",9,3,"Life Sciences",4,"Male",86,3,3,"Healthcare Representative",4,"Divorced",8500,5494,0,"No",11,3,4,1,10,0,2,9,7,1,6
"960",40,"No","Travel Rarely",523,"R&D",2,3,"Life Sciences",3,"Male",98,3,2,"Research Scientist",4,"Single",4661,22455,1,"No",13,3,3,0,9,3,3,9,8,8,8
"961",41,"No","Travel Frequently",1018,"Sales",1,3,"Marketing",3,"Female",66,3,2,"Sales Executive",1,"Divorced",4103,4297,0,"No",17,3,4,1,10,2,3,9,3,1,7
"962",35,"No","Travel Frequently",482,"R&D",4,4,"Life Sciences",3,"Male",87,3,2,"Research Scientist",3,"Single",4249,2690,1,"Yes",11,3,2,0,9,3,3,9,6,1,1
"963",51,"No","Travel Rarely",770,"HR",5,3,"Life Sciences",3,"Male",84,3,4,"Manager",2,"Divorced",14026,17588,1,"Yes",11,3,2,1,33,2,3,33,9,0,10
"964",38,"No","Travel Rarely",1009,"Sales",2,2,"Life Sciences",2,"Female",31,3,2,"Sales Executive",1,"Divorced",6893,19461,3,"No",15,3,4,1,11,3,3,7,7,1,7
"965",34,"No","Travel Rarely",507,"Sales",15,2,"Medical Sciences",3,"Female",66,3,2,"Sales Executive",1,"Single",6125,23553,1,"No",12,3,4,0,10,6,4,10,8,9,6
"966",25,"No","Travel Rarely",882,"R&D",19,1,"Medical Sciences",4,"Male",67,3,1,"Laboratory Technician",4,"Married",3669,9075,3,"No",11,3,3,3,7,2,2,3,2,0,2
"967",58,"Yes","Travel Rarely",601,"R&D",7,4,"Technical",3,"Female",53,2,3,"Manufacturing Director",1,"Married",10008,12023,4,"Yes",13,3,4,1,31,0,2,10,9,5,9
"968",40,"No","Travel Rarely",329,"R&D",1,4,"Life Sciences",2,"Male",88,3,1,"Laboratory Technician",2,"Married",2387,6762,3,"No",22,4,3,1,7,3,3,4,2,0,3
"969",36,"No","Travel Frequently",607,"Sales",7,3,"Marketing",1,"Female",45,4,2,"Sales Executive",1,"Married",4639,2261,2,"No",16,3,4,1,17,2,2,15,7,6,13
"970",48,"No","Travel Rarely",855,"R&D",4,4,"Life Sciences",4,"Male",54,3,3,"Manufacturing Director",4,"Single",7898,18706,1,"No",11,3,3,0,11,2,3,10,9,0,8
"971",27,"No","Travel Rarely",1291,"Sales",11,3,"Medical Sciences",3,"Female",98,4,1,"Sales Representative",4,"Married",2534,6527,8,"No",14,3,2,1,5,4,3,1,0,0,0
"972",51,"No","Travel Rarely",1405,"R&D",11,2,"Technical",4,"Female",82,2,4,"Manufacturing Director",2,"Single",13142,24439,3,"No",16,3,2,0,29,1,2,5,2,0,3
"973",18,"No","Non Travel",1124,"R&D",1,3,"Life Sciences",4,"Female",97,3,1,"Laboratory Technician",4,"Single",1611,19305,1,"No",15,3,3,0,0,5,4,0,0,0,0
"974",35,"No","Travel Rarely",817,"R&D",1,3,"Life Sciences",4,"Female",60,2,2,"Laboratory Technician",4,"Married",5363,10846,0,"No",12,3,2,1,10,0,3,9,7,0,0
"975",27,"No","Travel Frequently",793,"Sales",2,1,"Life Sciences",4,"Male",43,1,2,"Sales Executive",4,"Single",5071,20392,3,"No",20,4,2,0,8,3,3,6,2,0,0
"976",55,"Yes","Travel Rarely",267,"Sales",13,4,"Marketing",1,"Male",85,4,4,"Sales Executive",3,"Single",13695,9277,6,"Yes",17,3,3,0,24,2,2,19,7,3,8
"977",56,"No","Travel Rarely",1369,"R&D",23,3,"Life Sciences",4,"Male",68,3,4,"Manufacturing Director",2,"Married",13402,18235,4,"Yes",12,3,1,1,33,0,3,19,16,15,9
"978",34,"No","Non Travel",999,"R&D",26,1,"Technical",1,"Female",92,2,1,"Research Scientist",3,"Divorced",2029,15891,1,"No",20,4,3,3,5,2,3,5,4,0,0
"979",40,"No","Travel Rarely",1202,"R&D",2,1,"Medical Sciences",2,"Female",89,4,2,"Healthcare Representative",3,"Divorced",6377,13888,5,"No",20,4,2,3,15,0,3,12,11,11,8
"980",34,"No","Travel Rarely",285,"R&D",29,3,"Medical Sciences",2,"Male",86,3,2,"Laboratory Technician",3,"Married",5429,17491,4,"No",13,3,1,2,10,1,3,8,7,7,7
"981",31,"Yes","Travel Frequently",703,"Sales",2,3,"Life Sciences",3,"Female",90,2,1,"Sales Representative",4,"Single",2785,11882,7,"No",11,3,3,0,3,3,4,1,0,0,0
"982",35,"Yes","Travel Frequently",662,"Sales",18,4,"Marketing",4,"Female",67,3,2,"Sales Executive",3,"Married",4614,19658,0,"Yes",18,3,3,1,5,0,2,4,2,3,2
"984",34,"No","Travel Rarely",404,"R&D",2,4,"Technical",3,"Female",98,3,2,"Healthcare Representative",4,"Single",6687,6163,1,"No",11,3,4,0,14,2,4,14,11,4,11
"985",28,"No","Travel Rarely",736,"Sales",26,3,"Life Sciences",3,"Male",48,2,2,"Sales Executive",1,"Married",4724,24232,1,"No",20,3,3,1,5,0,3,5,3,0,4
"986",31,"Yes","Travel Rarely",330,"R&D",22,4,"Medical Sciences",4,"Male",98,3,2,"Manufacturing Director",3,"Married",6179,21057,1,"Yes",15,3,4,2,10,2,2,10,2,6,7
"987",39,"No","Travel Rarely",1498,"Sales",21,4,"Life Sciences",1,"Male",44,2,2,"Sales Executive",4,"Married",6120,3567,3,"Yes",12,3,4,2,8,2,4,5,4,1,4
"988",51,"No","Travel Frequently",541,"Sales",2,3,"Marketing",2,"Male",52,3,3,"Sales Executive",2,"Married",10596,15395,2,"No",11,3,2,0,14,2,3,4,2,3,2
"989",41,"No","Travel Frequently",1200,"R&D",22,3,"Life Sciences",4,"Female",75,3,2,"Research Scientist",4,"Divorced",5467,13953,3,"Yes",14,3,1,2,12,4,2,6,2,3,3
"990",37,"No","Travel Rarely",1439,"R&D",4,1,"Life Sciences",3,"Male",54,3,1,"Research Scientist",3,"Married",2996,5182,7,"Yes",15,3,4,0,8,2,3,6,4,1,3
"991",33,"No","Travel Frequently",1111,"Sales",5,1,"Life Sciences",2,"Male",61,3,2,"Sales Executive",4,"Married",9998,19293,6,"No",13,3,3,0,8,2,4,5,4,1,2
"992",32,"No","Travel Rarely",499,"Sales",2,1,"Marketing",3,"Male",36,3,2,"Sales Executive",2,"Married",4078,20497,0,"Yes",13,3,1,3,4,3,2,3,2,1,2
"993",39,"No","Non Travel",1485,"R&D",25,2,"Life Sciences",3,"Male",71,3,3,"Healthcare Representative",3,"Married",10920,3449,3,"No",21,4,2,1,13,2,3,6,4,0,5
"994",25,"No","Travel Rarely",1372,"Sales",18,1,"Life Sciences",1,"Male",93,4,2,"Sales Executive",3,"Married",6232,12477,2,"No",11,3,2,0,6,3,2,3,2,1,2
"995",52,"No","Travel Frequently",322,"R&D",28,2,"Medical Sciences",4,"Female",59,4,4,"Manufacturing Director",3,"Married",13247,9731,2,"Yes",11,3,2,1,24,3,2,5,3,0,2
"996",43,"No","Travel Rarely",930,"R&D",6,3,"Medical Sciences",1,"Female",73,2,2,"Research Scientist",3,"Single",4081,20003,1,"Yes",14,3,1,0,20,3,1,20,7,1,8
"997",27,"No","Travel Rarely",205,"Sales",10,3,"Marketing",4,"Female",98,2,2,"Sales Executive",4,"Married",5769,7100,1,"Yes",11,3,4,0,6,3,3,6,2,4,4
"998",27,"Yes","Travel Rarely",135,"R&D",17,4,"Life Sciences",4,"Female",51,3,1,"Research Scientist",3,"Single",2394,25681,1,"Yes",13,3,4,0,8,2,3,8,2,0,7
"999",26,"No","Travel Rarely",683,"R&D",2,1,"Medical Sciences",1,"Male",36,2,1,"Research Scientist",4,"Single",3904,4050,0,"No",12,3,4,0,5,2,3,4,3,1,1
"1000",42,"No","Travel Rarely",1147,"HR",10,3,"HR",3,"Female",31,3,4,"Manager",1,"Married",16799,16616,0,"No",14,3,3,1,21,5,3,20,7,0,9
"1001",52,"No","Travel Rarely",258,"R&D",8,4,"Other",3,"Female",54,3,1,"Laboratory Technician",1,"Married",2950,17363,9,"No",13,3,3,0,12,2,1,5,4,0,4
"1002",37,"No","Travel Rarely",1462,"R&D",11,3,"Medical Sciences",1,"Female",94,3,1,"Laboratory Technician",3,"Single",3629,19106,4,"No",18,3,1,0,8,6,3,3,2,0,2
"1003",35,"No","Travel Frequently",200,"R&D",18,2,"Life Sciences",3,"Male",60,3,3,"Manufacturing Director",4,"Single",9362,19944,2,"No",11,3,3,0,10,2,3,2,2,2,2
"1004",25,"No","Travel Rarely",949,"R&D",1,3,"Technical",1,"Male",81,3,1,"Laboratory Technician",4,"Married",3229,4910,4,"No",11,3,2,1,7,2,2,3,2,0,2
"1005",26,"No","Travel Rarely",652,"R&D",7,3,"Other",3,"Male",89,4,1,"Laboratory Technician",1,"Single",3578,23577,0,"No",12,3,4,0,8,2,3,7,7,0,7
"1006",29,"No","Travel Rarely",332,"HR",17,3,"Other",2,"Male",51,2,3,"HR",1,"Single",7988,9769,1,"No",13,3,1,0,9,3,2,10,9,0,9
"1007",49,"Yes","Travel Frequently",1475,"R&D",28,2,"Life Sciences",1,"Male",97,2,2,"Laboratory Technician",1,"Single",4284,22710,3,"No",20,4,1,0,20,2,3,4,3,1,3
"1008",29,"Yes","Travel Frequently",337,"R&D",14,1,"Other",3,"Female",84,3,3,"Healthcare Representative",4,"Married",7553,22930,0,"Yes",12,3,1,0,9,1,3,8,7,7,7
"1009",54,"No","Travel Rarely",971,"R&D",1,3,"Medical Sciences",4,"Female",54,3,4,"Research Director",4,"Single",17328,5652,6,"No",19,3,4,0,29,3,2,20,7,12,7
"1010",58,"No","Travel Rarely",1055,"R&D",1,3,"Medical Sciences",4,"Female",76,3,5,"Research Director",1,"Married",19701,22456,3,"Yes",21,4,3,1,32,3,3,9,8,1,5
"1011",55,"No","Travel Rarely",1136,"R&D",1,4,"Medical Sciences",2,"Male",81,4,4,"Research Director",4,"Divorced",14732,12414,2,"No",13,3,4,2,31,4,4,7,7,0,0
"1012",36,"No","Travel Rarely",1174,"Sales",3,4,"Marketing",1,"Female",99,3,2,"Sales Executive",2,"Single",9278,20763,3,"Yes",16,3,4,0,15,3,3,5,4,0,1
"1013",31,"Yes","Travel Frequently",667,"Sales",1,4,"Life Sciences",2,"Female",50,1,1,"Sales Representative",3,"Single",1359,16154,1,"No",12,3,2,0,1,3,3,1,0,0,0
"1014",30,"No","Travel Rarely",855,"Sales",7,4,"Marketing",4,"Female",73,3,2,"Sales Executive",1,"Divorced",4779,12761,7,"No",14,3,2,2,8,3,3,3,2,0,2
"1015",43,"No","Travel Rarely",182,"R&D",8,5,"Life Sciences",1,"Female",93,3,4,"Research Director",2,"Single",16422,8847,3,"No",11,3,3,0,9,3,4,3,2,1,0
"1016",34,"No","Travel Frequently",560,"R&D",1,4,"Other",4,"Male",91,3,1,"Research Scientist",1,"Divorced",2996,20284,5,"No",14,3,3,2,10,2,3,4,3,1,3
"1017",31,"Yes","Travel Rarely",202,"R&D",8,3,"Life Sciences",1,"Female",34,2,1,"Research Scientist",2,"Single",1261,22262,1,"No",12,3,3,0,1,3,4,1,0,0,0
"1018",27,"No","Travel Rarely",1377,"R&D",11,1,"Life Sciences",2,"Male",91,3,1,"Laboratory Technician",1,"Married",2099,7679,0,"No",14,3,2,0,6,3,4,5,0,1,4
"1019",36,"No","Travel Rarely",172,"R&D",4,4,"Life Sciences",1,"Male",37,2,2,"Laboratory Technician",4,"Single",5810,22604,1,"No",16,3,3,0,10,2,2,10,4,10,8
"1020",36,"No","Travel Rarely",1334,"Sales",16,4,"Marketing",3,"Female",98,2,2,"Sales Executive",1,"Married",5647,13494,4,"No",13,3,1,2,11,3,2,3,2,0,2
"1021",47,"No","Travel Rarely",465,"R&D",1,3,"Technical",1,"Male",74,3,1,"Research Scientist",4,"Married",3420,10205,7,"No",12,3,3,1,17,2,2,6,5,1,2
"1022",25,"Yes","Travel Rarely",383,"Sales",9,2,"Life Sciences",1,"Male",68,2,1,"Sales Representative",1,"Married",4400,15182,3,"No",12,3,1,0,6,2,3,3,2,2,2
"1023",37,"No","Non Travel",1413,"R&D",5,2,"Technical",3,"Male",84,4,1,"Laboratory Technician",3,"Single",3500,25470,0,"No",14,3,1,0,7,2,1,6,5,1,3
"1024",56,"No","Travel Rarely",1255,"R&D",1,2,"Life Sciences",1,"Male",90,3,1,"Research Scientist",1,"Married",4157,10494,2,"No",22,4,4,1,5,3,4,3,2,1,0
"1025",47,"No","Travel Rarely",359,"R&D",2,4,"Medical Sciences",1,"Female",67,3,4,"Research Director",3,"Married",17169,26703,3,"No",19,3,2,2,26,2,4,20,17,5,6
"1026",24,"No","Travel Rarely",1476,"Sales",4,1,"Medical Sciences",4,"Female",42,3,2,"Sales Executive",3,"Married",4162,15211,1,"Yes",12,3,3,2,5,3,3,5,4,0,3
"1027",32,"No","Travel Rarely",601,"Sales",7,5,"Marketing",4,"Male",97,3,2,"Sales Executive",4,"Married",9204,23343,8,"No",12,3,3,1,7,3,2,4,3,0,4
"1028",34,"No","Travel Rarely",401,"R&D",1,3,"Life Sciences",4,"Female",86,2,1,"Laboratory Technician",2,"Married",3294,3708,5,"No",17,3,1,1,7,2,2,5,4,0,2
"1029",41,"No","Travel Rarely",1283,"R&D",5,5,"Medical Sciences",2,"Male",90,4,1,"Research Scientist",3,"Married",2127,5561,2,"Yes",12,3,1,0,7,5,2,4,2,0,3
"1030",40,"No","Non Travel",663,"R&D",9,4,"Other",3,"Male",81,3,2,"Laboratory Technician",3,"Divorced",3975,23099,3,"No",11,3,3,2,11,2,4,8,7,0,7
"1031",31,"No","Travel Rarely",326,"Sales",8,2,"Life Sciences",1,"Male",31,3,3,"Sales Executive",4,"Divorced",10793,8386,1,"No",14,3,1,1,13,5,3,13,7,9,9
"1032",46,"Yes","Travel Rarely",377,"Sales",9,3,"Marketing",1,"Male",52,3,3,"Sales Executive",4,"Divorced",10096,15986,4,"No",11,3,1,1,28,1,4,7,7,4,3
"1033",39,"Yes","Non Travel",592,"R&D",2,3,"Life Sciences",1,"Female",54,2,1,"Laboratory Technician",1,"Single",3646,17181,2,"Yes",23,4,2,0,11,2,4,1,0,0,0
"1034",31,"Yes","Travel Frequently",1445,"R&D",1,5,"Life Sciences",3,"Female",100,4,3,"Manufacturing Director",2,"Single",7446,8931,1,"No",11,3,1,0,10,2,3,10,8,4,7
"1035",45,"No","Travel Rarely",1038,"R&D",20,3,"Medical Sciences",2,"Male",95,1,3,"Healthcare Representative",1,"Divorced",10851,19863,2,"Yes",18,3,2,1,24,2,3,7,7,0,7
"1036",31,"No","Travel Rarely",1398,"HR",8,2,"Medical Sciences",4,"Female",96,4,1,"HR",2,"Single",2109,24609,9,"No",18,3,4,0,8,3,3,3,2,0,2
"1037",31,"Yes","Travel Frequently",523,"R&D",2,3,"Life Sciences",2,"Male",94,3,1,"Laboratory Technician",4,"Married",3722,21081,6,"Yes",13,3,3,1,7,2,1,2,2,2,2
"1038",45,"No","Travel Rarely",1448,"R&D",29,3,"Technical",2,"Male",55,3,3,"Manufacturing Director",4,"Married",9380,14720,4,"Yes",18,3,4,2,10,4,4,3,1,1,2
"1039",48,"No","Travel Rarely",1221,"Sales",7,3,"Marketing",3,"Male",96,3,2,"Sales Executive",1,"Divorced",5486,24795,4,"No",11,3,1,3,15,3,3,2,2,2,2
"1040",34,"Yes","Travel Rarely",1107,"HR",9,4,"Technical",1,"Female",52,3,1,"HR",3,"Married",2742,3072,1,"No",15,3,4,0,2,0,3,2,2,2,2
"1041",40,"No","Non Travel",218,"R&D",8,1,"Medical Sciences",4,"Male",55,2,3,"Research Director",2,"Divorced",8474,25178,2,"No",11,3,3,1,16,5,3,9,8,4,0
"1042",28,"No","Travel Rarely",866,"Sales",5,3,"Medical Sciences",4,"Male",84,3,2,"Sales Executive",1,"Single",8463,23490,0,"No",18,3,4,0,6,4,3,5,4,1,3
"1043",44,"No","Non Travel",981,"R&D",5,3,"Life Sciences",3,"Male",90,2,1,"Laboratory Technician",3,"Single",3162,7973,3,"No",14,3,4,0,7,5,3,5,2,0,3
"1044",53,"No","Travel Rarely",447,"R&D",2,3,"Medical Sciences",4,"Male",39,4,4,"Research Director",2,"Single",17123,19764,4,"No",12,3,2,0,35,2,2,9,8,8,8
"1045",49,"No","Travel Rarely",1495,"R&D",2,4,"Technical",1,"Male",96,3,2,"Healthcare Representative",3,"Married",6651,21534,2,"No",14,3,2,1,20,0,2,3,2,1,2
"1047",44,"No","Travel Rarely",1467,"R&D",20,3,"Life Sciences",4,"Male",49,3,1,"Research Scientist",2,"Single",3420,21158,1,"No",13,3,3,0,6,3,2,5,2,1,3
"1048",33,"No","Travel Frequently",430,"Sales",7,3,"Medical Sciences",4,"Male",54,3,2,"Sales Executive",1,"Married",4373,17456,0,"No",14,3,1,2,5,2,3,4,3,0,3
"1049",34,"No","Travel Rarely",1326,"Sales",3,3,"Technical",4,"Male",81,1,2,"Sales Executive",1,"Single",4759,15891,3,"No",18,3,4,0,15,2,3,13,9,3,12
"1050",30,"No","Travel Rarely",1358,"Sales",16,1,"Life Sciences",4,"Male",96,3,2,"Sales Executive",3,"Married",5301,2939,8,"No",15,3,3,2,4,2,2,2,1,2,2
"1051",42,"No","Travel Frequently",748,"R&D",9,2,"Medical Sciences",1,"Female",74,3,1,"Laboratory Technician",4,"Single",3673,16458,1,"No",13,3,3,0,12,3,3,12,9,5,8
"1052",44,"No","Travel Frequently",383,"Sales",1,5,"Marketing",1,"Female",79,3,2,"Sales Executive",3,"Married",4768,9282,7,"No",12,3,3,1,11,4,2,3,0,0,0
"1053",30,"No","Non Travel",990,"R&D",7,4,"Technical",3,"Male",64,3,1,"Research Scientist",3,"Divorced",1274,7152,1,"No",13,3,2,2,1,2,2,1,0,0,0
"1054",57,"No","Travel Rarely",405,"R&D",1,2,"Life Sciences",2,"Male",93,4,2,"Research Scientist",3,"Married",4900,2721,0,"No",24,4,1,1,13,2,2,12,9,2,8
"1055",49,"No","Travel Rarely",1490,"R&D",7,4,"Life Sciences",3,"Male",96,3,3,"Healthcare Representative",2,"Divorced",10466,5100,3,"No",14,3,2,2,29,3,3,8,7,0,7
"1056",34,"No","Travel Frequently",829,"R&D",15,3,"Medical Sciences",2,"Male",71,3,4,"Research Director",1,"Divorced",17007,11929,7,"No",14,3,4,2,16,3,2,14,8,6,9
"1057",28,"Yes","Travel Frequently",1496,"Sales",1,3,"Technical",1,"Male",92,3,1,"Sales Representative",3,"Married",2909,15747,3,"No",15,3,4,1,5,3,4,3,2,1,2
"1058",29,"Yes","Travel Frequently",115,"Sales",13,3,"Technical",1,"Female",51,3,2,"Sales Executive",2,"Single",5765,17485,5,"No",11,3,1,0,10,4,1,5,3,0,0
"1059",34,"Yes","Travel Rarely",790,"Sales",24,4,"Medical Sciences",1,"Female",40,2,2,"Sales Executive",2,"Single",4599,7815,0,"Yes",23,4,3,0,16,2,4,15,9,10,10
"1060",35,"No","Travel Rarely",660,"Sales",7,1,"Life Sciences",4,"Male",76,3,1,"Sales Representative",3,"Married",2404,16192,1,"No",13,3,1,1,1,3,3,1,0,0,0
"1061",24,"Yes","Travel Frequently",381,"R&D",9,3,"Medical Sciences",2,"Male",89,3,1,"Laboratory Technician",1,"Single",3172,16998,2,"Yes",11,3,3,0,4,2,2,0,0,0,0
"1062",24,"No","Non Travel",830,"Sales",13,2,"Life Sciences",4,"Female",78,3,1,"Sales Representative",2,"Married",2033,7103,1,"No",13,3,3,1,1,2,3,1,0,0,0
"1063",44,"No","Travel Frequently",1193,"R&D",2,1,"Medical Sciences",2,"Male",86,3,3,"Manufacturing Director",3,"Single",10209,19719,5,"Yes",18,3,2,0,16,2,2,2,2,2,2
"1064",29,"No","Travel Rarely",1246,"Sales",19,3,"Life Sciences",3,"Male",77,2,2,"Sales Executive",3,"Divorced",8620,23757,1,"No",14,3,3,2,10,3,3,10,7,0,4
"1065",30,"No","Travel Rarely",330,"HR",1,4,"Life Sciences",3,"Male",48,3,1,"HR",3,"Divorced",2064,15428,0,"No",21,4,1,1,6,3,4,5,3,1,3
"1066",55,"No","Travel Rarely",1229,"R&D",4,4,"Life Sciences",4,"Male",30,3,2,"Healthcare Representative",3,"Married",4035,16143,0,"Yes",16,3,2,0,4,2,3,3,2,1,2
"1067",33,"No","Travel Rarely",1099,"R&D",4,4,"Medical Sciences",1,"Female",82,2,1,"Laboratory Technician",2,"Married",3838,8192,8,"No",11,3,4,0,8,5,3,5,4,0,2
"1068",43,"No","Travel Rarely",571,"Sales",14,3,"Medical Sciences",3,"Female",78,3,2,"Sales Executive",3,"Married",4591,24200,3,"Yes",17,3,3,1,11,4,2,5,4,1,2
"1069",28,"Yes","Travel Frequently",289,"R&D",2,2,"Medical Sciences",2,"Male",38,2,1,"Laboratory Technician",1,"Single",2561,5355,7,"No",11,3,3,0,8,2,2,0,0,0,0
"1070",28,"No","Travel Rarely",1423,"R&D",1,3,"Life Sciences",1,"Male",72,2,1,"Research Scientist",3,"Divorced",1563,17808,1,"No",14,3,3,1,1,2,1,1,0,0,0
"1071",28,"No","Travel Frequently",467,"Sales",7,3,"Life Sciences",3,"Male",55,3,2,"Sales Executive",1,"Single",4898,11827,0,"No",14,3,4,0,5,5,3,4,2,1,3
"1072",49,"No","Travel Rarely",271,"R&D",3,2,"Medical Sciences",3,"Female",43,2,2,"Laboratory Technician",1,"Married",4789,23070,4,"No",25,4,1,1,10,3,3,3,2,1,2
"1073",29,"No","Travel Frequently",410,"R&D",2,1,"Life Sciences",4,"Female",97,3,1,"Laboratory Technician",2,"Married",3180,4668,0,"No",13,3,3,3,4,3,3,3,2,0,2
"1074",28,"No","Travel Rarely",1083,"R&D",29,1,"Life Sciences",3,"Male",96,1,2,"Manufacturing Director",2,"Married",6549,3173,1,"No",14,3,2,2,8,2,2,8,6,1,7
"1075",33,"No","Travel Rarely",516,"R&D",8,5,"Life Sciences",4,"Male",69,3,2,"Healthcare Representative",3,"Single",6388,22049,2,"Yes",17,3,1,0,14,6,3,0,0,0,0
"1076",32,"No","Travel Rarely",495,"R&D",10,3,"Medical Sciences",3,"Male",64,3,3,"Manager",4,"Single",11244,21072,2,"No",25,4,2,0,10,5,4,5,2,0,0
"1077",54,"No","Travel Frequently",1050,"R&D",11,4,"Medical Sciences",2,"Female",87,3,4,"Manager",4,"Divorced",16032,24456,3,"No",20,4,1,1,26,2,3,14,9,1,12
"1078",29,"Yes","Travel Rarely",224,"R&D",1,4,"Technical",1,"Male",100,2,1,"Research Scientist",1,"Single",2362,7568,6,"No",13,3,3,0,11,2,1,9,7,0,7
"1079",44,"No","Travel Rarely",136,"R&D",28,3,"Life Sciences",4,"Male",32,3,4,"Research Director",1,"Married",16328,22074,3,"No",13,3,3,1,24,1,4,20,6,14,17
"1080",39,"No","Travel Rarely",1089,"R&D",6,3,"Life Sciences",2,"Female",32,3,3,"Manufacturing Director",2,"Single",8376,9150,4,"No",18,3,4,0,9,3,3,2,0,2,2
"1081",46,"No","Travel Rarely",228,"R&D",3,3,"Life Sciences",3,"Female",51,3,4,"Manager",2,"Married",16606,11380,8,"No",12,3,4,1,23,2,4,13,12,5,1
"1082",35,"No","Travel Rarely",1029,"R&D",16,3,"Life Sciences",4,"Female",91,2,3,"Healthcare Representative",2,"Single",8606,21195,1,"No",19,3,4,0,11,2,1,11,8,3,3
"1083",23,"No","Travel Rarely",507,"R&D",24,1,"Life Sciences",1,"Male",97,3,2,"Laboratory Technician",3,"Single",2272,24812,0,"No",14,3,2,0,5,2,3,4,3,1,2
"1084",40,"Yes","Travel Rarely",676,"R&D",9,4,"Life Sciences",4,"Male",86,3,1,"Laboratory Technician",1,"Single",2018,21831,3,"No",14,3,2,0,15,3,1,5,4,1,0
"1085",34,"No","Travel Rarely",971,"Sales",1,3,"Technical",4,"Male",64,2,3,"Sales Executive",4,"Married",7083,12288,1,"Yes",14,3,4,0,10,3,3,10,9,8,6
"1086",31,"Yes","Travel Frequently",561,"R&D",3,3,"Life Sciences",4,"Female",33,3,1,"Research Scientist",3,"Single",4084,4156,1,"No",12,3,1,0,7,2,1,7,2,7,7
"1087",50,"No","Travel Frequently",333,"R&D",22,5,"Medical Sciences",3,"Male",88,1,4,"Research Director",4,"Single",14411,24450,1,"Yes",13,3,4,0,32,2,3,32,6,13,9
"1088",34,"No","Travel Rarely",1440,"Sales",7,2,"Technical",2,"Male",55,3,1,"Sales Representative",3,"Married",2308,4944,7,"Yes",25,4,2,1,12,4,3,11,10,5,7
"1089",42,"No","Travel Rarely",1210,"R&D",2,3,"Medical Sciences",3,"Male",68,2,1,"Laboratory Technician",2,"Married",4841,24052,4,"No",12,3,2,1,4,3,3,1,0,0,0
"1090",37,"No","Travel Rarely",674,"R&D",13,3,"Medical Sciences",1,"Male",47,3,2,"Research Scientist",4,"Married",4285,3031,1,"No",17,3,1,0,10,2,3,10,8,3,7
"1091",29,"No","Travel Rarely",441,"R&D",8,1,"Other",3,"Female",39,1,2,"Healthcare Representative",1,"Married",9715,7288,3,"No",13,3,3,1,9,3,3,7,7,0,7
"1092",33,"No","Travel Rarely",120,"R&D",25,3,"Life Sciences",4,"Male",44,2,2,"Manufacturing Director",2,"Single",4320,24152,1,"No",13,3,4,0,5,2,3,5,3,0,2
"1093",45,"No","Travel Rarely",950,"R&D",28,3,"Technical",4,"Male",97,3,1,"Research Scientist",4,"Married",2132,4585,4,"No",20,4,4,1,8,3,3,5,4,0,3
"1094",42,"No","Travel Frequently",288,"R&D",2,3,"Life Sciences",4,"Male",40,3,3,"Healthcare Representative",4,"Married",10124,18611,2,"Yes",14,3,3,1,24,3,1,20,8,13,9
"1095",40,"No","Travel Rarely",1342,"Sales",9,2,"Medical Sciences",1,"Male",47,3,2,"Sales Executive",1,"Married",5473,19345,0,"No",12,3,4,0,9,5,4,8,4,7,1
"1096",33,"No","Travel Rarely",594,"R&D",28,4,"Life Sciences",2,"Male",79,3,2,"Laboratory Technician",3,"Married",5207,22949,1,"Yes",15,3,2,1,15,3,3,15,14,5,7
"1097",40,"No","Travel Rarely",898,"HR",6,2,"Medical Sciences",3,"Male",38,3,4,"Manager",4,"Single",16437,17381,1,"Yes",21,4,4,0,21,2,3,21,7,7,7
"1098",24,"No","Travel Rarely",350,"R&D",21,2,"Technical",3,"Male",57,2,1,"Laboratory Technician",1,"Divorced",2296,10036,0,"No",14,3,2,3,2,3,3,1,1,0,0
"1099",40,"No","Non Travel",1142,"R&D",8,2,"Life Sciences",3,"Male",72,3,2,"Healthcare Representative",4,"Divorced",4069,8841,3,"Yes",18,3,3,0,8,2,3,2,2,2,2
"1100",45,"No","Travel Rarely",538,"R&D",1,4,"Technical",1,"Male",66,3,3,"Healthcare Representative",2,"Divorced",7441,20933,1,"No",12,3,1,3,10,4,3,10,8,7,7
"1101",35,"No","Travel Rarely",1402,"Sales",28,4,"Life Sciences",2,"Female",98,2,1,"Sales Representative",3,"Married",2430,26204,0,"No",23,4,1,2,6,5,3,5,3,4,2
"1102",32,"No","Travel Rarely",824,"R&D",5,2,"Life Sciences",4,"Female",67,2,2,"Research Scientist",2,"Married",5878,15624,3,"No",12,3,1,1,12,2,3,7,1,2,5
"1103",36,"No","Travel Rarely",1157,"Sales",2,4,"Life Sciences",3,"Male",70,3,1,"Sales Representative",4,"Single",2644,17001,3,"Yes",21,4,4,0,7,3,2,3,2,1,2
"1104",48,"No","Travel Rarely",492,"Sales",16,4,"Life Sciences",3,"Female",96,3,2,"Sales Executive",3,"Divorced",6439,13693,8,"No",14,3,3,1,18,2,3,8,7,7,7
"1105",29,"No","Travel Rarely",598,"R&D",9,3,"Life Sciences",3,"Male",91,4,1,"Research Scientist",3,"Married",2451,22376,6,"No",18,3,1,2,5,2,2,1,0,0,0
"1106",33,"No","Travel Rarely",1242,"Sales",8,4,"Life Sciences",1,"Male",46,3,2,"Sales Executive",1,"Married",6392,10589,2,"No",13,3,4,1,8,6,1,2,2,2,2
"1107",30,"Yes","Travel Rarely",740,"Sales",1,3,"Life Sciences",2,"Male",64,2,2,"Sales Executive",1,"Married",9714,5323,1,"No",11,3,4,1,10,4,3,10,8,6,7
"1108",38,"No","Travel Frequently",888,"HR",10,4,"HR",3,"Male",71,3,2,"HR",3,"Married",6077,14814,3,"No",11,3,3,0,10,2,3,6,3,1,2
"1110",30,"No","Travel Rarely",1288,"Sales",29,4,"Technical",3,"Male",33,3,3,"Sales Executive",2,"Married",9250,17799,3,"No",12,3,2,1,9,3,3,4,0,1,3
"1111",35,"Yes","Travel Rarely",104,"R&D",2,3,"Life Sciences",1,"Female",69,3,1,"Laboratory Technician",1,"Divorced",2074,26619,1,"Yes",12,3,4,1,1,2,3,1,0,0,0
"1112",53,"Yes","Travel Rarely",607,"R&D",2,5,"Technical",3,"Female",78,2,3,"Manufacturing Director",4,"Married",10169,14618,0,"No",16,3,2,1,34,4,3,33,7,1,9
"1113",38,"Yes","Travel Rarely",903,"R&D",2,3,"Medical Sciences",3,"Male",81,3,2,"Manufacturing Director",2,"Married",4855,7653,4,"No",11,3,1,2,7,2,3,5,2,1,4
"1114",32,"No","Non Travel",1200,"R&D",1,3,"Technical",4,"Male",62,3,2,"Research Scientist",1,"Married",4087,25174,4,"No",14,3,2,1,9,3,2,6,5,1,2
"1115",35,"No","Travel Rarely",1108,"R&D",15,4,"Other",3,"Female",65,3,1,"Research Scientist",1,"Married",2367,16530,8,"No",12,3,4,1,10,3,2,8,2,7,6
"1116",34,"No","Travel Rarely",479,"R&D",7,4,"Medical Sciences",1,"Male",35,3,1,"Research Scientist",4,"Single",2972,22061,1,"No",13,3,3,0,1,4,1,1,0,0,0
"1117",55,"No","Travel Rarely",685,"Sales",26,5,"Marketing",3,"Male",60,2,5,"Manager",4,"Married",19586,23037,1,"No",21,4,3,1,36,3,3,36,6,2,13
"1118",34,"No","Travel Rarely",1351,"R&D",1,4,"Life Sciences",2,"Male",45,3,2,"Research Scientist",4,"Married",5484,13008,9,"No",17,3,2,1,9,3,2,2,2,2,1
"1119",26,"No","Travel Rarely",474,"R&D",3,3,"Life Sciences",1,"Female",89,3,1,"Research Scientist",4,"Married",2061,11133,1,"No",21,4,1,0,1,5,3,1,0,0,0
"1120",38,"No","Travel Rarely",1245,"Sales",14,3,"Life Sciences",3,"Male",80,3,2,"Sales Executive",2,"Married",9924,12355,0,"No",11,3,4,1,10,3,3,9,8,7,7
"1121",38,"No","Travel Rarely",437,"Sales",16,3,"Life Sciences",2,"Female",90,3,2,"Sales Executive",2,"Single",4198,16379,0,"No",12,3,2,0,8,5,4,3,2,1,2
"1122",36,"No","Travel Rarely",884,"Sales",1,4,"Life Sciences",2,"Female",73,3,2,"Sales Executive",3,"Single",6815,21447,6,"No",13,3,1,0,15,5,3,1,0,0,0
"1123",29,"No","Travel Rarely",1370,"R&D",3,1,"Medical Sciences",2,"Male",87,3,1,"Laboratory Technician",1,"Single",4723,16213,1,"No",18,3,4,0,10,3,3,10,9,1,5
"1124",35,"No","Travel Rarely",670,"R&D",10,4,"Medical Sciences",1,"Female",51,3,2,"Healthcare Representative",3,"Single",6142,4223,3,"Yes",16,3,3,1,10,4,3,5,2,0,4
"1125",39,"No","Travel Rarely",1223,"Sales",6,3,"Medical Sciences",4,"Male",38,4,3,"Sales Executive",3,"Married",8237,4658,2,"No",11,3,1,1,11,3,3,7,6,7,6
"1126",29,"No","Travel Frequently",995,"R&D",2,1,"Life Sciences",1,"Male",87,3,2,"Healthcare Representative",4,"Divorced",8853,24483,1,"No",19,3,4,1,6,0,4,6,8,1,3
"1127",50,"No","Travel Rarely",264,"Sales",9,3,"Marketing",3,"Male",59,3,5,"Manager",3,"Married",19331,19519,4,"Yes",16,3,3,1,27,2,3,1,0,0,0
"1128",23,"No","Travel Rarely",977,"R&D",10,3,"Technical",4,"Male",45,4,1,"Research Scientist",3,"Married",2073,12826,2,"No",16,3,4,1,4,3,3,2,2,2,2
"1129",36,"No","Travel Frequently",1302,"R&D",6,4,"Life Sciences",4,"Male",80,4,2,"Laboratory Technician",1,"Married",5562,19711,3,"Yes",13,3,4,1,9,3,3,3,2,0,2
"1130",42,"No","Travel Rarely",1059,"R&D",9,2,"Other",4,"Male",93,2,5,"Manager",4,"Single",19613,26362,8,"No",22,4,4,0,24,2,3,1,0,0,1
"1131",35,"No","Travel Rarely",750,"R&D",28,3,"Life Sciences",2,"Male",46,4,2,"Laboratory Technician",3,"Married",3407,25348,1,"No",17,3,4,2,10,3,2,10,9,6,8
"1132",34,"No","Travel Frequently",653,"R&D",10,4,"Technical",4,"Male",92,2,2,"Healthcare Representative",3,"Married",5063,15332,1,"No",14,3,2,1,8,3,2,8,2,7,7
"1133",40,"No","Travel Rarely",118,"Sales",14,2,"Life Sciences",4,"Female",84,3,2,"Sales Executive",1,"Married",4639,11262,1,"No",15,3,3,1,5,2,3,5,4,1,2
"1134",43,"No","Travel Rarely",990,"R&D",27,3,"Technical",4,"Male",87,4,1,"Laboratory Technician",2,"Divorced",4876,5855,5,"No",12,3,3,1,8,0,3,6,4,0,2
"1135",35,"No","Travel Rarely",1349,"R&D",7,2,"Life Sciences",3,"Male",63,2,1,"Laboratory Technician",4,"Married",2690,7713,1,"No",18,3,4,1,1,5,2,1,0,0,1
"1136",46,"No","Travel Rarely",563,"Sales",1,4,"Life Sciences",4,"Male",56,4,4,"Manager",1,"Single",17567,3156,1,"No",15,3,2,0,27,5,1,26,0,0,12
"1137",28,"Yes","Travel Rarely",329,"R&D",24,3,"Medical Sciences",3,"Male",51,3,1,"Laboratory Technician",2,"Married",2408,7324,1,"Yes",17,3,3,3,1,3,3,1,1,0,0
"1138",22,"No","Non Travel",457,"R&D",26,2,"Other",2,"Female",85,2,1,"Research Scientist",3,"Married",2814,10293,1,"Yes",14,3,2,0,4,2,2,4,2,1,3
"1139",50,"No","Travel Frequently",1234,"R&D",20,5,"Medical Sciences",2,"Male",41,3,4,"Healthcare Representative",3,"Married",11245,20689,2,"Yes",15,3,3,1,32,3,3,30,8,12,13
"1140",32,"No","Travel Rarely",634,"R&D",5,4,"Other",2,"Female",35,4,1,"Research Scientist",4,"Married",2654,18783,3,"No",17,3,4,2,6,3,3,3,2,0,2
"1141",44,"No","Travel Rarely",1313,"R&D",7,3,"Medical Sciences",2,"Female",31,3,5,"Research Director",4,"Divorced",19049,3549,0,"Yes",14,3,4,1,23,4,2,22,7,1,10
"1142",30,"No","Travel Rarely",241,"R&D",7,3,"Medical Sciences",2,"Male",48,2,1,"Research Scientist",2,"Married",2141,5348,1,"No",12,3,2,1,6,3,2,6,4,1,1
"1143",45,"No","Travel Rarely",1015,"R&D",5,5,"Medical Sciences",3,"Female",50,1,2,"Laboratory Technician",1,"Single",5769,23447,1,"Yes",14,3,1,0,10,3,3,10,7,1,4
"1144",45,"No","Non Travel",336,"Sales",26,3,"Marketing",1,"Male",52,2,2,"Sales Executive",1,"Married",4385,24162,1,"No",15,3,1,1,10,2,3,10,7,4,5
"1145",31,"No","Travel Frequently",715,"Sales",2,4,"Other",4,"Male",54,3,2,"Sales Executive",4,"Single",5332,21602,7,"No",13,3,4,0,10,3,3,5,2,0,3
"1146",36,"No","Travel Rarely",559,"R&D",12,4,"Life Sciences",3,"Female",76,3,2,"Manufacturing Director",4,"Married",4663,12421,9,"Yes",12,3,2,2,7,2,3,3,2,1,0
"1147",34,"No","Travel Frequently",426,"R&D",10,4,"Life Sciences",3,"Male",42,3,2,"Manufacturing Director",4,"Divorced",4724,17000,1,"No",13,3,1,1,9,3,3,9,7,7,2
"1148",49,"No","Travel Rarely",661,"R&D",25,4,"Life Sciences",3,"Female",84,3,1,"Laboratory Technician",1,"Married",3211,22102,1,"No",14,3,4,1,10,3,2,9,6,1,4
"1149",39,"No","Travel Rarely",1387,"R&D",10,5,"Medical Sciences",2,"Male",76,3,2,"Manufacturing Director",1,"Married",5377,3835,2,"No",13,3,4,3,10,3,3,7,7,7,7
"1150",27,"No","Travel Rarely",1302,"R&D",19,3,"Other",4,"Male",78,2,1,"Laboratory Technician",1,"Divorced",4066,16290,1,"No",11,3,1,2,7,3,3,7,7,0,7
"1151",35,"No","Travel Rarely",819,"R&D",18,5,"Life Sciences",2,"Male",48,4,2,"Research Scientist",1,"Married",5208,26312,1,"No",11,3,4,0,16,2,3,16,15,1,10
"1152",28,"No","Travel Rarely",580,"R&D",27,3,"Medical Sciences",2,"Female",39,1,2,"Manufacturing Director",1,"Divorced",4877,20460,0,"No",21,4,2,1,6,5,2,5,3,0,0
"1153",21,"No","Travel Rarely",546,"R&D",5,1,"Medical Sciences",3,"Male",97,3,1,"Research Scientist",4,"Single",3117,26009,1,"No",18,3,3,0,3,2,3,2,2,2,2
"1154",18,"Yes","Travel Frequently",544,"Sales",3,2,"Medical Sciences",2,"Female",70,3,1,"Sales Representative",4,"Single",1569,18420,1,"Yes",12,3,3,0,0,2,4,0,0,0,0
"1155",47,"No","Travel Rarely",1176,"HR",26,4,"Life Sciences",4,"Female",98,3,5,"Research Director",3,"Married",19658,5220,3,"No",11,3,3,1,27,2,3,5,2,1,0
"1156",39,"No","Travel Rarely",170,"R&D",3,2,"Medical Sciences",3,"Male",76,2,2,"Laboratory Technician",3,"Divorced",3069,10302,0,"No",15,3,4,1,11,3,3,10,8,0,2
"1157",40,"No","Travel Rarely",884,"R&D",15,3,"Life Sciences",1,"Female",80,2,3,"Manufacturing Director",3,"Married",10435,25800,1,"No",13,3,4,2,17,2,2,18,15,14,12
"1158",35,"No","Non Travel",208,"R&D",8,4,"Life Sciences",3,"Female",52,3,2,"Healthcare Representative",3,"Married",4148,12250,1,"No",12,3,4,1,15,5,3,14,11,2,9
"1159",37,"No","Travel Rarely",671,"R&D",19,3,"Life Sciences",3,"Male",85,3,2,"Manufacturing Director",3,"Married",5768,26493,3,"No",17,3,1,3,9,2,2,4,3,0,2
"1160",39,"No","Travel Frequently",711,"R&D",4,3,"Medical Sciences",1,"Female",81,3,2,"Manufacturing Director",3,"Single",5042,3140,0,"No",13,3,4,0,10,2,1,9,2,3,8
"1161",45,"No","Travel Rarely",1329,"R&D",2,2,"Other",4,"Female",59,2,2,"Manufacturing Director",4,"Divorced",5770,5388,1,"No",19,3,1,2,10,3,3,10,7,3,9
"1162",38,"No","Travel Rarely",397,"R&D",2,2,"Medical Sciences",4,"Female",54,2,3,"Manufacturing Director",3,"Married",7756,14199,3,"Yes",19,3,4,1,10,6,4,5,4,0,2
"1163",35,"Yes","Travel Rarely",737,"Sales",10,3,"Medical Sciences",4,"Male",55,2,3,"Sales Executive",1,"Married",10306,21530,9,"No",17,3,3,0,15,3,3,13,12,6,0
"1164",37,"No","Travel Rarely",1470,"R&D",10,3,"Medical Sciences",2,"Female",71,3,1,"Research Scientist",2,"Married",3936,9953,1,"No",11,3,1,1,8,2,1,5,4,7,7
"1165",40,"No","Travel Rarely",142,"R&D",16,3,"Life Sciences",3,"Female",84,3,3,"Manufacturing Director",4,"Single",7945,19948,6,"Yes",15,3,4,0,18,2,2,4,2,3,3
"1166",44,"No","Travel Frequently",602,"HR",1,5,"HR",1,"Male",37,3,2,"HR",4,"Married",5743,10503,4,"Yes",11,3,3,0,14,3,3,10,7,0,2
"1167",48,"No","Travel Frequently",365,"R&D",4,5,"Medical Sciences",3,"Male",89,2,4,"Manager",4,"Married",15202,5602,2,"No",25,4,2,1,23,3,3,2,2,2,2
"1168",35,"Yes","Travel Rarely",763,"Sales",15,2,"Medical Sciences",1,"Male",59,1,2,"Sales Executive",4,"Divorced",5440,22098,6,"Yes",14,3,4,2,7,2,2,2,2,2,2
"1169",24,"No","Travel Frequently",567,"R&D",2,1,"Technical",1,"Female",32,3,1,"Research Scientist",4,"Single",3760,17218,1,"Yes",13,3,3,0,6,2,3,6,3,1,3
"1170",27,"No","Travel Rarely",691,"R&D",8,3,"Medical Sciences",2,"Female",86,4,1,"Research Scientist",3,"Married",3517,24052,7,"No",17,3,1,0,5,0,3,3,2,0,2
"1171",27,"No","Travel Frequently",591,"R&D",8,3,"Medical Sciences",4,"Male",87,3,1,"Research Scientist",4,"Single",2580,6297,2,"No",13,3,3,0,6,0,2,4,2,1,2
"1172",40,"Yes","Travel Rarely",1329,"R&D",7,3,"Life Sciences",1,"Male",73,3,1,"Laboratory Technician",1,"Single",2166,3339,3,"Yes",14,3,2,0,10,3,1,4,2,0,3
"1173",29,"No","Travel Rarely",469,"Sales",10,3,"Medical Sciences",3,"Male",42,2,2,"Sales Executive",3,"Single",5869,23413,9,"No",11,3,3,0,8,2,3,5,2,1,4
"1174",36,"No","Travel Rarely",319,"R&D",5,4,"Life Sciences",2,"Female",42,3,3,"Healthcare Representative",3,"Married",8008,22792,4,"No",12,3,3,2,9,6,3,3,2,0,2
"1175",25,"No","Travel Frequently",772,"R&D",2,1,"Life Sciences",4,"Male",77,4,2,"Manufacturing Director",3,"Divorced",5206,4973,1,"No",17,3,3,2,7,6,3,7,7,0,7
"1176",39,"No","Travel Rarely",492,"R&D",12,3,"Medical Sciences",4,"Male",66,3,2,"Manufacturing Director",2,"Married",5295,7693,4,"No",21,4,3,0,16,3,3,5,4,1,0
"1177",49,"No","Travel Rarely",301,"R&D",22,4,"Other",1,"Female",72,3,4,"Research Director",2,"Married",16413,8489,3,"No",16,3,2,2,27,2,3,4,2,1,2
"1178",50,"No","Travel Rarely",813,"R&D",17,5,"Life Sciences",4,"Female",50,2,3,"Research Director",1,"Divorced",13269,23364,5,"No",15,3,3,3,19,3,3,14,11,1,11
"1179",20,"No","Travel Rarely",1141,"Sales",2,3,"Medical Sciences",3,"Female",31,3,1,"Sales Representative",3,"Single",2783,13251,1,"No",19,3,1,0,2,3,3,3,2,2,2
"1180",34,"No","Travel Rarely",1130,"R&D",3,3,"Life Sciences",4,"Female",66,3,2,"Research Scientist",2,"Divorced",5433,19332,1,"No",12,3,3,1,11,2,3,11,8,7,9
"1181",36,"No","Travel Rarely",311,"R&D",7,3,"Life Sciences",1,"Male",77,3,1,"Laboratory Technician",2,"Single",2013,10950,2,"No",11,3,3,0,15,4,3,4,3,1,3
"1182",49,"No","Travel Rarely",465,"R&D",6,1,"Life Sciences",3,"Female",41,2,4,"Healthcare Representative",3,"Married",13966,11652,2,"Yes",19,3,2,1,30,3,3,15,11,2,12
"1183",36,"No","Non Travel",894,"R&D",1,4,"Medical Sciences",4,"Female",33,2,2,"Manufacturing Director",3,"Married",4374,15411,0,"No",15,3,3,0,4,6,3,3,2,1,2
"1184",36,"No","Travel Rarely",1040,"R&D",3,2,"Life Sciences",4,"Male",79,4,2,"Healthcare Representative",1,"Married",6842,26308,6,"No",20,4,1,1,13,3,3,5,4,0,4
"1185",54,"No","Travel Rarely",584,"R&D",22,5,"Medical Sciences",2,"Female",91,3,4,"Manager",3,"Married",17426,18685,3,"No",25,4,3,1,36,6,3,10,8,4,7
"1186",43,"No","Travel Rarely",1291,"R&D",15,2,"Life Sciences",3,"Male",65,2,4,"Research Director",3,"Married",17603,3525,1,"No",24,4,1,1,14,3,3,14,10,6,11
"1187",35,"Yes","Travel Frequently",737,"Sales",12,4,"Other",4,"Male",36,3,2,"Sales Executive",4,"Single",4581,10414,3,"Yes",24,4,1,0,13,2,4,11,9,6,7
"1188",38,"No","Travel Frequently",1189,"R&D",1,3,"Life Sciences",4,"Male",90,3,2,"Research Scientist",4,"Married",4735,9867,7,"No",15,3,4,2,19,4,4,13,11,2,9
"1189",29,"No","Travel Rarely",991,"Sales",5,3,"Medical Sciences",1,"Male",43,2,2,"Sales Executive",2,"Divorced",4187,3356,1,"Yes",13,3,2,1,10,3,2,10,0,0,9
"1190",33,"No","Travel Rarely",392,"Sales",2,4,"Medical Sciences",4,"Male",93,3,2,"Sales Executive",4,"Divorced",5505,3921,1,"No",14,3,3,2,6,5,3,6,2,0,4
"1191",32,"No","Travel Rarely",977,"R&D",2,3,"Medical Sciences",4,"Male",45,3,2,"Research Scientist",2,"Divorced",5470,25518,0,"No",13,3,3,2,10,4,2,9,5,1,6
"1192",31,"No","Travel Rarely",1112,"Sales",5,4,"Life Sciences",1,"Female",67,3,2,"Sales Executive",4,"Married",5476,22589,1,"No",11,3,1,2,10,2,3,10,0,0,2
"1193",49,"No","Travel Rarely",464,"R&D",16,3,"Medical Sciences",4,"Female",74,3,2,"Laboratory Technician",1,"Divorced",2587,24941,4,"Yes",16,3,2,1,17,2,2,2,2,2,2
"1194",38,"No","Travel Frequently",148,"R&D",2,3,"Medical Sciences",4,"Female",42,2,1,"Laboratory Technician",2,"Single",2440,23826,1,"No",22,4,2,0,4,3,3,4,3,3,3
"1195",47,"No","Travel Rarely",1225,"Sales",2,4,"Life Sciences",2,"Female",47,4,4,"Manager",2,"Divorced",15972,21086,6,"No",14,3,3,3,29,2,3,3,2,1,2
"1196",49,"No","Travel Rarely",809,"R&D",1,3,"Life Sciences",3,"Male",36,3,4,"Manager",3,"Married",15379,22384,1,"No",14,3,1,0,23,2,3,8,7,0,0
"1197",41,"No","Travel Rarely",1206,"Sales",23,2,"Life Sciences",4,"Male",80,3,3,"Sales Executive",3,"Single",7082,11591,3,"Yes",16,3,4,0,21,2,3,2,0,0,2
"1198",20,"No","Travel Rarely",727,"Sales",9,1,"Life Sciences",3,"Male",54,3,1,"Sales Representative",1,"Single",2728,21082,1,"No",11,3,1,0,2,3,3,2,2,0,2
"1199",33,"No","Non Travel",530,"Sales",16,3,"Life Sciences",3,"Female",36,3,2,"Sales Executive",4,"Divorced",5368,16130,1,"Yes",25,4,3,1,7,2,3,6,5,1,2
"1200",36,"No","Travel Rarely",1351,"R&D",26,4,"Life Sciences",1,"Male",80,1,2,"Healthcare Representative",3,"Married",5347,7419,6,"No",14,3,1,2,10,2,2,3,2,0,2
"1201",44,"No","Travel Rarely",528,"HR",1,3,"Life Sciences",3,"Female",44,3,1,"HR",4,"Divorced",3195,4167,4,"Yes",18,3,1,3,8,2,3,2,2,2,2
"1202",23,"Yes","Travel Rarely",1320,"R&D",8,1,"Medical Sciences",4,"Male",93,2,1,"Laboratory Technician",3,"Single",3989,18275,1,"Yes",11,3,1,0,5,2,3,5,4,1,2
"1203",38,"No","Travel Rarely",1495,"R&D",4,2,"Medical Sciences",4,"Female",87,3,1,"Laboratory Technician",3,"Married",3306,26176,7,"No",19,3,4,1,7,5,2,0,0,0,0
"1204",53,"No","Travel Rarely",1395,"R&D",24,4,"Medical Sciences",2,"Male",48,4,3,"Healthcare Representative",4,"Married",7005,3458,3,"No",15,3,3,0,11,2,3,4,3,1,2
"1205",48,"Yes","Travel Frequently",708,"Sales",7,2,"Medical Sciences",4,"Female",95,3,1,"Sales Representative",3,"Married",2655,11740,2,"Yes",11,3,3,2,13,3,3,9,7,7,7
"1206",32,"Yes","Travel Rarely",1259,"R&D",2,4,"Life Sciences",4,"Male",95,3,1,"Laboratory Technician",2,"Single",1393,24852,1,"No",12,3,1,0,1,2,3,1,0,0,0
"1207",26,"No","Non Travel",786,"R&D",7,3,"Medical Sciences",4,"Male",76,3,1,"Laboratory Technician",4,"Single",2570,11925,1,"No",20,4,3,0,7,5,3,7,7,5,7
"1208",55,"No","Travel Rarely",1441,"R&D",7,3,"Technical",1,"Male",94,2,1,"Research Scientist",2,"Divorced",3537,23737,5,"No",12,3,4,1,8,1,3,4,2,1,2
"1209",34,"No","Travel Rarely",1157,"R&D",5,2,"Medical Sciences",2,"Male",57,3,2,"Laboratory Technician",4,"Married",3986,11912,1,"No",14,3,3,1,15,3,4,15,10,4,13
"1210",60,"No","Travel Rarely",370,"R&D",1,4,"Medical Sciences",3,"Male",92,1,3,"Healthcare Representative",4,"Divorced",10883,20467,3,"No",20,4,3,1,19,1,4,1,0,0,0
"1211",33,"No","Travel Rarely",267,"R&D",21,3,"Medical Sciences",2,"Male",79,4,1,"Laboratory Technician",2,"Married",2028,13637,1,"No",18,3,4,3,14,6,3,14,11,2,13
"1212",37,"No","Travel Frequently",1278,"Sales",1,4,"Medical Sciences",3,"Male",31,1,2,"Sales Executive",4,"Divorced",9525,7677,1,"No",14,3,3,2,6,2,2,6,3,1,3
"1213",34,"No","Travel Rarely",678,"R&D",19,3,"Life Sciences",2,"Female",35,2,1,"Research Scientist",4,"Married",2929,20338,1,"No",12,3,2,0,10,3,3,10,9,8,7
"1214",23,"Yes","Travel Rarely",427,"Sales",7,3,"Life Sciences",3,"Male",99,3,1,"Sales Representative",4,"Divorced",2275,25103,1,"Yes",21,4,2,1,3,2,2,3,2,0,2
"1215",44,"No","Travel Rarely",1246,"R&D",2,3,"Life Sciences",3,"Female",96,4,3,"Healthcare Representative",4,"Married",7879,14810,1,"Yes",19,3,2,1,9,2,3,8,7,6,7
"1216",35,"No","Travel Frequently",146,"R&D",2,4,"Medical Sciences",1,"Male",79,2,1,"Research Scientist",4,"Single",4930,13970,0,"Yes",14,3,3,0,6,2,4,5,4,1,4
"1217",43,"No","Travel Rarely",1179,"Sales",2,3,"Medical Sciences",4,"Male",73,3,2,"Sales Executive",4,"Married",7847,6069,1,"No",17,3,1,1,10,3,3,10,9,8,8
"1218",24,"No","Travel Rarely",581,"R&D",9,3,"Medical Sciences",3,"Male",62,4,1,"Research Scientist",3,"Married",4401,17616,1,"No",16,3,4,1,5,1,3,5,3,0,4
"1219",41,"No","Travel Rarely",918,"Sales",6,3,"Marketing",4,"Male",35,3,3,"Sales Executive",3,"Single",9241,15869,1,"No",12,3,2,0,10,3,3,10,8,8,7
"1220",29,"No","Travel Rarely",1082,"R&D",9,4,"Medical Sciences",4,"Female",43,3,1,"Laboratory Technician",3,"Married",2974,25412,9,"No",17,3,3,1,9,2,3,5,3,1,2
"1221",36,"No","Travel Rarely",530,"Sales",2,4,"Life Sciences",3,"Female",51,3,2,"Sales Representative",4,"Single",4502,7439,3,"No",15,3,3,0,17,2,2,13,7,6,7
"1222",45,"No","Non Travel",1238,"R&D",1,1,"Life Sciences",3,"Male",74,2,3,"Healthcare Representative",3,"Married",10748,3395,3,"No",23,4,4,1,25,3,2,23,15,14,4
"1223",24,"Yes","Travel Rarely",240,"HR",22,1,"HR",4,"Male",58,1,1,"HR",3,"Married",1555,11585,1,"No",11,3,3,1,1,4,3,1,0,0,0
"1224",47,"Yes","Travel Frequently",1093,"Sales",9,3,"Life Sciences",3,"Male",82,1,4,"Sales Executive",3,"Married",12936,24164,7,"No",11,3,3,0,25,3,1,23,5,14,10
"1225",26,"No","Travel Rarely",390,"R&D",17,4,"Medical Sciences",4,"Male",62,1,1,"Laboratory Technician",3,"Married",2305,6217,1,"No",15,3,3,3,3,3,4,3,2,0,2
"1226",45,"No","Travel Rarely",1005,"R&D",28,2,"Technical",4,"Female",48,2,4,"Research Director",2,"Single",16704,17119,1,"No",11,3,3,0,21,2,3,21,6,8,6
"1227",32,"No","Travel Frequently",585,"R&D",10,3,"Life Sciences",1,"Male",56,3,1,"Research Scientist",3,"Married",3433,17360,6,"No",13,3,1,1,10,3,2,5,2,1,3
"1228",31,"No","Travel Rarely",741,"R&D",2,4,"Life Sciences",2,"Male",69,3,1,"Laboratory Technician",3,"Married",3477,18103,1,"No",14,3,4,1,6,2,4,5,2,0,3
"1229",41,"No","Non Travel",552,"HR",4,3,"HR",3,"Male",60,1,2,"HR",2,"Married",6430,20794,6,"No",19,3,2,1,10,4,3,3,2,1,2
"1230",40,"No","Travel Rarely",369,"R&D",8,2,"Life Sciences",2,"Female",92,3,2,"Manufacturing Director",1,"Married",6516,5041,2,"Yes",16,3,2,1,18,3,3,1,0,0,0
"1231",24,"No","Travel Rarely",506,"R&D",29,1,"Medical Sciences",2,"Male",91,3,1,"Laboratory Technician",1,"Divorced",3907,3622,1,"No",13,3,2,3,6,2,4,6,2,1,2
"1232",46,"No","Travel Rarely",717,"R&D",13,4,"Life Sciences",3,"Male",34,3,2,"Healthcare Representative",2,"Single",5562,9697,6,"No",14,3,4,0,19,3,3,10,7,0,9
"1233",35,"No","Travel Rarely",1370,"R&D",27,4,"Life Sciences",4,"Male",49,3,2,"Manufacturing Director",3,"Married",6883,5151,2,"No",16,3,2,1,17,3,3,7,7,0,7
"1234",30,"No","Travel Rarely",793,"R&D",16,1,"Life Sciences",2,"Male",33,3,1,"Research Scientist",4,"Married",2862,3811,1,"No",12,3,2,1,10,2,2,10,2,0,8
"1235",47,"No","Non Travel",543,"Sales",2,4,"Marketing",3,"Male",87,3,2,"Sales Executive",2,"Married",4978,3536,7,"No",11,3,4,1,4,3,1,1,0,0,0
"1236",46,"No","Travel Rarely",1277,"Sales",2,3,"Life Sciences",3,"Male",74,3,3,"Sales Executive",4,"Divorced",10368,5596,4,"Yes",12,3,2,1,13,5,2,10,6,0,3
"1237",36,"Yes","Travel Rarely",1456,"Sales",13,5,"Marketing",2,"Male",96,2,2,"Sales Executive",1,"Divorced",6134,8658,5,"Yes",13,3,2,3,16,3,3,2,2,2,2
"1239",23,"No","Travel Rarely",160,"R&D",4,1,"Medical Sciences",3,"Female",51,3,1,"Laboratory Technician",2,"Single",3295,12862,1,"No",13,3,3,0,3,3,1,3,2,1,2
"1240",31,"No","Travel Frequently",163,"R&D",24,1,"Technical",4,"Female",30,3,2,"Manufacturing Director",4,"Single",5238,6670,2,"No",20,4,4,0,9,3,2,5,4,1,4
"1241",39,"No","Non Travel",792,"R&D",1,3,"Life Sciences",4,"Male",77,3,2,"Laboratory Technician",3,"Married",6472,8989,1,"Yes",15,3,4,1,9,2,3,9,8,5,8
"1242",32,"No","Travel Rarely",371,"Sales",19,3,"Life Sciences",4,"Male",80,1,3,"Sales Executive",3,"Married",9610,3840,3,"No",13,3,3,1,10,2,1,4,3,0,2
"1243",40,"No","Travel Rarely",611,"Sales",7,4,"Medical Sciences",2,"Male",88,3,5,"Manager",2,"Single",19833,4349,1,"No",14,3,2,0,21,3,2,21,8,12,8
"1244",45,"No","Travel Rarely",176,"HR",4,3,"Life Sciences",3,"Female",56,1,3,"HR",3,"Married",10851,6595,4,"No",21,4,3,2,9,2,4,5,0,0,3
"1245",30,"No","Travel Frequently",1312,"R&D",2,4,"Technical",4,"Female",78,2,1,"Research Scientist",1,"Single",4968,26427,0,"No",16,3,4,0,10,2,3,9,11,0,7
"1246",24,"No","Travel Frequently",897,"HR",10,3,"Medical Sciences",1,"Male",59,3,1,"HR",4,"Married",2145,2097,0,"No",14,3,4,1,3,2,3,2,2,2,1
"1247",30,"Yes","Travel Frequently",600,"HR",8,3,"HR",3,"Female",66,3,1,"HR",4,"Divorced",2180,9732,6,"No",11,3,3,1,6,0,2,4,2,1,2
"1248",31,"No","Travel Rarely",1003,"Sales",5,3,"Technical",1,"Male",51,3,2,"Sales Executive",3,"Married",8346,20943,1,"No",19,3,3,1,6,3,3,5,2,0,2
"1249",27,"No","Travel Rarely",1054,"R&D",27,3,"Medical Sciences",3,"Female",67,3,1,"Research Scientist",4,"Single",3445,6152,1,"No",11,3,3,0,6,5,2,6,2,1,4
"1251",29,"No","Travel Frequently",461,"R&D",1,3,"Life Sciences",4,"Male",70,4,2,"Healthcare Representative",3,"Single",6294,23060,8,"Yes",12,3,4,0,10,5,4,3,2,0,2
"1252",30,"No","Travel Rarely",979,"Sales",15,2,"Marketing",3,"Male",94,2,3,"Sales Executive",1,"Divorced",7140,3088,2,"No",11,3,1,1,12,2,3,7,7,1,7
"1253",34,"No","Travel Rarely",181,"R&D",2,4,"Medical Sciences",4,"Male",97,4,1,"Research Scientist",4,"Married",2932,5586,0,"Yes",14,3,1,3,6,3,3,5,0,1,2
"1254",33,"No","Non Travel",1283,"Sales",2,3,"Marketing",4,"Male",62,3,2,"Sales Executive",2,"Single",5147,10697,8,"No",15,3,4,0,13,2,2,11,7,1,7
"1255",49,"No","Travel Rarely",1313,"Sales",11,4,"Marketing",4,"Female",80,3,2,"Sales Executive",4,"Single",4507,8191,3,"No",12,3,3,0,8,1,4,5,1,0,4
"1256",33,"Yes","Travel Rarely",211,"Sales",16,3,"Life Sciences",1,"Female",74,3,1,"Sales Executive",1,"Single",8564,10092,2,"Yes",20,4,3,0,11,2,2,0,0,0,0
"1257",38,"No","Travel Frequently",594,"R&D",2,2,"Medical Sciences",3,"Female",75,2,1,"Laboratory Technician",2,"Married",2468,15963,4,"No",14,3,2,1,9,4,3,6,1,0,5
"1258",31,"Yes","Travel Rarely",1079,"Sales",16,4,"Medical Sciences",1,"Male",70,3,3,"Sales Executive",3,"Married",8161,19002,2,"No",13,3,1,3,10,2,3,1,0,0,0
"1259",29,"No","Travel Rarely",590,"R&D",4,3,"Technical",4,"Female",91,2,1,"Research Scientist",1,"Divorced",2109,10007,1,"No",13,3,3,1,1,2,3,1,0,0,0
"1260",30,"No","Travel Rarely",305,"R&D",16,3,"Life Sciences",3,"Male",58,4,2,"Healthcare Representative",3,"Married",5294,9128,3,"No",16,3,3,1,10,3,3,7,0,1,7
"1261",32,"No","Non Travel",953,"R&D",5,4,"Technical",2,"Male",65,3,1,"Research Scientist",2,"Single",2718,17674,2,"No",14,3,2,0,12,3,3,7,7,0,7
"1262",38,"No","Travel Rarely",833,"R&D",18,3,"Medical Sciences",2,"Male",60,1,2,"Healthcare Representative",4,"Married",5811,24539,3,"Yes",16,3,3,1,15,2,3,1,0,1,0
"1263",43,"Yes","Travel Frequently",807,"R&D",17,3,"Technical",3,"Male",38,2,1,"Research Scientist",3,"Married",2437,15587,9,"Yes",16,3,4,1,6,4,3,1,0,0,0
"1264",42,"No","Travel Rarely",855,"R&D",12,3,"Medical Sciences",2,"Male",57,3,1,"Laboratory Technician",2,"Divorced",2766,8952,8,"No",22,4,2,3,7,6,2,5,3,0,4
"1265",55,"No","Travel Rarely",478,"R&D",2,3,"Medical Sciences",3,"Male",60,2,5,"Research Director",1,"Married",19038,19805,8,"No",12,3,2,3,34,2,3,1,0,0,0
"1266",33,"No","Non Travel",775,"R&D",4,3,"Technical",4,"Male",90,3,2,"Research Scientist",2,"Divorced",3055,6194,5,"No",15,3,4,2,11,2,2,9,8,1,7
"1267",41,"No","Travel Rarely",548,"R&D",9,4,"Life Sciences",3,"Male",94,3,1,"Laboratory Technician",1,"Divorced",2289,20520,1,"No",20,4,2,2,5,2,3,5,3,0,4
"1268",34,"No","Non Travel",1375,"Sales",10,3,"Life Sciences",4,"Male",87,3,2,"Sales Executive",3,"Divorced",4001,12313,1,"Yes",14,3,3,1,15,3,3,15,14,0,7
"1269",53,"No","Non Travel",661,"R&D",1,4,"Medical Sciences",1,"Female",60,2,4,"Manufacturing Director",3,"Married",12965,22308,4,"Yes",20,4,4,3,27,2,3,3,2,0,2
"1270",43,"No","Travel Rarely",244,"HR",2,3,"Life Sciences",2,"Male",97,3,1,"HR",4,"Single",3539,5033,0,"No",13,3,2,0,10,5,3,9,7,1,8
"1271",34,"No","Travel Rarely",511,"Sales",3,2,"Life Sciences",4,"Female",32,1,2,"Sales Executive",4,"Single",6029,25353,5,"No",12,3,1,0,6,3,3,2,2,2,2
"1272",21,"Yes","Travel Rarely",337,"Sales",7,1,"Marketing",2,"Male",31,3,1,"Sales Representative",4,"Single",2679,4567,1,"No",13,3,2,0,1,3,3,1,0,1,0
"1273",38,"No","Travel Rarely",1153,"R&D",6,2,"Other",4,"Female",40,2,1,"Laboratory Technician",3,"Married",3702,16376,1,"No",11,3,2,1,5,3,3,5,4,0,4
"1274",22,"Yes","Travel Rarely",1294,"R&D",8,1,"Medical Sciences",3,"Female",79,3,1,"Laboratory Technician",1,"Married",2398,15999,1,"Yes",17,3,3,0,1,6,3,1,0,0,0
"1275",31,"No","Travel Rarely",196,"Sales",29,4,"Marketing",1,"Female",91,2,2,"Sales Executive",4,"Married",5468,13402,1,"No",14,3,1,2,13,3,3,12,7,5,7
"1276",51,"No","Travel Rarely",942,"R&D",3,3,"Technical",1,"Female",53,3,3,"Manager",3,"Married",13116,22984,2,"No",11,3,4,0,15,2,3,2,2,2,2
"1277",37,"No","Travel Rarely",589,"Sales",9,2,"Marketing",2,"Male",46,2,2,"Sales Executive",2,"Married",4189,8800,1,"No",14,3,1,2,5,2,3,5,2,0,3
"1278",46,"No","Travel Rarely",734,"R&D",2,4,"Medical Sciences",3,"Male",46,3,5,"Research Director",4,"Divorced",19328,14218,7,"Yes",17,3,3,1,24,3,3,2,1,2,2
"1279",36,"No","Travel Rarely",1383,"R&D",10,3,"Life Sciences",4,"Male",90,3,3,"Healthcare Representative",1,"Married",8321,25949,7,"Yes",13,3,4,1,15,1,3,12,8,5,7
"1280",44,"Yes","Travel Rarely",429,"R&D",1,2,"Medical Sciences",3,"Male",99,3,1,"Research Scientist",2,"Divorced",2342,11092,1,"Yes",12,3,3,3,6,2,2,5,2,2,3
"1281",37,"No","Travel Rarely",1239,"HR",8,2,"Other",3,"Male",89,3,2,"HR",2,"Divorced",4071,12832,2,"No",13,3,3,0,19,4,2,10,0,4,7
"1282",35,"Yes","Travel Rarely",303,"Sales",27,3,"Life Sciences",3,"Male",84,3,2,"Sales Executive",4,"Single",5813,13492,1,"Yes",18,3,4,0,10,2,3,10,7,7,7
"1283",33,"No","Travel Rarely",719,"R&D",8,4,"Life Sciences",4,"Male",90,4,1,"Research Scientist",1,"Married",3143,6076,1,"No",19,3,4,1,14,1,3,10,8,7,6
"1284",28,"No","Travel Rarely",1181,"R&D",1,3,"Life Sciences",3,"Male",82,3,1,"Research Scientist",4,"Married",2044,5531,1,"No",11,3,3,1,5,6,4,5,3,0,3
"1285",39,"No","Travel Rarely",1253,"R&D",10,1,"Medical Sciences",3,"Male",65,3,3,"Research Director",3,"Single",13464,7914,7,"No",21,4,3,0,9,3,3,4,3,2,2
"1286",46,"No","Non Travel",849,"Sales",26,2,"Life Sciences",2,"Male",98,2,2,"Sales Executive",2,"Single",7991,25166,8,"No",15,3,3,0,6,3,3,2,2,2,2
"1287",40,"No","Travel Rarely",616,"R&D",2,2,"Life Sciences",3,"Female",99,3,1,"Laboratory Technician",1,"Married",3377,25605,4,"No",17,3,4,1,7,5,2,4,3,0,2
"1288",42,"No","Travel Rarely",1128,"R&D",13,3,"Medical Sciences",2,"Male",95,4,2,"Healthcare Representative",1,"Married",5538,5696,5,"No",18,3,3,2,10,2,2,0,0,0,0
"1289",35,"No","Non Travel",1180,"R&D",2,2,"Medical Sciences",2,"Male",90,3,2,"Manufacturing Director",4,"Divorced",5762,24442,2,"No",14,3,3,1,15,6,3,7,7,1,7
"1290",38,"No","Non Travel",1336,"HR",2,3,"HR",1,"Male",100,3,1,"HR",2,"Divorced",2592,7129,5,"No",13,3,4,3,13,3,3,11,10,3,8
"1291",34,"Yes","Travel Frequently",234,"R&D",9,4,"Life Sciences",4,"Male",93,3,2,"Research Scientist",1,"Married",5346,6208,4,"No",17,3,2,1,11,3,2,7,1,0,7
"1292",37,"Yes","Travel Rarely",370,"R&D",10,4,"Technical",4,"Male",58,3,2,"Manufacturing Director",1,"Single",4213,4992,1,"No",15,3,2,0,10,4,1,10,3,0,8
"1293",39,"No","Travel Frequently",766,"Sales",20,3,"Life Sciences",3,"Male",83,3,2,"Sales Executive",4,"Divorced",4127,19188,2,"No",18,3,4,1,7,6,3,2,1,2,2
"1294",43,"No","Non Travel",343,"R&D",9,3,"Life Sciences",1,"Male",52,3,1,"Research Scientist",3,"Single",2438,24978,4,"No",13,3,3,0,7,2,2,3,2,1,2
"1295",41,"No","Travel Rarely",447,"R&D",5,3,"Life Sciences",2,"Male",85,4,2,"Healthcare Representative",2,"Single",6870,15530,3,"No",12,3,1,0,11,3,1,3,2,1,2
"1296",41,"No","Travel Rarely",796,"Sales",4,1,"Marketing",3,"Female",81,3,3,"Sales Executive",3,"Divorced",10447,26458,0,"Yes",13,3,4,1,23,3,4,22,14,13,5
"1297",30,"No","Travel Rarely",1092,"R&D",10,3,"Medical Sciences",1,"Female",64,3,3,"Manufacturing Director",3,"Single",9667,2739,9,"No",14,3,2,0,9,3,3,7,7,0,2
"1298",26,"Yes","Travel Rarely",920,"HR",20,2,"Medical Sciences",4,"Female",69,3,1,"HR",2,"Married",2148,6889,0,"Yes",11,3,3,0,6,3,3,5,1,1,4
"1299",46,"Yes","Travel Frequently",261,"R&D",21,2,"Medical Sciences",4,"Female",66,3,2,"Healthcare Representative",2,"Married",8926,10842,4,"No",22,4,4,1,13,2,4,9,7,3,7
"1300",40,"No","Travel Rarely",1194,"R&D",1,3,"Life Sciences",3,"Female",52,3,2,"Healthcare Representative",4,"Divorced",6513,9060,4,"No",17,3,4,1,12,3,3,5,3,0,3
"1301",34,"No","Travel Rarely",810,"Sales",8,2,"Technical",2,"Male",92,4,2,"Sales Executive",3,"Married",6799,22128,1,"No",21,4,3,2,10,5,3,13,8,4,8
"1302",58,"No","Non Travel",350,"Sales",4,3,"Medical Sciences",2,"Male",52,3,4,"Manager",2,"Divorced",16291,22577,4,"No",22,4,4,1,37,0,2,16,9,14,14
"1303",35,"No","Travel Rarely",185,"R&D",23,4,"Medical Sciences",2,"Male",91,1,1,"Laboratory Technician",3,"Married",3339,9696,0,"No",16,3,2,1,6,2,4,5,4,0,3
"1304",47,"No","Travel Rarely",1001,"R&D",4,3,"Life Sciences",3,"Female",92,2,3,"Manufacturing Director",2,"Divorced",10333,19271,8,"Yes",12,3,3,1,28,4,3,22,11,14,10
"1305",40,"No","Travel Rarely",750,"R&D",12,3,"Life Sciences",2,"Female",47,3,2,"Healthcare Representative",1,"Divorced",4448,10748,2,"No",12,3,2,1,15,3,3,7,4,7,7
"1306",54,"No","Travel Rarely",431,"R&D",7,4,"Medical Sciences",4,"Female",68,3,2,"Research Scientist",4,"Married",6854,15696,4,"No",15,3,2,1,14,2,2,7,1,1,7
"1307",31,"No","Travel Frequently",1125,"Sales",7,4,"Marketing",1,"Female",68,3,3,"Sales Executive",4,"Married",9637,8277,2,"No",14,3,4,2,9,3,3,3,2,2,2
"1308",28,"No","Travel Rarely",1217,"R&D",1,3,"Medical Sciences",3,"Female",67,3,1,"Research Scientist",1,"Married",3591,12719,1,"No",25,4,3,1,3,3,3,3,2,1,2
"1309",38,"No","Travel Rarely",723,"Sales",2,4,"Marketing",2,"Female",77,1,2,"Sales Representative",4,"Married",5405,4244,2,"Yes",20,4,1,2,20,4,2,4,2,0,3
"1310",26,"No","Travel Rarely",572,"Sales",10,3,"Medical Sciences",3,"Male",46,3,2,"Sales Executive",4,"Single",4684,9125,1,"No",13,3,1,0,5,4,3,5,3,1,2
"1311",58,"No","Travel Frequently",1216,"Sales",15,4,"Life Sciences",1,"Male",87,3,4,"Research Director",3,"Married",15787,21624,2,"Yes",14,3,2,0,23,3,3,2,2,2,2
"1312",18,"No","Non Travel",1431,"R&D",14,3,"Medical Sciences",3,"Female",33,3,1,"Research Scientist",3,"Single",1514,8018,1,"No",16,3,3,0,0,4,1,0,0,0,0
"1313",31,"Yes","Travel Rarely",359,"HR",18,5,"HR",4,"Male",89,4,1,"HR",1,"Married",2956,21495,0,"No",17,3,3,0,2,4,3,1,0,0,0
"1314",29,"Yes","Travel Rarely",350,"HR",13,3,"HR",1,"Male",56,2,1,"HR",1,"Divorced",2335,3157,4,"Yes",15,3,4,3,4,3,3,2,2,2,0
"1315",45,"No","Non Travel",589,"Sales",2,4,"Life Sciences",3,"Female",67,3,2,"Sales Executive",3,"Married",5154,19665,4,"No",22,4,2,2,10,3,4,8,7,5,7
"1316",36,"No","Travel Rarely",430,"R&D",2,4,"Other",4,"Female",73,3,2,"Research Scientist",2,"Married",6962,19573,4,"Yes",22,4,4,1,15,2,3,1,0,0,0
"1317",43,"No","Travel Frequently",1422,"Sales",2,4,"Life Sciences",1,"Male",92,3,2,"Sales Executive",4,"Married",5675,19246,1,"No",20,4,3,1,7,5,3,7,7,1,7
"1318",27,"No","Travel Frequently",1297,"R&D",5,2,"Medical Sciences",4,"Female",53,3,1,"Laboratory Technician",4,"Single",2379,19826,0,"Yes",14,3,3,0,6,3,2,5,4,0,2
"1319",29,"No","Travel Frequently",574,"R&D",20,1,"Medical Sciences",4,"Male",40,3,1,"Laboratory Technician",4,"Married",3812,7003,1,"No",13,3,2,0,11,3,4,11,8,3,10
"1320",32,"No","Travel Frequently",228,"Sales",10,4,"Marketing",4,"Male",79,3,2,"Sales Executive",4,"Single",4648,26075,8,"No",13,3,3,0,4,2,4,0,0,0,0
"1321",42,"No","Non Travel",355,"R&D",10,4,"Technical",3,"Male",38,3,1,"Research Scientist",3,"Married",2936,6161,3,"No",22,4,2,2,10,1,2,6,3,3,3
"1322",47,"No","Travel Rarely",207,"R&D",9,4,"Life Sciences",2,"Female",64,3,1,"Laboratory Technician",3,"Single",2105,5411,4,"No",12,3,3,0,7,2,3,2,2,2,0
"1323",46,"No","Travel Rarely",706,"R&D",2,2,"Life Sciences",4,"Male",82,3,3,"Manufacturing Director",4,"Divorced",8578,19989,3,"No",14,3,3,1,12,4,2,9,8,4,7
"1324",28,"No","Non Travel",280,"HR",1,2,"Life Sciences",3,"Male",43,3,1,"HR",4,"Divorced",4401,10494,1,"No",15,3,2,1,3,2,3,3,2,2,2
"1325",29,"No","Travel Rarely",726,"R&D",29,1,"Life Sciences",4,"Male",93,1,2,"Healthcare Representative",3,"Divorced",6384,21143,8,"No",17,3,4,2,11,3,3,7,0,1,6
"1326",42,"No","Travel Rarely",1142,"R&D",8,3,"Life Sciences",4,"Male",81,3,1,"Laboratory Technician",3,"Single",3968,13624,4,"No",13,3,4,0,8,3,3,0,0,0,0
"1327",32,"Yes","Travel Rarely",414,"Sales",2,4,"Marketing",3,"Male",82,2,2,"Sales Executive",2,"Single",9907,26186,7,"Yes",12,3,3,0,7,3,2,2,2,2,2
"1328",46,"No","Travel Rarely",1319,"Sales",3,3,"Technical",1,"Female",45,4,4,"Sales Executive",1,"Divorced",13225,7739,2,"No",12,3,4,1,25,5,3,19,17,2,8
"1329",27,"No","Travel Rarely",728,"Sales",23,1,"Medical Sciences",2,"Female",36,2,2,"Sales Representative",3,"Married",3540,7018,1,"No",21,4,4,1,9,5,3,9,8,5,8
"1330",29,"No","Travel Rarely",352,"HR",6,1,"Medical Sciences",4,"Male",87,2,1,"HR",2,"Married",2804,15434,1,"No",11,3,4,0,1,3,3,1,0,0,0
"1331",43,"No","Travel Rarely",823,"R&D",6,3,"Medical Sciences",1,"Female",81,2,5,"Manager",3,"Married",19392,22539,7,"No",13,3,4,0,22,2,3,16,12,6,14
"1332",48,"No","Travel Rarely",1224,"R&D",10,3,"Life Sciences",4,"Male",91,2,5,"Research Director",2,"Married",19665,13583,4,"No",12,3,4,0,29,3,3,22,10,12,17
"1333",29,"Yes","Travel Frequently",459,"R&D",24,2,"Life Sciences",4,"Male",73,2,1,"Research Scientist",4,"Single",2439,14753,1,"Yes",24,4,2,0,1,2,2,1,0,1,0
"1334",46,"Yes","Travel Rarely",1254,"Sales",10,3,"Life Sciences",3,"Female",64,3,3,"Sales Executive",2,"Married",7314,14011,5,"No",21,4,3,3,14,2,3,8,7,0,7
"1335",27,"No","Travel Frequently",1131,"R&D",15,3,"Life Sciences",4,"Female",77,2,1,"Research Scientist",1,"Married",4774,23844,0,"No",19,3,4,0,8,2,2,7,6,7,3
"1336",39,"No","Travel Rarely",835,"R&D",1,4,"Other",4,"Male",41,3,2,"Research Scientist",4,"Divorced",3902,5141,8,"No",14,3,2,3,7,2,3,2,2,2,2
"1337",55,"No","Travel Rarely",836,"R&D",2,4,"Technical",2,"Male",98,2,1,"Research Scientist",3,"Married",2662,7975,8,"No",22,4,2,1,19,2,4,5,2,0,4
"1338",28,"No","Travel Rarely",1172,"Sales",3,3,"Medical Sciences",2,"Female",78,3,1,"Sales Representative",2,"Married",2404,3692,1,"No",19,3,4,1,1,3,3,1,0,0,0
"1339",30,"Yes","Travel Rarely",945,"Sales",9,3,"Medical Sciences",2,"Male",89,3,1,"Sales Representative",4,"Single",1081,16019,1,"No",13,3,3,0,1,3,2,1,0,0,0
"1340",22,"Yes","Travel Rarely",391,"R&D",7,1,"Life Sciences",4,"Male",95,3,1,"Research Scientist",2,"Single",2472,26092,1,"Yes",23,4,1,0,1,2,3,1,0,0,0
"1341",36,"No","Travel Rarely",1266,"Sales",10,4,"Technical",2,"Female",63,2,2,"Sales Executive",3,"Married",5673,6060,1,"Yes",13,3,1,1,9,4,3,10,9,1,7
"1342",31,"No","Travel Rarely",311,"R&D",20,3,"Life Sciences",2,"Male",89,3,2,"Laboratory Technician",3,"Married",4197,18624,1,"No",11,3,1,1,10,2,3,10,8,0,2
"1343",34,"No","Travel Rarely",1480,"Sales",4,3,"Life Sciences",3,"Male",64,3,3,"Sales Executive",4,"Married",9713,24444,2,"Yes",13,3,4,3,9,3,3,5,3,1,0
"1344",29,"No","Travel Rarely",592,"R&D",7,3,"Life Sciences",4,"Male",59,3,1,"Laboratory Technician",1,"Single",2062,19384,3,"No",14,3,2,0,11,2,3,3,2,1,2
"1345",37,"No","Travel Rarely",783,"R&D",7,4,"Medical Sciences",4,"Male",78,3,2,"Research Scientist",1,"Married",4284,13588,5,"Yes",22,4,3,1,16,2,3,5,3,0,4
"1346",35,"No","Travel Rarely",219,"R&D",16,2,"Other",4,"Female",44,2,2,"Manufacturing Director",2,"Married",4788,25388,0,"Yes",11,3,4,0,8,2,3,3,2,0,2
"1347",45,"No","Travel Rarely",556,"R&D",25,2,"Life Sciences",2,"Female",93,2,2,"Manufacturing Director",4,"Married",5906,23888,0,"No",13,3,4,2,10,2,2,9,8,3,8
"1348",36,"No","Travel Frequently",1213,"HR",2,1,"HR",2,"Male",94,2,2,"HR",4,"Single",3886,4223,1,"No",21,4,4,0,10,2,2,10,1,0,8
"1349",40,"No","Travel Rarely",1137,"R&D",1,4,"Life Sciences",1,"Male",98,3,4,"Manager",1,"Divorced",16823,18991,2,"No",11,3,1,1,22,3,3,19,7,11,16
"1350",26,"No","Travel Rarely",482,"R&D",1,2,"Life Sciences",2,"Female",90,2,1,"Research Scientist",3,"Married",2933,14908,1,"Yes",13,3,1,1,1,3,2,1,0,1,0
"1351",27,"No","Travel Rarely",511,"Sales",2,2,"Medical Sciences",1,"Female",89,4,2,"Sales Executive",3,"Single",6500,26997,0,"No",14,3,2,0,9,5,2,8,7,0,7
"1352",48,"No","Travel Frequently",117,"R&D",22,3,"Medical Sciences",4,"Female",58,3,4,"Manager",4,"Divorced",17174,2437,3,"No",11,3,2,1,24,3,3,22,17,4,7
"1353",44,"No","Travel Rarely",170,"R&D",1,4,"Life Sciences",2,"Male",78,4,2,"Healthcare Representative",1,"Married",5033,14218,2,"No",15,3,4,1,10,5,3,2,0,2,2
"1354",34,"Yes","Non Travel",967,"R&D",16,4,"Technical",4,"Male",85,1,1,"Research Scientist",1,"Married",2307,14460,1,"Yes",23,4,2,1,1,2,3,5,2,3,0
"1355",56,"Yes","Travel Rarely",1162,"R&D",24,2,"Life Sciences",1,"Male",97,3,1,"Laboratory Technician",4,"Single",2587,10261,1,"No",16,3,4,0,5,3,3,4,2,1,0
"1356",36,"No","Travel Rarely",335,"Sales",17,2,"Marketing",3,"Male",33,2,2,"Sales Executive",2,"Married",5507,16822,2,"No",16,3,3,2,12,1,1,4,2,1,3
"1357",41,"No","Travel Rarely",337,"Sales",8,2,"Marketing",3,"Female",54,3,2,"Sales Executive",2,"Married",4393,26841,5,"No",21,4,3,1,14,3,3,5,4,1,4
"1358",42,"No","Travel Rarely",1396,"R&D",6,3,"Medical Sciences",3,"Male",83,3,3,"Research Director",1,"Married",13348,14842,9,"No",13,3,2,1,18,3,4,13,7,5,7
"1359",31,"No","Travel Rarely",1079,"Sales",10,2,"Medical Sciences",3,"Female",86,3,2,"Sales Executive",4,"Divorced",6583,20115,2,"Yes",11,3,4,1,8,2,3,5,2,1,4
"1360",34,"No","Travel Rarely",735,"Sales",3,1,"Medical Sciences",4,"Female",75,2,2,"Sales Executive",4,"Married",8103,16495,3,"Yes",12,3,3,0,9,3,2,4,2,0,1
"1361",31,"No","Travel Rarely",471,"R&D",4,3,"Medical Sciences",1,"Female",62,4,1,"Laboratory Technician",3,"Divorced",3978,16031,8,"No",12,3,2,1,4,0,2,2,2,2,2
"1362",26,"No","Travel Frequently",1096,"R&D",6,3,"Other",3,"Male",61,4,1,"Laboratory Technician",4,"Married",2544,7102,0,"No",18,3,1,1,8,3,3,7,7,7,7
"1363",45,"No","Travel Frequently",1297,"R&D",1,4,"Medical Sciences",2,"Male",44,3,2,"Healthcare Representative",3,"Single",5399,14511,4,"No",12,3,3,0,12,3,3,4,2,0,3
"1364",33,"No","Travel Rarely",217,"Sales",10,4,"Marketing",2,"Male",43,3,2,"Sales Executive",3,"Single",5487,10410,1,"No",14,3,2,0,10,2,2,10,4,0,10
"1365",28,"No","Travel Frequently",783,"Sales",1,2,"Life Sciences",3,"Male",42,2,2,"Sales Executive",4,"Married",6834,19255,1,"Yes",12,3,3,1,7,2,3,7,7,0,7
"1366",29,"Yes","Travel Frequently",746,"Sales",24,3,"Technical",3,"Male",45,4,1,"Sales Representative",1,"Single",1091,10642,1,"No",22,3,4,0,1,3,3,1,0,0,0
"1367",39,"No","Non Travel",1251,"Sales",21,4,"Life Sciences",1,"Female",32,1,2,"Sales Executive",3,"Married",5736,3987,6,"No",19,3,3,1,10,1,3,3,2,0,2
"1368",27,"No","Travel Rarely",1354,"R&D",2,4,"Technical",2,"Male",41,3,1,"Research Scientist",2,"Married",2226,6073,1,"No",11,3,3,1,6,3,2,5,3,1,2
"1369",34,"No","Travel Frequently",735,"R&D",22,4,"Other",3,"Male",86,2,2,"Research Scientist",4,"Married",5747,26496,1,"Yes",15,3,2,0,16,3,3,15,10,6,11
"1370",28,"Yes","Travel Rarely",1475,"Sales",13,2,"Marketing",4,"Female",84,3,2,"Sales Executive",3,"Single",9854,23352,3,"Yes",11,3,4,0,6,0,3,2,0,2,2
"1371",47,"No","Non Travel",1169,"R&D",14,4,"Technical",3,"Male",64,3,2,"Research Scientist",2,"Married",5467,2125,8,"No",18,3,3,1,16,4,4,8,7,1,7
"1372",56,"No","Travel Rarely",1443,"Sales",11,5,"Marketing",4,"Male",89,2,2,"Sales Executive",1,"Married",5380,20328,4,"No",16,3,3,1,6,3,3,0,0,0,0
"1373",39,"No","Travel Rarely",867,"R&D",9,2,"Medical Sciences",1,"Male",87,3,2,"Manufacturing Director",1,"Married",5151,12315,1,"No",25,4,4,1,10,3,3,10,0,7,9
"1374",38,"No","Travel Frequently",1394,"R&D",8,3,"Medical Sciences",4,"Female",58,2,2,"Research Scientist",2,"Divorced",2133,18115,1,"Yes",16,3,3,1,20,3,3,20,11,0,7
"1375",58,"No","Travel Rarely",605,"Sales",21,3,"Life Sciences",4,"Female",72,3,4,"Manager",4,"Married",17875,14922,4,"Yes",13,3,3,1,29,2,2,1,0,0,0
"1376",32,"Yes","Travel Frequently",238,"R&D",5,2,"Life Sciences",1,"Female",47,4,1,"Research Scientist",3,"Single",2432,15318,3,"Yes",14,3,1,0,8,2,3,4,1,0,3
"1377",18,"No","Travel Rarely",1206,"R&D",9,2,"Life Sciences",2,"Male",71,3,1,"Research Scientist",4,"Divorced",4771,14293,2,"No",19,3,4,2,10,0,4,5,2,0,3
"1378",49,"No","Travel Frequently",1064,"R&D",2,1,"Life Sciences",2,"Male",42,3,5,"Research Director",4,"Married",19161,13738,3,"No",15,3,4,0,28,3,3,5,4,4,3
"1379",42,"No","Travel Rarely",419,"Sales",12,4,"Marketing",2,"Male",77,3,2,"Sales Executive",4,"Divorced",5087,2900,3,"Yes",12,3,3,2,14,4,3,0,0,0,0
"1380",27,"Yes","Travel Frequently",1337,"HR",22,3,"HR",1,"Female",58,2,1,"HR",2,"Married",2863,19555,1,"No",12,3,1,0,1,2,2,1,0,0,0
"1381",35,"No","Travel Rarely",682,"Sales",18,4,"Medical Sciences",2,"Male",71,3,2,"Sales Executive",1,"Married",5561,15975,0,"No",16,3,4,1,6,2,1,5,3,0,4
"1382",28,"No","Non Travel",1103,"R&D",16,3,"Medical Sciences",3,"Male",49,3,1,"Research Scientist",3,"Single",2144,2122,1,"No",14,3,3,0,5,3,2,5,3,1,4
"1383",31,"No","Non Travel",976,"R&D",3,2,"Medical Sciences",3,"Male",48,3,1,"Research Scientist",1,"Divorced",3065,3995,1,"Yes",13,3,4,1,4,3,4,4,2,2,3
"1384",36,"No","Non Travel",1351,"R&D",9,4,"Life Sciences",1,"Male",66,4,1,"Laboratory Technician",2,"Married",2810,9238,1,"No",22,4,2,0,5,3,3,2,4,0,2
"1385",34,"No","Travel Rarely",937,"Sales",1,3,"Marketing",1,"Male",32,3,3,"Sales Executive",4,"Single",9888,6770,1,"No",21,4,1,0,14,3,2,14,8,2,1
"1386",34,"No","Travel Rarely",1239,"Sales",13,4,"Medical Sciences",4,"Male",85,3,3,"Sales Executive",3,"Divorced",8628,22914,1,"No",18,3,3,1,9,2,2,8,7,1,1
"1387",26,"No","Travel Rarely",157,"R&D",1,3,"Medical Sciences",3,"Male",95,3,1,"Laboratory Technician",1,"Single",2867,20006,0,"No",13,3,4,0,8,6,2,7,7,7,6
"1388",29,"No","Travel Rarely",136,"R&D",1,3,"Life Sciences",1,"Male",89,3,2,"Healthcare Representative",1,"Married",5373,6225,0,"No",12,3,1,1,6,5,2,5,3,0,2
"1389",32,"No","Non Travel",1146,"R&D",15,4,"Medical Sciences",3,"Female",34,3,2,"Healthcare Representative",2,"Divorced",6667,16542,5,"No",18,3,2,1,9,6,3,5,1,1,2
"1390",31,"No","Travel Frequently",1125,"R&D",1,3,"Life Sciences",4,"Male",48,1,2,"Research Scientist",1,"Married",5003,5771,1,"No",21,4,2,0,10,6,3,10,8,8,7
"1391",28,"Yes","Travel Rarely",1404,"R&D",17,1,"Technical",3,"Male",32,2,1,"Laboratory Technician",4,"Divorced",2367,18779,5,"No",12,3,1,1,6,2,2,4,1,0,3
"1392",38,"No","Travel Rarely",1404,"Sales",1,3,"Life Sciences",1,"Male",59,2,1,"Sales Representative",1,"Single",2858,11473,4,"No",14,3,1,0,20,3,2,1,0,0,0
"1393",35,"No","Travel Rarely",1224,"Sales",7,4,"Life Sciences",3,"Female",55,3,2,"Sales Executive",4,"Married",5204,13586,1,"Yes",11,3,4,0,10,2,3,10,8,0,9
"1394",27,"No","Travel Rarely",954,"Sales",18,4,"Marketing",4,"Male",44,3,2,"Sales Executive",4,"Single",4105,5099,1,"No",14,3,1,0,7,5,3,7,7,0,7
"1395",32,"No","Travel Rarely",1373,"R&D",5,4,"Life Sciences",4,"Male",56,2,2,"Manufacturing Director",4,"Single",9679,10138,8,"No",24,4,2,0,8,1,3,1,0,0,0
"1396",31,"Yes","Travel Frequently",754,"Sales",26,4,"Marketing",1,"Male",63,3,2,"Sales Executive",4,"Married",5617,21075,1,"Yes",11,3,3,0,10,4,3,10,7,0,8
"1398",54,"No","Travel Rarely",155,"R&D",9,2,"Life Sciences",1,"Female",67,3,2,"Research Scientist",3,"Married",2897,22474,7,"No",11,3,3,2,9,6,2,4,3,2,3
"1399",33,"No","Travel Frequently",1303,"R&D",7,2,"Life Sciences",4,"Male",36,3,2,"Healthcare Representative",3,"Divorced",5968,18079,1,"No",20,4,3,3,9,2,3,9,7,2,8
"1400",43,"No","Travel Rarely",574,"R&D",11,3,"Life Sciences",1,"Male",73,3,3,"Healthcare Representative",3,"Married",7510,16873,1,"No",17,3,2,1,10,1,3,10,9,0,9
"1401",34,"No","Travel Frequently",1444,"HR",1,4,"Other",4,"Male",88,3,1,"HR",2,"Married",2991,5224,0,"Yes",11,3,2,1,7,2,3,6,2,1,2
"1402",55,"No","Travel Rarely",189,"HR",26,4,"HR",4,"Male",71,4,5,"Manager",2,"Married",19636,25811,4,"Yes",18,3,1,1,35,0,3,10,9,1,4
"1403",31,"No","Travel Rarely",1276,"R&D",2,1,"Medical Sciences",4,"Female",59,1,1,"Laboratory Technician",4,"Divorced",1129,17536,1,"Yes",11,3,3,3,1,4,3,1,0,0,0
"1404",39,"No","Travel Rarely",119,"Sales",15,4,"Marketing",2,"Male",77,3,4,"Sales Executive",1,"Single",13341,25098,0,"No",12,3,1,0,21,3,3,20,8,11,10
"1405",42,"No","Non Travel",335,"R&D",23,2,"Life Sciences",4,"Male",37,2,2,"Research Scientist",3,"Single",4332,14811,1,"No",12,3,4,0,20,2,3,20,9,3,7
"1406",31,"No","Non Travel",697,"R&D",10,3,"Medical Sciences",3,"Female",40,3,3,"Research Director",3,"Married",11031,26862,4,"No",20,4,3,1,13,2,4,11,7,4,8
"1407",27,"No","Travel Rarely",157,"R&D",10,3,"Medical Sciences",3,"Female",77,3,2,"Manufacturing Director",1,"Single",4440,25198,6,"Yes",19,3,4,0,9,3,3,5,2,1,4
"1408",24,"No","Travel Rarely",771,"R&D",1,2,"Life Sciences",2,"Male",45,2,2,"Healthcare Representative",3,"Single",4617,14120,1,"No",12,3,2,0,4,2,2,4,3,1,2
"1409",23,"No","Travel Rarely",571,"R&D",12,2,"Other",4,"Male",78,3,1,"Laboratory Technician",4,"Single",2647,13672,1,"No",13,3,3,0,5,6,4,5,2,1,4
"1411",40,"No","Travel Rarely",444,"Sales",2,2,"Marketing",2,"Female",92,3,2,"Sales Executive",2,"Married",5677,4258,3,"No",14,3,3,1,15,4,3,11,8,5,10
"1412",25,"No","Travel Rarely",309,"HR",2,3,"HR",3,"Female",82,3,1,"HR",2,"Married",2187,19655,4,"No",14,3,3,0,6,3,3,2,0,1,2
"1413",30,"No","Travel Rarely",911,"R&D",1,2,"Medical Sciences",4,"Male",76,3,1,"Laboratory Technician",2,"Married",3748,4077,1,"No",13,3,3,1,12,6,2,12,8,1,7
"1414",25,"No","Travel Rarely",977,"R&D",2,1,"Other",1,"Male",57,3,1,"Laboratory Technician",3,"Divorced",3977,7298,6,"Yes",19,3,3,1,7,2,2,2,2,0,2
"1415",47,"No","Travel Rarely",1180,"R&D",25,3,"Medical Sciences",1,"Male",84,3,3,"Healthcare Representative",3,"Single",8633,13084,2,"No",23,4,2,0,25,3,3,17,14,12,11
"1416",33,"No","Non Travel",1313,"R&D",1,2,"Medical Sciences",2,"Male",59,2,1,"Laboratory Technician",3,"Divorced",2008,20439,1,"No",12,3,3,3,1,2,2,1,1,0,0
"1417",38,"No","Travel Rarely",1321,"Sales",1,4,"Life Sciences",4,"Male",86,3,2,"Sales Executive",2,"Married",4440,7636,0,"No",15,3,1,2,16,3,3,15,13,5,8
"1418",31,"No","Travel Rarely",1154,"Sales",2,2,"Life Sciences",1,"Male",54,3,1,"Sales Representative",3,"Married",3067,6393,0,"No",19,3,3,1,3,1,3,2,2,1,2
"1419",38,"No","Travel Frequently",508,"R&D",6,4,"Life Sciences",1,"Male",72,2,2,"Manufacturing Director",3,"Married",5321,14284,2,"No",11,3,4,1,10,1,3,8,3,7,7
"1420",42,"No","Travel Rarely",557,"R&D",18,4,"Medical Sciences",4,"Male",35,3,2,"Research Scientist",1,"Divorced",5410,11189,6,"Yes",17,3,3,1,9,3,2,4,3,1,2
"1421",41,"No","Travel Rarely",642,"R&D",1,3,"Life Sciences",4,"Male",76,3,1,"Research Scientist",4,"Married",2782,21412,3,"No",22,4,1,1,12,3,3,5,3,1,0
"1422",47,"No","Non Travel",1162,"R&D",1,1,"Medical Sciences",2,"Female",98,3,3,"Research Director",2,"Married",11957,17231,0,"No",18,3,1,2,14,3,1,13,8,5,12
"1423",35,"No","Travel Rarely",1490,"R&D",11,4,"Medical Sciences",4,"Male",43,3,1,"Laboratory Technician",3,"Married",2660,20232,7,"Yes",11,3,3,1,5,3,3,2,2,2,2
"1424",22,"No","Travel Rarely",581,"R&D",1,2,"Life Sciences",4,"Male",63,3,1,"Research Scientist",3,"Single",3375,17624,0,"No",12,3,4,0,4,2,4,3,2,1,2
"1425",35,"No","Travel Rarely",1395,"R&D",9,4,"Medical Sciences",2,"Male",48,3,2,"Research Scientist",3,"Single",5098,18698,1,"No",19,3,2,0,10,5,3,10,7,0,8
"1426",33,"No","Travel Rarely",501,"R&D",15,2,"Medical Sciences",2,"Female",95,3,2,"Healthcare Representative",4,"Married",4878,21653,0,"Yes",13,3,1,1,10,6,3,9,7,8,1
"1427",32,"No","Travel Rarely",267,"R&D",29,4,"Life Sciences",3,"Female",49,2,1,"Laboratory Technician",2,"Single",2837,15919,1,"No",13,3,3,0,6,3,3,6,2,4,3
"1428",40,"No","Travel Rarely",543,"R&D",1,4,"Life Sciences",1,"Male",83,3,1,"Laboratory Technician",4,"Married",2406,4060,8,"No",19,3,3,2,8,3,2,1,0,0,0
"1429",32,"No","Travel Rarely",234,"Sales",1,4,"Medical Sciences",2,"Male",68,2,1,"Sales Representative",2,"Married",2269,18024,0,"No",14,3,2,1,3,2,3,2,2,2,2
"1430",39,"No","Travel Rarely",116,"R&D",24,1,"Life Sciences",1,"Male",52,3,2,"Research Scientist",4,"Single",4108,5340,7,"No",13,3,1,0,18,2,3,7,7,1,7
"1431",38,"No","Travel Rarely",201,"R&D",10,3,"Medical Sciences",2,"Female",99,1,3,"Research Director",3,"Married",13206,3376,3,"No",12,3,1,1,20,3,3,18,16,1,11
"1432",32,"No","Travel Rarely",801,"Sales",1,4,"Marketing",3,"Female",48,3,3,"Sales Executive",4,"Married",10422,24032,1,"No",19,3,3,2,14,3,3,14,10,5,7
"1433",37,"No","Travel Rarely",161,"R&D",10,3,"Life Sciences",3,"Female",42,4,3,"Research Director",4,"Married",13744,15471,1,"Yes",25,4,1,1,16,2,3,16,11,6,8
"1434",25,"No","Travel Rarely",1382,"Sales",8,2,"Other",1,"Female",85,3,2,"Sales Executive",3,"Divorced",4907,13684,0,"Yes",22,4,2,1,6,3,2,5,3,0,4
"1435",52,"No","Non Travel",1002,"Sales",29,4,"Life Sciences",1,"Male",40,3,1,"Sales Representative",4,"Divorced",3482,19788,2,"No",15,3,2,2,16,3,2,9,8,0,0
"1436",44,"No","Travel Rarely",1316,"R&D",1,3,"Medical Sciences",2,"Male",42,3,1,"Research Scientist",4,"Single",2436,13422,6,"Yes",12,3,3,0,6,2,3,4,3,1,2
"1437",21,"No","Travel Rarely",501,"Sales",5,1,"Medical Sciences",3,"Male",58,3,1,"Sales Representative",1,"Single",2380,25479,1,"Yes",11,3,4,0,2,6,3,2,2,1,2
"1438",39,"No","Non Travel",105,"R&D",9,3,"Life Sciences",4,"Male",87,3,5,"Manager",4,"Single",19431,15302,2,"No",13,3,3,0,21,3,2,6,2,1,3
"1439",23,"Yes","Travel Frequently",638,"Sales",9,3,"Marketing",4,"Male",33,3,1,"Sales Representative",1,"Married",1790,26956,1,"No",19,3,1,1,1,3,2,1,0,1,0
"1440",36,"No","Travel Rarely",557,"Sales",3,3,"Medical Sciences",1,"Female",94,2,3,"Sales Executive",4,"Married",7644,12695,0,"No",19,3,3,2,10,2,3,9,7,3,4
"1441",36,"No","Travel Frequently",688,"R&D",4,2,"Life Sciences",4,"Female",97,3,2,"Manufacturing Director",2,"Divorced",5131,9192,7,"No",13,3,2,3,18,3,3,4,2,0,2
"1442",56,"No","Non Travel",667,"R&D",1,4,"Life Sciences",3,"Male",57,3,2,"Healthcare Representative",3,"Divorced",6306,26236,1,"No",21,4,1,1,13,2,2,13,12,1,9
"1443",29,"Yes","Travel Rarely",1092,"R&D",1,4,"Medical Sciences",1,"Male",36,3,1,"Research Scientist",4,"Married",4787,26124,9,"Yes",14,3,2,3,4,3,4,3,2,2,2
"1444",42,"No","Travel Rarely",300,"R&D",2,3,"Life Sciences",1,"Male",56,3,5,"Manager",3,"Married",18880,17312,5,"No",11,3,1,0,24,2,2,22,6,4,14
"1445",56,"Yes","Travel Rarely",310,"R&D",7,2,"Technical",4,"Male",72,3,1,"Laboratory Technician",3,"Married",2339,3666,8,"No",11,3,4,1,14,4,1,10,9,9,8
"1446",41,"No","Travel Rarely",582,"R&D",28,4,"Life Sciences",1,"Female",60,2,4,"Manufacturing Director",2,"Married",13570,5640,0,"No",23,4,3,1,21,3,3,20,7,0,10
"1447",34,"No","Travel Rarely",704,"Sales",28,3,"Marketing",4,"Female",95,2,2,"Sales Executive",3,"Married",6712,8978,1,"No",21,4,4,2,8,2,3,8,7,1,7
"1448",36,"No","Non Travel",301,"Sales",15,4,"Marketing",4,"Male",88,1,2,"Sales Executive",4,"Divorced",5406,19196,1,"No",24,4,1,1,15,4,2,15,12,11,11
"1449",41,"No","Travel Rarely",930,"Sales",3,4,"Life Sciences",3,"Male",57,2,2,"Sales Executive",2,"Divorced",8938,12227,2,"No",11,3,3,1,14,5,3,5,4,0,4
"1450",32,"No","Travel Rarely",529,"R&D",2,3,"Technical",4,"Male",78,3,1,"Research Scientist",1,"Single",2439,11288,1,"No",14,3,4,0,4,4,3,4,2,1,2
"1451",35,"No","Travel Rarely",1146,"HR",26,4,"Life Sciences",3,"Female",31,3,3,"HR",4,"Single",8837,16642,1,"Yes",16,3,3,0,9,2,3,9,0,1,3
"1452",38,"No","Travel Rarely",345,"Sales",10,2,"Life Sciences",1,"Female",100,3,2,"Sales Executive",4,"Married",5343,5982,1,"No",11,3,3,1,10,1,3,10,7,1,9
"1453",50,"Yes","Travel Frequently",878,"Sales",1,4,"Life Sciences",2,"Male",94,3,2,"Sales Executive",3,"Divorced",6728,14255,7,"No",12,3,3,2,12,3,3,6,3,0,1
"1454",36,"No","Travel Rarely",1120,"Sales",11,4,"Marketing",2,"Female",100,2,2,"Sales Executive",4,"Married",6652,14369,4,"No",13,3,1,1,7,2,2,6,3,0,0
"1455",45,"No","Travel Rarely",374,"Sales",20,3,"Life Sciences",4,"Female",50,3,2,"Sales Executive",3,"Single",4850,23333,8,"No",15,3,3,0,8,3,3,5,3,0,1
"1456",40,"No","Travel Rarely",1322,"R&D",2,4,"Medical Sciences",3,"Male",52,2,1,"Research Scientist",3,"Single",2809,2725,2,"No",14,3,1,0,8,2,3,2,2,2,2
"1457",35,"No","Travel Frequently",1199,"R&D",18,4,"Life Sciences",3,"Male",80,3,2,"Healthcare Representative",3,"Married",5689,24594,1,"Yes",14,3,4,2,10,2,4,10,2,0,2
"1458",40,"No","Travel Rarely",1194,"R&D",2,4,"Medical Sciences",3,"Female",98,3,1,"Research Scientist",3,"Married",2001,12549,2,"No",14,3,2,3,20,2,3,5,3,0,2
"1459",35,"No","Travel Rarely",287,"R&D",1,4,"Life Sciences",3,"Female",62,1,1,"Research Scientist",4,"Married",2977,8952,1,"No",12,3,4,1,4,5,3,4,3,1,1
"1460",29,"No","Travel Rarely",1378,"R&D",13,2,"Other",4,"Male",46,2,2,"Laboratory Technician",2,"Married",4025,23679,4,"Yes",13,3,1,1,10,2,3,4,3,0,3
"1461",29,"No","Travel Rarely",468,"R&D",28,4,"Medical Sciences",4,"Female",73,2,1,"Research Scientist",1,"Single",3785,8489,1,"No",14,3,2,0,5,3,1,5,4,0,4
"1462",50,"Yes","Travel Rarely",410,"Sales",28,3,"Marketing",4,"Male",57,2,3,"Sales Executive",1,"Divorced",10854,16586,4,"Yes",13,3,2,1,20,3,3,3,2,2,0
"1463",39,"No","Travel Rarely",722,"Sales",24,1,"Marketing",2,"Female",60,2,4,"Sales Executive",4,"Married",12031,8828,0,"No",11,3,3,1,21,2,2,20,9,9,6
"1466",36,"No","Travel Frequently",884,"R&D",23,2,"Medical Sciences",3,"Male",41,4,2,"Laboratory Technician",4,"Married",2571,12290,4,"No",17,3,3,1,17,3,3,5,2,0,3
"1467",39,"No","Travel Rarely",613,"R&D",6,1,"Medical Sciences",4,"Male",42,2,3,"Healthcare Representative",1,"Married",9991,21457,4,"No",15,3,1,1,9,5,3,7,7,1,7
"1468",27,"No","Travel Rarely",155,"R&D",4,3,"Life Sciences",2,"Male",87,4,2,"Manufacturing Director",2,"Married",6142,5174,1,"Yes",20,4,2,1,6,0,3,6,2,0,3
"1470",34,"No","Travel Rarely",628,"R&D",8,3,"Medical Sciences",2,"Male",82,4,2,"Laboratory Technician",3,"Married",4404,10228,2,"No",12,3,1,0,6,3,4,4,3,1,2
"1471",29,"No","Travel Rarely",1372,"R&D",14,4,"Marketing",4,"Male",31,4,2,"Sales Executive",4,"Married",4639,22645,3,"Yes",11,3,4,0,9,2,4,4,0,0,2
"1472",34,"Yes","Travel Frequently",132,"R&D",15,4,"Technical",1,"Female",98,3,4,"Sales Executive",1,"Divorced",3544,25440,3,"No",15,3,4,3,8,3,2,10,0,0,6
"1473",60,"No","Travel Frequently",868,"R&D",7,3,"Marketing",1,"Female",68,3,2,"Manager",3,"Single",4617,23726,1,"No",13,3,3,0,9,6,3,1,13,9,8
"1474",34,"No","Travel Frequently",883,"R&D",20,3,"Medical Sciences",3,"Male",76,3,2,"Research Director",2,"Married",8628,8192,5,"No",15,3,1,0,4,2,3,4,2,0,2
"1475",27,"No","Travel Frequently",437,"Sales",6,4,"Medical Sciences",3,"Female",52,3,1,"Laboratory Technician",3,"Married",2791,4279,0,"Yes",11,3,1,0,20,1,3,15,0,2,9
"1476",33,"No","Travel Rarely",1351,"R&D",4,4,"Life Sciences",2,"Female",70,3,3,"Laboratory Technician",1,"Married",5204,16701,0,"No",14,3,3,1,10,2,3,10,2,2,2
"1477",27,"No","Travel Frequently",216,"R&D",14,3,"Life Sciences",3,"Male",36,1,3,"Laboratory Technician",3,"Single",5933,2104,0,"No",17,3,4,1,9,2,2,7,8,0,7
"1478",34,"Yes","Travel Rarely",1115,"R&D",8,1,"Other",1,"Male",33,4,1,"Healthcare Representative",1,"Divorced",7005,9945,8,"No",17,3,4,1,12,3,4,1,7,5,0
"1479",41,"No","Travel Frequently",391,"Sales",26,3,"Medical Sciences",2,"Female",66,3,1,"Sales Executive",1,"Married",5376,7909,1,"Yes",17,3,4,0,19,2,2,7,9,0,3
"1480",42,"Yes","Travel Rarely",1313,"R&D",1,3,"Life Sciences",1,"Female",52,3,1,"Sales Executive",3,"Married",4434,20489,4,"No",14,3,2,1,7,4,3,5,2,13,0
"1481",27,"No","Travel Rarely",228,"Sales",1,3,"Medical Sciences",4,"Male",53,3,3,"Research Director",1,"Divorced",1904,2939,3,"No",13,3,4,0,10,2,3,9,0,1,7
"1482",42,"No","Travel Frequently",1296,"Sales",24,3,"Technical",3,"Male",44,3,1,"Sales Executive",4,"Married",2438,5543,4,"Yes",19,3,3,2,22,2,3,6,3,7,2
"1483",28,"Yes","Travel Rarely",1174,"R&D",1,4,"Other",1,"Female",54,1,2,"Laboratory Technician",1,"Married",4033,26897,2,"No",14,3,2,1,19,2,1,10,13,7,9
"1484",52,"No","Travel Rarely",1467,"R&D",2,2,"Medical Sciences",4,"Male",50,2,1,"Research Director",3,"Married",9637,18437,3,"No",12,3,3,1,4,2,2,33,7,1,4
"1485",31,"No","Travel Frequently",365,"R&D",17,2,"Life Sciences",4,"Male",85,3,2,"Sales Executive",3,"Single",9907,10332,3,"No",12,3,4,2,6,6,3,10,2,1,7
"1486",27,"No","Travel Frequently",1171,"R&D",2,4,"Life Sciences",3,"Male",88,3,3,"Manager",3,"Married",15972,7288,0,"Yes",20,3,3,1,4,4,3,10,7,0,1
"1487",23,"No","Travel Rarely",470,"R&D",2,3,"Medical Sciences",4,"Female",86,4,3,"Research Scientist",2,"Married",18200,7815,2,"No",16,3,4,0,7,3,4,17,8,0,0
"1488",41,"Yes","Travel Rarely",258,"R&D",2,3,"Life Sciences",4,"Male",91,3,1,"Healthcare Representative",3,"Married",7484,22102,3,"No",14,3,1,3,24,2,2,1,2,1,2
"1489",26,"No","Travel Rarely",107,"R&D",8,4,"Medical Sciences",4,"Male",74,3,1,"Sales Executive",4,"Married",6781,25713,6,"Yes",17,4,4,1,29,3,3,2,5,0,0
"1490",35,"No","Travel Rarely",163,"Sales",9,3,"Technical",2,"Male",47,2,2,"Laboratory Technician",1,"Single",6725,17783,2,"No",13,4,4,2,10,3,2,9,7,0,3
"1491",25,"No","Travel Rarely",447,"R&D",2,1,"Marketing",2,"Female",60,3,2,"Laboratory Technician",4,"Married",5253,9238,1,"No",13,4,3,0,22,2,3,1,2,0,8
"1492",32,"Yes","Travel Rarely",833,"Sales",7,2,"Life Sciences",1,"Female",87,4,3,"Research Scientist",4,"Married",13269,5549,1,"No",13,3,4,1,9,2,3,1,2,0,0
"1493",30,"Yes","Travel Rarely",829,"Sales",23,2,"Life Sciences",3,"Male",43,2,1,"Healthcare Representative",3,"Married",2406,18869,4,"No",16,3,3,1,12,2,2,1,7,7,8
"1494",46,"No","Travel Rarely",1182,"Sales",4,3,"Life Sciences",2,"Male",83,2,2,"Sales Executive",3,"Married",4401,16090,2,"No",11,3,2,0,19,2,3,10,9,13,2
"1495",41,"No","Travel Rarely",823,"Sales",19,3,"Technical",3,"Male",96,3,2,"Research Director",3,"Single",8381,3208,8,"No",18,3,2,0,10,2,3,8,7,0,4
"1496",47,"Yes","Travel Rarely",147,"R&D",1,3,"Life Sciences",2,"Female",52,3,2,"Laboratory Technician",4,"Single",3600,15146,0,"No",11,3,2,1,12,5,3,15,2,0,8
"1497",43,"No","Travel Frequently",208,"Sales",9,1,"Marketing",1,"Male",40,4,2,"Sales Executive",4,"Married",17465,11512,2,"No",14,3,4,1,21,0,2,3,3,0,3
"1498",37,"No","Travel Frequently",1151,"Sales",26,3,"Technical",4,"Male",69,2,2,"Sales Executive",2,"Married",10096,24483,1,"No",12,4,4,1,13,3,3,5,7,8,7
"1499",40,"No","Travel Rarely",1302,"R&D",2,2,"Life Sciences",4,"Male",67,3,1,"Sales Executive",4,"Married",6201,22650,0,"Yes",13,3,4,0,10,2,3,9,7,1,17
"1500",38,"Yes","Travel Rarely",167,"R&D",14,1,"Technical",4,"Female",91,2,2,"Manufacturing Director",1,"Divorced",4508,17747,4,"Yes",13,3,2,0,8,3,4,6,2,7,3
"1501",50,"No","Travel Rarely",506,"R&D",1,1,"Medical Sciences",3,"Male",45,3,1,"Sales Executive",1,"Single",2180,6297,4,"No",13,4,3,2,9,2,3,23,2,1,2
"1502",43,"No","Travel Rarely",210,"R&D",10,4,"Medical Sciences",4,"Male",77,3,1,"Healthcare Representative",1,"Married",2406,17881,3,"No",17,4,4,0,2,2,3,2,8,6,2
"1503",52,"Yes","Travel Rarely",530,"R&D",2,3,"Medical Sciences",2,"Male",58,4,2,"Laboratory Technician",3,"Married",3229,24409,2,"Yes",12,3,4,1,9,2,3,5,7,0,0
"1504",27,"Yes","Travel Rarely",618,"R&D",1,4,"Medical Sciences",2,"Male",89,3,1,"Manager",1,"Single",16823,10675,3,"No",13,3,4,1,1,3,2,4,2,0,8
"1505",33,"No","Travel Rarely",823,"R&D",26,2,"Other",4,"Male",85,3,4,"Research Director",4,"Married",9699,6148,6,"No",14,3,2,1,7,2,3,1,0,0,4
"1506",50,"No","Travel Rarely",1313,"Sales",8,4,"Medical Sciences",4,"Female",37,3,3,"Sales Representative",4,"Divorced",13402,16193,2,"Yes",13,3,4,2,4,3,3,0,2,2,8
"1507",35,"No","Travel Rarely",1012,"R&D",8,2,"Marketing",1,"Male",60,4,3,"Laboratory Technician",2,"Married",3211,13301,8,"No",13,3,1,0,13,2,3,5,7,12,2
"1508",32,"Yes","Travel Rarely",898,"R&D",2,2,"Marketing",2,"Female",79,3,1,"Laboratory Technician",3,"Married",19328,24052,4,"No",19,3,4,0,16,2,3,3,5,0,0
"1509",38,"No","Travel Rarely",106,"Sales",2,1,"Medical Sciences",4,"Male",57,2,2,"Healthcare Representative",4,"Divorced",4148,9150,4,"No",12,4,4,2,7,1,3,4,8,0,2
"1510",29,"Yes","Travel Rarely",1311,"Sales",20,3,"Medical Sciences",1,"Female",76,4,2,"Sales Representative",3,"Single",2269,12127,0,"No",11,3,2,1,10,2,3,3,2,0,13
"1511",46,"No","Travel Rarely",438,"R&D",24,1,"Medical Sciences",3,"Female",83,3,4,"Sales Executive",1,"Divorced",4876,6689,0,"Yes",18,3,2,1,8,3,3,7,2,12,7
"1512",27,"No","Travel Rarely",1479,"Sales",24,4,"Life Sciences",2,"Male",46,2,2,"Laboratory Technician",4,"Married",11713,2706,4,"No",13,4,3,1,12,2,3,5,0,0,0
"1513",37,"Yes","Travel Rarely",642,"Sales",2,1,"Technical",4,"Female",80,2,1,"Sales Executive",2,"Divorced",4663,12858,8,"Yes",11,3,4,2,5,2,3,6,3,5,0
"1514",57,"No","Travel Rarely",332,"Sales",7,1,"Other",4,"Male",48,4,1,"Research Scientist",4,"Married",17875,2721,4,"No",14,3,3,0,14,6,3,1,13,13,7
"1515",35,"No","Travel Rarely",594,"Sales",1,1,"Life Sciences",3,"Male",76,1,4,"Laboratory Technician",4,"Married",2835,16822,1,"No",16,3,3,0,5,3,3,3,13,11,0
"1516",49,"No","Travel Frequently",560,"R&D",8,4,"Life Sciences",2,"Male",94,3,2,"Laboratory Technician",2,"Married",1878,5696,7,"Yes",19,3,4,0,10,3,2,2,2,1,7
"1517",38,"No","Travel Rarely",760,"Sales",3,3,"Life Sciences",4,"Female",89,2,2,"Research Scientist",4,"Single",5324,19573,4,"No",12,3,1,0,5,2,2,0,2,0,2
"1518",35,"No","Travel Rarely",607,"R&D",1,3,"Life Sciences",2,"Male",66,4,4,"Healthcare Representative",3,"Divorced",19197,25927,3,"Yes",14,3,3,1,10,3,3,4,14,5,1
"1519",37,"No","Travel Rarely",688,"Sales",8,4,"Technical",2,"Male",31,2,3,"Manager",2,"Divorced",19187,21643,2,"No",12,3,4,1,1,3,3,3,2,0,2
"1520",36,"No","Travel Rarely",682,"R&D",11,3,"Life Sciences",4,"Male",58,2,3,"Laboratory Technician",3,"Divorced",17856,24223,1,"Yes",12,4,1,3,10,3,3,33,5,4,1
"1521",34,"No","Non Travel",1138,"Sales",3,4,"Medical Sciences",1,"Female",55,2,2,"Laboratory Technician",3,"Divorced",6142,21816,5,"No",13,3,1,0,5,2,3,32,2,2,6
"1522",40,"No","Travel Rarely",1052,"Sales",6,3,"Life Sciences",1,"Male",87,3,2,"Research Scientist",4,"Single",9582,15395,0,"Yes",13,3,1,1,6,2,4,9,7,1,2
"1523",35,"No","Travel Frequently",1184,"R&D",1,1,"Other",4,"Female",72,3,1,"HR",3,"Divorced",4627,2890,0,"Yes",13,3,3,1,5,5,3,5,2,1,3
"1524",32,"No","Travel Rarely",1377,"R&D",26,3,"Other",3,"Female",73,3,4,"Laboratory Technician",4,"Divorced",2593,6599,5,"No",13,3,2,1,26,2,4,25,0,8,15
"1525",40,"No","Travel Rarely",153,"R&D",10,5,"Technical",4,"Male",32,3,3,"Laboratory Technician",3,"Married",5006,19170,5,"No",13,3,3,0,9,3,3,3,7,1,0
"1526",40,"No","Non Travel",1157,"R&D",7,2,"Life Sciences",1,"Female",75,3,2,"Manufacturing Director",1,"Single",3737,24442,1,"No",15,4,3,1,10,2,3,3,8,5,13
"1527",29,"No","Travel Frequently",829,"R&D",15,5,"Medical Sciences",2,"Female",42,3,1,"Research Scientist",4,"Married",10938,18300,0,"Yes",13,3,4,1,1,3,2,9,0,0,0
"1528",41,"No","Travel Rarely",147,"R&D",7,4,"Medical Sciences",4,"Male",36,2,3,"Sales Executive",3,"Married",5507,9358,1,"No",12,3,3,1,9,6,4,1,7,0,2
"1529",44,"No","Travel Frequently",194,"R&D",4,4,"Medical Sciences",4,"Male",97,3,1,"Healthcare Representative",2,"Married",4249,19555,0,"No",12,3,4,1,18,2,4,10,2,7,2
"1530",35,"No","Travel Rarely",202,"Sales",29,4,"Technical",1,"Female",50,3,4,"Sales Executive",1,"Divorced",2306,11309,0,"Yes",21,3,2,2,11,2,3,14,0,2,9
"1531",50,"No","Travel Rarely",950,"R&D",26,1,"Life Sciences",4,"Male",54,2,2,"Laboratory Technician",3,"Married",16032,23772,4,"No",14,4,3,1,16,0,3,3,7,0,2
"1532",59,"Yes","Travel Rarely",182,"R&D",8,3,"Medical Sciences",1,"Female",72,3,3,"Research Scientist",2,"Single",10221,6927,0,"No",21,3,2,2,15,3,3,8,8,0,3
"1533",31,"No","Travel Rarely",746,"R&D",9,3,"Life Sciences",3,"Male",64,2,4,"Manager",4,"Single",2413,9528,0,"No",20,3,3,1,15,4,3,6,5,1,13
"1534",35,"Yes","Travel Rarely",667,"R&D",2,2,"Medical Sciences",4,"Female",86,3,2,"Sales Executive",4,"Divorced",6125,24609,0,"No",14,3,3,0,13,2,3,3,4,1,9
"1535",26,"No","Travel Rarely",977,"Sales",10,2,"Life Sciences",4,"Female",47,3,1,"Manufacturing Director",1,"Married",11159,26227,8,"No",13,3,3,0,24,2,2,5,2,1,3
"1536",26,"No","Travel Frequently",1418,"R&D",9,2,"Marketing",4,"Male",46,3,3,"Sales Representative",3,"Divorced",6142,15896,5,"Yes",24,3,1,0,24,2,2,3,8,1,8
"1537",33,"No","Travel Frequently",1334,"Sales",23,3,"Medical Sciences",4,"Male",91,3,1,"Research Director",2,"Married",8392,3872,2,"Yes",14,3,3,2,10,2,2,1,1,1,7
"1538",53,"No","Travel Rarely",1480,"R&D",9,2,"Medical Sciences",4,"Female",86,2,3,"Sales Executive",3,"Married",8823,14720,8,"Yes",17,3,1,0,8,3,3,0,1,1,3
"1539",35,"No","Travel Rarely",1261,"R&D",5,3,"Life Sciences",4,"Male",55,3,3,"Research Scientist",1,"Married",16437,6153,1,"No",12,3,2,0,14,3,4,5,3,0,4
"1540",48,"No","Travel Frequently",1495,"Sales",18,2,"Medical Sciences",4,"Female",72,3,2,"Research Scientist",4,"Divorced",11957,17056,0,"No",14,3,2,1,10,2,3,4,7,4,7
"1541",30,"No","Travel Rarely",1034,"Sales",18,3,"Life Sciences",4,"Female",93,2,2,"Sales Executive",4,"Married",5440,18787,2,"No",11,3,1,0,10,3,3,20,2,0,7
"1542",50,"No","Travel Rarely",392,"R&D",23,4,"Life Sciences",4,"Male",60,4,1,"Sales Executive",2,"Married",5324,20003,2,"No",23,3,3,0,15,2,3,7,0,1,8
"1543",52,"No","Travel Rarely",1266,"R&D",3,3,"Life Sciences",3,"Male",31,2,1,"Manufacturing Director",3,"Married",4898,5044,3,"No",13,3,4,0,9,2,3,2,2,0,2
"1544",46,"No","Travel Rarely",928,"Sales",2,2,"Life Sciences",2,"Female",30,3,3,"Research Director",4,"Single",2942,15815,9,"Yes",15,3,2,1,11,2,2,4,0,0,2
"1545",32,"No","Travel Rarely",254,"Sales",25,3,"Life Sciences",1,"Female",59,3,3,"Sales Executive",2,"Single",2323,4223,5,"Yes",12,4,4,0,10,1,3,15,8,4,1
"1546",32,"No","Travel Rarely",1029,"R&D",28,3,"Marketing",3,"Male",43,3,1,"Sales Executive",3,"Divorced",6524,21026,3,"No",18,3,4,0,20,2,3,10,10,12,3
"1547",31,"No","Travel Rarely",1198,"R&D",8,4,"Medical Sciences",1,"Male",60,3,3,"Laboratory Technician",4,"Married",9713,8040,1,"Yes",11,3,2,0,18,3,4,16,9,1,9
"1548",33,"No","Travel Rarely",397,"R&D",1,2,"Life Sciences",1,"Male",93,1,1,"HR",3,"Divorced",19045,17198,9,"No",18,3,4,1,4,4,3,5,7,1,8
"1549",31,"No","Travel Rarely",1031,"Sales",4,4,"Technical",4,"Female",57,3,1,"Sales Executive",4,"Married",2008,8978,0,"Yes",11,3,3,1,11,2,1,5,2,1,8
"1550",45,"No","Travel Rarely",1162,"Sales",4,1,"Life Sciences",1,"Male",92,2,1,"Sales Executive",4,"Single",3517,22308,3,"No",14,3,2,0,1,3,3,1,0,0,2
"1551",55,"No","Travel Frequently",1404,"R&D",2,3,"Technical",1,"Male",63,3,2,"Laboratory Technician",1,"Married",2791,5041,0,"Yes",15,4,3,0,33,2,3,2,4,2,0
"1552",45,"Yes","Travel Rarely",632,"R&D",1,2,"Life Sciences",2,"Male",40,3,3,"Healthcare Representative",3,"Single",9980,11038,1,"No",11,3,2,0,16,4,2,7,0,4,1
"1553",31,"No","Travel Rarely",725,"Sales",4,4,"Medical Sciences",2,"Male",48,2,1,"Manufacturing Director",2,"Married",4490,24008,1,"No",12,3,3,1,32,4,3,9,2,0,4
"1554",37,"Yes","Travel Rarely",1372,"Sales",1,2,"Medical Sciences",4,"Male",68,3,1,"Healthcare Representative",2,"Married",6500,17181,1,"No",18,4,4,1,13,2,3,20,0,1,9
"1555",29,"No","Travel Rarely",1404,"HR",2,4,"Medical Sciences",3,"Male",61,3,2,"Manager",2,"Married",7725,16900,0,"No",15,3,3,0,1,3,3,9,7,2,3
"1556",18,"Yes","Travel Rarely",153,"R&D",12,3,"Life Sciences",4,"Male",84,3,1,"Healthcare Representative",1,"Married",16835,24450,7,"No",18,3,3,1,11,3,3,26,2,0,0
"1557",35,"No","Travel Rarely",1312,"R&D",23,4,"Other",4,"Male",52,3,2,"Healthcare Representative",2,"Married",5258,14935,4,"No",12,3,1,1,29,3,3,0,3,0,6
"1558",37,"No","Travel Rarely",1199,"R&D",9,3,"Medical Sciences",4,"Female",30,3,2,"Research Director",2,"Married",9250,6889,3,"No",14,3,3,1,1,3,3,3,3,9,3
"1559",24,"No","Travel Rarely",185,"R&D",6,2,"Other",1,"Male",78,3,1,"Research Scientist",4,"Married",19328,15276,9,"No",13,3,3,0,9,2,3,1,2,0,9
"1560",47,"No","Travel Rarely",625,"Sales",10,2,"Medical Sciences",1,"Female",44,2,5,"Sales Executive",3,"Married",3420,17808,4,"No",12,3,1,1,9,3,3,4,2,3,2
"1561",33,"No","Travel Frequently",287,"R&D",19,2,"Life Sciences",2,"Male",43,3,3,"Research Scientist",3,"Married",2811,19737,1,"Yes",13,3,3,0,8,4,4,7,2,0,2
"1562",59,"No","Travel Rarely",799,"R&D",4,4,"Other",3,"Female",88,3,1,"Sales Executive",3,"Single",3452,25927,1,"Yes",20,3,4,1,8,2,2,5,17,1,2
"1563",29,"Yes","Travel Rarely",1162,"R&D",2,4,"Technical",3,"Male",55,2,2,"Research Scientist",3,"Divorced",6500,25800,1,"No",22,3,4,2,28,3,3,6,3,5,2
"1564",29,"No","Travel Rarely",895,"R&D",12,4,"Life Sciences",1,"Female",34,2,2,"Sales Executive",4,"Divorced",10048,12368,0,"Yes",23,3,4,0,18,0,3,6,2,0,0
"1565",28,"No","Travel Rarely",1141,"Sales",3,3,"HR",4,"Female",61,2,1,"Research Scientist",3,"Divorced",2029,9260,1,"No",18,3,1,1,19,2,2,8,9,1,3
"1566",24,"No","Travel Rarely",1319,"Sales",1,4,"Technical",1,"Female",75,2,1,"Healthcare Representative",4,"Divorced",1129,21196,6,"No",22,3,4,0,19,0,3,2,7,3,4
"1567",23,"Yes","Travel Rarely",288,"R&D",25,1,"Other",1,"Female",79,1,2,"Laboratory Technician",2,"Married",2342,20467,1,"No",20,3,2,1,7,3,3,10,2,0,0
"1568",35,"No","Travel Rarely",602,"R&D",2,4,"Life Sciences",2,"Male",65,3,2,"Research Director",4,"Single",2932,5220,5,"No",13,3,4,1,6,4,3,20,2,1,10
"1569",43,"No","Travel Rarely",685,"Sales",1,3,"Marketing",4,"Male",60,3,2,"Manager",3,"Married",13695,18092,3,"Yes",17,3,2,1,22,3,2,2,3,2,14
"1570",33,"No","Travel Rarely",703,"HR",7,1,"Marketing",3,"Male",94,3,1,"Research Scientist",3,"Single",2064,18697,1,"No",14,3,4,3,24,3,3,23,2,2,4
"1571",35,"No","Travel Rarely",735,"R&D",4,5,"Technical",1,"Female",60,2,1,"Research Scientist",4,"Married",9396,16530,7,"Yes",25,3,4,1,9,5,3,9,2,4,8
"1572",33,"No","Travel Frequently",621,"R&D",5,3,"Life Sciences",3,"Female",99,4,1,"Healthcare Representative",1,"Married",4869,5100,0,"No",18,3,3,1,27,0,2,2,3,2,2
"1573",31,"Yes","Travel Frequently",441,"Sales",7,3,"Medical Sciences",3,"Male",45,3,1,"Laboratory Technician",1,"Married",19973,13248,0,"Yes",11,3,4,1,10,2,3,1,4,0,3
"1574",32,"Yes","Travel Frequently",448,"R&D",1,1,"Marketing",3,"Male",54,4,1,"Research Scientist",4,"Single",5063,13970,1,"No",19,3,1,0,9,2,2,10,4,1,7
"1575",42,"No","Travel Rarely",879,"R&D",2,3,"Life Sciences",3,"Male",92,3,3,"Research Scientist",2,"Single",5605,3119,1,"Yes",17,4,3,0,8,2,2,10,3,0,0
"1576",44,"No","Travel Frequently",1218,"Sales",15,4,"Life Sciences",2,"Female",99,3,2,"Sales Representative",3,"Married",4978,3449,1,"No",14,3,1,0,10,5,3,5,5,6,4
"1577",21,"No","Travel Rarely",359,"Sales",7,2,"Technical",1,"Female",60,3,5,"Laboratory Technician",3,"Divorced",4736,19299,0,"Yes",12,3,3,0,4,2,2,13,7,1,2
"1578",34,"No","Travel Rarely",200,"R&D",5,4,"Life Sciences",4,"Male",39,2,1,"Sales Representative",1,"Married",6893,12828,0,"No",13,4,1,1,10,2,3,2,2,15,2
"1579",33,"No","Travel Frequently",243,"Sales",1,3,"Medical Sciences",4,"Male",99,3,1,"Research Scientist",2,"Single",3681,5151,6,"No",11,3,4,1,8,2,3,1,2,0,1
"1580",41,"No","Non Travel",1318,"Sales",24,2,"Medical Sciences",1,"Female",70,2,1,"Research Scientist",4,"Married",17123,20293,4,"No",19,3,4,0,7,2,3,10,7,1,5
"1581",24,"No","Travel Frequently",474,"R&D",2,1,"Medical Sciences",3,"Female",97,3,2,"Manufacturing Director",3,"Single",8380,13535,1,"Yes",12,4,3,1,2,1,4,1,11,2,2
"1582",32,"No","Travel Rarely",469,"R&D",3,3,"Life Sciences",2,"Male",97,2,3,"HR",2,"Married",5869,9256,4,"Yes",21,4,4,0,6,1,3,9,2,0,0
"1583",29,"No","Travel Rarely",1107,"Sales",12,3,"Life Sciences",2,"Male",91,2,2,"Sales Executive",2,"Married",6120,12288,6,"Yes",19,3,3,1,5,3,2,10,9,1,7
"1584",51,"No","Travel Frequently",602,"R&D",1,4,"Other",4,"Female",55,3,5,"Sales Executive",3,"Divorced",2089,7621,6,"No",12,3,1,2,14,2,3,4,2,0,2
"1585",37,"No","Travel Frequently",317,"Sales",2,3,"Life Sciences",4,"Male",57,3,1,"Healthcare Representative",4,"Married",4001,4244,2,"Yes",11,3,2,1,10,2,2,7,7,0,10
"1586",48,"Yes","Travel Rarely",147,"Sales",1,2,"Life Sciences",4,"Male",96,3,2,"Sales Executive",3,"Single",4821,14168,0,"No",15,3,3,0,8,2,3,18,7,0,10
"1587",51,"No","Travel Rarely",918,"R&D",2,2,"Medical Sciences",4,"Female",36,2,1,"Research Director",2,"Married",13503,6645,4,"No",14,3,4,1,1,3,2,3,13,4,0
"1588",38,"Yes","Travel Frequently",645,"Sales",9,3,"Medical Sciences",2,"Male",96,3,2,"Sales Executive",2,"Married",4834,9260,3,"Yes",18,3,3,1,33,3,3,2,3,0,8
"1589",26,"No","Non Travel",1299,"Sales",17,4,"Life Sciences",3,"Male",72,4,1,"Manufacturing Director",2,"Married",3407,16374,2,"No",13,3,3,0,9,2,2,8,9,0,7
"1590",48,"No","Travel Frequently",530,"R&D",16,4,"Medical Sciences",4,"Male",63,3,2,"Laboratory Technician",4,"Married",10445,12695,2,"Yes",18,3,1,2,16,3,3,1,7,8,1
"1591",39,"No","Travel Rarely",983,"R&D",9,4,"Medical Sciences",2,"Male",97,4,1,"HR",1,"Married",2741,11864,3,"No",11,3,3,1,21,3,2,17,3,2,7
"1592",29,"No","Travel Rarely",511,"R&D",9,2,"Technical",2,"Male",31,2,3,"Laboratory Technician",4,"Divorced",6582,3157,3,"No",13,3,2,0,8,6,3,1,11,4,9
"1593",35,"No","Travel Rarely",217,"R&D",14,4,"Medical Sciences",3,"Female",78,3,2,"Manufacturing Director",4,"Married",2285,17360,1,"No",14,3,2,2,16,2,3,8,3,0,2
"1594",45,"No","Non Travel",1291,"R&D",7,4,"Medical Sciences",2,"Male",96,2,2,"Research Scientist",3,"Married",4723,24162,3,"Yes",12,3,3,0,9,3,3,26,2,0,4
"1595",33,"No","Travel Rarely",971,"HR",18,4,"Other",1,"Female",86,3,1,"Research Scientist",2,"Single",9699,26933,7,"No",20,3,1,0,1,3,2,3,7,1,0
"1596",43,"No","Travel Rarely",718,"Sales",14,2,"Life Sciences",1,"Male",55,3,5,"Healthcare Representative",4,"Married",3149,21829,1,"No",18,3,3,0,10,3,3,7,2,0,6
"1597",30,"No","Travel Frequently",766,"R&D",27,3,"Technical",3,"Female",98,3,2,"Laboratory Technician",4,"Divorced",3500,10425,1,"Yes",13,3,4,1,15,2,4,22,1,0,8
"1598",44,"No","Travel Rarely",307,"Sales",2,1,"Life Sciences",3,"Female",75,2,3,"Laboratory Technician",3,"Married",2728,25800,3,"No",12,3,3,1,28,4,2,3,3,1,4
"1599",41,"No","Travel Rarely",894,"Sales",25,3,"Life Sciences",3,"Male",72,3,2,"Sales Executive",4,"Married",9667,10138,5,"Yes",12,3,4,3,4,3,3,5,0,2,7
"1600",30,"Yes","Non Travel",986,"R&D",3,2,"Life Sciences",1,"Female",49,3,2,"Research Scientist",1,"Divorced",6142,11563,2,"No",14,3,4,1,6,0,3,5,4,0,8
"1601",32,"No","Travel Rarely",1336,"R&D",1,2,"Life Sciences",4,"Female",60,3,2,"Healthcare Representative",3,"Divorced",16792,23978,0,"Yes",11,3,2,0,20,2,3,6,0,1,2
"1602",43,"Yes","Non Travel",1181,"R&D",8,3,"Life Sciences",4,"Male",100,3,3,"Sales Executive",3,"Married",16422,5411,9,"Yes",14,3,4,0,4,1,3,9,2,0,2
"1603",56,"No","Travel Rarely",1309,"R&D",20,5,"Life Sciences",2,"Male",42,3,1,"Laboratory Technician",4,"Divorced",4768,22949,0,"No",20,4,1,2,16,2,3,2,2,0,2
"1604",40,"No","Travel Frequently",552,"R&D",1,4,"Medical Sciences",4,"Male",87,2,2,"Sales Executive",1,"Single",4821,5549,0,"No",17,3,3,1,7,1,3,5,7,1,10
"1605",42,"No","Travel Rarely",154,"R&D",10,4,"Medical Sciences",4,"Female",78,2,4,"Manager",1,"Divorced",4869,24483,2,"Yes",18,3,2,0,10,0,3,10,2,5,7
"1606",41,"No","Travel Rarely",1271,"R&D",20,2,"Medical Sciences",3,"Female",42,3,1,"Manufacturing Director",1,"Married",8943,19609,7,"No",12,3,2,0,9,2,2,5,11,2,12
"1607",33,"No","Travel Rarely",1296,"R&D",2,4,"Medical Sciences",1,"Male",76,3,1,"Research Scientist",2,"Married",4649,5340,1,"No",16,3,4,1,10,2,4,3,1,4,7
"1608",31,"No","Travel Frequently",809,"R&D",10,3,"Marketing",3,"Female",56,3,2,"Sales Executive",2,"Divorced",3452,20420,1,"No",13,3,2,1,6,3,4,3,7,1,2
"1609",27,"No","Travel Rarely",471,"R&D",18,3,"Life Sciences",4,"Female",50,3,2,"Laboratory Technician",1,"Married",6214,15747,1,"No",24,3,1,0,23,0,4,8,7,2,7
"1610",36,"No","Travel Rarely",1136,"Sales",11,2,"Technical",1,"Male",90,3,1,"Laboratory Technician",3,"Married",7406,22061,3,"No",16,3,1,1,15,3,3,20,7,0,7
"1611",39,"No","Non Travel",555,"Sales",9,4,"Marketing",1,"Female",34,3,3,"Sales Executive",1,"Single",13120,16885,1,"No",17,3,1,2,25,3,4,4,7,0,0
"1612",28,"Yes","Non Travel",602,"R&D",13,2,"Medical Sciences",2,"Male",32,3,2,"Sales Executive",4,"Married",5828,19305,4,"No",14,3,4,0,9,4,3,14,9,0,2
"1613",51,"No","Travel Rarely",218,"R&D",4,2,"Medical Sciences",1,"Female",74,4,3,"Sales Executive",1,"Married",2145,12388,3,"No",17,3,1,0,11,6,3,10,7,2,7
"1614",29,"Yes","Non Travel",928,"R&D",23,1,"Marketing",4,"Male",52,3,3,"Research Scientist",4,"Married",2904,19305,1,"No",13,3,2,0,16,2,2,16,4,7,11
"1615",36,"Yes","Travel Rarely",1225,"R&D",3,1,"Life Sciences",1,"Male",64,3,2,"Manager",4,"Married",4553,21447,1,"No",17,3,3,1,5,3,4,6,0,1,7
"1616",57,"Yes","Travel Rarely",682,"R&D",23,4,"Technical",1,"Female",70,3,1,"Sales Representative",3,"Married",2836,11652,7,"No",13,3,4,1,4,2,3,5,2,1,0
"1617",50,"No","Travel Rarely",1441,"Sales",8,2,"Marketing",4,"Female",45,3,1,"Healthcare Representative",3,"Divorced",3692,23793,0,"Yes",19,3,3,2,10,6,3,5,11,1,2
"1618",58,"No","Travel Rarely",1176,"R&D",2,4,"Life Sciences",4,"Female",78,3,2,"Research Scientist",3,"Married",2373,13022,1,"No",11,3,2,1,4,2,3,20,3,2,10
"1619",60,"No","Travel Rarely",369,"Sales",5,3,"Medical Sciences",3,"Male",85,3,2,"Research Scientist",1,"Divorced",4721,26496,1,"Yes",17,4,1,0,10,2,2,1,10,0,3
"1620",35,"No","Travel Rarely",468,"R&D",2,3,"Marketing",3,"Male",94,1,1,"Healthcare Representative",4,"Married",4194,5747,9,"No",15,3,1,0,9,6,3,2,2,0,9
"1621",42,"No","Travel Rarely",1479,"R&D",29,4,"Medical Sciences",2,"Female",96,2,1,"Laboratory Technician",2,"Divorced",7779,15182,0,"No",12,3,3,1,7,2,3,1,0,3,1
"1622",30,"Yes","Travel Rarely",482,"Sales",28,4,"Medical Sciences",1,"Male",75,3,2,"Research Scientist",4,"Single",4771,19100,1,"No",13,3,3,0,19,2,2,5,0,5,7
"1623",29,"Yes","Travel Rarely",541,"R&D",28,3,"Life Sciences",3,"Female",61,2,1,"Manager",1,"Married",2610,17071,1,"No",14,4,4,0,7,2,3,15,7,1,1
"1624",27,"No","Travel Rarely",1321,"Sales",1,1,"Medical Sciences",3,"Male",90,3,1,"Sales Executive",3,"Married",5487,17519,2,"No",22,3,1,0,1,3,3,13,3,4,0
"1625",18,"No","Travel Rarely",648,"R&D",1,2,"Medical Sciences",4,"Female",76,3,2,"Research Scientist",2,"Divorced",5329,5220,1,"No",16,3,4,1,6,3,2,3,0,1,7
"1626",49,"Yes","Travel Rarely",1395,"Sales",1,2,"Medical Sciences",3,"Male",77,3,2,"Manufacturing Director",2,"Married",6261,13982,4,"No",14,3,1,1,10,2,2,7,2,0,7
"1627",38,"No","Travel Rarely",644,"R&D",4,4,"Medical Sciences",2,"Female",87,3,2,"Sales Executive",3,"Married",5208,5323,9,"Yes",13,4,1,0,1,5,3,5,7,7,4
"1628",42,"No","Travel Frequently",152,"R&D",10,3,"Medical Sciences",4,"Male",66,4,2,"Research Director",3,"Single",3140,4956,1,"Yes",12,3,2,1,4,2,4,20,3,0,11
"1629",45,"No","Travel Rarely",1179,"R&D",6,2,"Life Sciences",4,"Female",65,3,1,"Sales Representative",3,"Single",10845,13939,3,"No",12,3,2,1,9,3,3,3,0,13,15
"1630",35,"No","Travel Rarely",495,"Sales",7,3,"Technical",1,"Male",73,1,2,"Laboratory Technician",4,"Married",10648,6069,6,"No",12,3,2,2,10,2,3,7,1,0,3
"1631",29,"No","Travel Rarely",1053,"HR",11,1,"Marketing",4,"Female",30,3,2,"Sales Executive",1,"Single",4534,3449,7,"No",17,3,1,1,4,2,3,1,3,0,2
"1632",52,"No","Travel Rarely",1052,"Sales",6,5,"Medical Sciences",3,"Female",76,3,2,"HR",2,"Single",2180,8232,0,"Yes",11,3,2,3,12,1,3,22,7,1,2
"1633",45,"No","Travel Rarely",319,"R&D",1,4,"Life Sciences",3,"Male",52,3,1,"Research Scientist",3,"Married",14411,6975,1,"Yes",21,3,2,0,9,2,2,5,3,0,0
"1634",41,"No","Travel Rarely",335,"Sales",9,3,"Medical Sciences",3,"Male",70,2,5,"Manufacturing Director",1,"Single",19197,11934,0,"No",13,3,2,0,9,2,3,6,2,11,2
"1635",33,"No","Travel Rarely",300,"R&D",14,3,"Medical Sciences",1,"Male",98,2,5,"Research Scientist",2,"Married",16856,22455,1,"No",14,3,3,0,9,2,3,21,2,0,0
"1636",33,"No","Travel Rarely",200,"R&D",5,4,"Life Sciences",4,"Male",54,3,2,"Sales Executive",3,"Divorced",7260,24941,1,"No",12,3,3,0,5,5,1,21,9,0,0
"1637",34,"No","Non Travel",163,"R&D",20,1,"HR",4,"Male",30,4,4,"Sales Executive",3,"Single",17048,14961,1,"Yes",15,4,3,1,25,2,2,12,4,0,8
"1638",53,"No","Travel Rarely",1457,"R&D",2,1,"Medical Sciences",4,"Male",43,2,1,"Research Scientist",3,"Divorced",16015,14961,0,"No",13,3,3,1,8,2,4,10,7,0,2
"1639",37,"No","Travel Rarely",869,"R&D",1,3,"Life Sciences",2,"Male",65,3,4,"Sales Executive",2,"Married",2218,12291,4,"No",19,3,1,1,18,4,3,3,0,0,2
"1640",30,"No","Non Travel",1283,"HR",2,3,"Life Sciences",4,"Female",48,3,3,"Research Scientist",2,"Single",4385,5099,6,"No",11,3,4,0,2,2,3,2,0,2,0
"1641",45,"No","Travel Rarely",1479,"R&D",7,3,"Life Sciences",4,"Female",50,1,2,"Sales Representative",4,"Divorced",1514,18079,7,"No",18,3,1,0,6,2,4,10,2,0,6
"1642",32,"No","Travel Frequently",217,"R&D",2,1,"Life Sciences",4,"Female",85,3,2,"Research Scientist",4,"Single",9094,10261,1,"No",12,4,3,1,13,2,2,5,9,1,10
"1643",28,"No","Non Travel",928,"R&D",14,4,"Life Sciences",3,"Female",44,3,3,"Laboratory Technician",2,"Married",8938,3427,3,"Yes",24,3,1,1,20,3,3,3,2,1,2
"1644",34,"No","Travel Frequently",342,"R&D",7,4,"Medical Sciences",2,"Male",78,3,3,"Research Scientist",2,"Married",2373,25150,1,"No",17,3,2,1,10,2,3,13,0,0,6
"1645",32,"No","Travel Rarely",1147,"R&D",2,1,"Medical Sciences",4,"Male",65,3,1,"Sales Representative",4,"Married",9613,26841,2,"No",12,3,2,1,6,2,2,5,3,12,3
"1646",32,"No","Travel Frequently",116,"Sales",1,3,"Life Sciences",3,"Male",52,3,4,"Research Scientist",4,"Single",2293,26427,0,"No",18,4,4,0,25,2,4,2,7,12,2
"1647",29,"No","Travel Frequently",1092,"R&D",2,4,"Life Sciences",4,"Male",39,3,3,"Sales Executive",4,"Married",2977,16143,1,"No",17,3,4,0,10,3,3,7,0,0,2
"1648",36,"Yes","Travel Rarely",971,"R&D",7,1,"Marketing",4,"Male",98,3,1,"Sales Executive",2,"Married",5715,18079,1,"Yes",11,3,1,1,10,1,3,19,8,11,6
"1649",36,"No","Travel Rarely",871,"R&D",19,2,"Life Sciences",1,"Male",78,3,1,"Research Scientist",4,"Married",6142,14363,1,"Yes",22,3,4,2,2,5,2,2,7,1,7
"1650",38,"Yes","Travel Rarely",638,"R&D",29,1,"Life Sciences",4,"Female",74,4,1,"Sales Executive",3,"Married",5770,15919,0,"No",13,3,1,3,22,2,3,1,6,1,0
"1651",35,"Yes","Non Travel",1368,"Sales",16,4,"Medical Sciences",2,"Male",46,2,1,"Sales Representative",4,"Single",5163,6179,0,"No",14,3,3,1,23,3,3,13,2,0,4
"1652",50,"No","Travel Rarely",1271,"R&D",1,3,"Technical",3,"Female",38,2,2,"Sales Executive",3,"Married",5381,21923,1,"No",16,3,2,1,10,2,2,6,1,12,2
"1653",26,"Yes","Travel Rarely",373,"R&D",8,3,"Medical Sciences",2,"Male",98,4,1,"Manufacturing Director",4,"Married",4400,26703,0,"No",14,3,3,2,17,3,2,5,2,1,7
"1654",55,"No","Travel Rarely",930,"R&D",7,4,"Life Sciences",3,"Male",96,3,1,"Sales Representative",3,"Married",18200,4605,3,"No",15,3,3,0,24,3,3,4,2,6,4
"1655",31,"No","Travel Rarely",1001,"Sales",1,4,"Life Sciences",3,"Male",66,2,2,"Healthcare Representative",2,"Married",3230,24152,1,"Yes",14,3,4,0,20,2,3,10,7,4,9
"1656",33,"Yes","Travel Rarely",371,"Sales",7,2,"Life Sciences",2,"Female",95,2,1,"Manager",2,"Divorced",6673,12858,4,"No",16,3,2,1,7,3,3,1,3,9,7
"1657",19,"No","Travel Rarely",692,"R&D",8,1,"HR",4,"Female",96,2,3,"Research Scientist",3,"Single",2837,5615,1,"No",19,4,3,1,30,2,4,1,7,0,6
"1658",29,"No","Travel Frequently",469,"Sales",26,4,"Life Sciences",4,"Male",51,3,2,"Research Scientist",3,"Single",3919,7975,3,"No",19,4,4,1,6,2,4,10,1,3,2
"1659",35,"No","Travel Frequently",1179,"R&D",21,3,"Life Sciences",3,"Male",78,2,1,"Sales Executive",3,"Married",6513,9396,0,"Yes",13,3,1,1,10,3,2,2,7,1,0
"1660",45,"No","Travel Rarely",495,"R&D",18,1,"Other",3,"Female",42,3,1,"Laboratory Technician",3,"Divorced",5380,18235,1,"Yes",23,3,2,1,9,3,1,2,0,1,6
"1661",55,"No","Travel Frequently",688,"Sales",6,2,"Life Sciences",4,"Female",85,3,5,"Sales Representative",3,"Married",9985,11912,0,"No",12,3,2,1,27,5,3,4,9,0,3
"1662",35,"No","Travel Rarely",309,"R&D",1,1,"Medical Sciences",4,"Male",38,3,3,"Laboratory Technician",4,"Divorced",4477,6069,2,"No",12,3,2,0,15,2,3,10,7,0,8
"1663",34,"No","Travel Rarely",342,"R&D",2,2,"Marketing",2,"Female",56,3,2,"Research Director",1,"Single",2109,6393,0,"Yes",12,3,3,0,1,2,2,2,0,1,8
"1664",36,"No","Travel Rarely",937,"Sales",1,4,"Life Sciences",3,"Female",86,2,3,"Sales Executive",1,"Divorced",3833,11179,1,"No",16,3,2,1,3,2,3,9,7,0,17
"1665",42,"No","Non Travel",240,"R&D",29,4,"Medical Sciences",2,"Female",94,3,1,"Sales Executive",4,"Married",19237,5594,3,"No",15,3,2,0,10,3,2,3,10,1,3
"1666",28,"No","Travel Rarely",117,"Sales",1,4,"Medical Sciences",2,"Male",62,3,1,"Manager",1,"Single",10248,8952,1,"Yes",22,3,1,1,1,2,3,10,1,1,1
"1667",23,"No","Travel Rarely",311,"Sales",2,4,"Other",1,"Male",85,3,1,"Laboratory Technician",4,"Divorced",5204,21082,1,"No",12,3,3,0,7,3,3,15,6,1,3
"1668",35,"No","Travel Rarely",647,"R&D",4,3,"Medical Sciences",2,"Female",33,3,2,"Research Scientist",4,"Married",5337,5747,0,"No",24,3,2,0,7,2,2,7,7,1,4
"1669",55,"No","Travel Rarely",574,"Sales",1,3,"Marketing",4,"Female",98,2,3,"Research Scientist",1,"Married",4741,5549,1,"No",24,3,1,0,36,3,3,5,4,0,0
"1670",25,"No","Travel Rarely",1362,"R&D",19,1,"Life Sciences",1,"Male",42,3,2,"Sales Executive",2,"Married",8633,19562,7,"No",12,3,3,0,10,1,3,3,5,7,7
"1671",38,"No","Travel Rarely",1199,"R&D",3,4,"Life Sciences",1,"Male",92,3,1,"Healthcare Representative",4,"Married",7756,24447,1,"No",11,3,3,1,12,2,3,14,8,11,1
"1672",34,"No","Travel Rarely",511,"R&D",1,2,"Marketing",4,"Male",42,4,2,"Research Scientist",4,"Married",4877,13493,2,"No",13,4,1,2,32,2,2,7,3,0,3
"1673",45,"No","Travel Rarely",868,"R&D",2,4,"Technical",4,"Male",36,3,4,"Research Scientist",3,"Divorced",5257,6881,7,"Yes",25,3,4,0,17,2,2,14,4,0,5
"1674",35,"No","Non Travel",1329,"Sales",23,4,"Medical Sciences",3,"Male",54,3,2,"Sales Executive",3,"Divorced",10231,22656,1,"No",11,4,3,0,5,2,3,8,8,5,8
"1675",26,"No","Travel Rarely",199,"Sales",29,2,"Life Sciences",3,"Male",57,3,5,"Manufacturing Director",4,"Single",2307,21437,6,"Yes",23,3,3,0,23,2,2,8,7,6,8
"1676",32,"No","Travel Rarely",1377,"R&D",3,4,"Life Sciences",2,"Male",84,4,3,"Laboratory Technician",1,"Married",3407,9192,1,"Yes",15,3,4,0,8,4,2,12,3,0,2
"1677",33,"No","Travel Rarely",866,"Sales",2,4,"Other",4,"Male",69,2,5,"Research Director",4,"Married",5070,4821,9,"No",22,3,4,0,7,1,3,2,9,7,7
"1678",43,"No","Travel Frequently",391,"R&D",7,4,"Technical",4,"Female",84,3,2,"Manager",1,"Single",3929,16376,1,"No",12,3,4,0,8,2,3,3,7,5,2
"1679",50,"Yes","Travel Frequently",509,"Sales",9,3,"Life Sciences",2,"Female",41,2,1,"Manager",1,"Single",6804,26062,9,"Yes",13,3,3,0,15,5,4,1,4,0,0
"1680",19,"No","Travel Rarely",1102,"R&D",1,3,"Life Sciences",1,"Female",36,3,3,"HR",1,"Single",6029,23844,6,"No",21,3,3,1,16,3,3,4,11,1,7
"1681",31,"No","Travel Frequently",928,"R&D",7,4,"Medical Sciences",3,"Male",32,3,2,"Research Scientist",4,"Married",5914,14590,1,"Yes",16,4,3,1,3,3,3,10,3,0,2
"1682",41,"No","Travel Rarely",350,"Sales",5,3,"Life Sciences",2,"Male",57,2,3,"Research Scientist",4,"Married",4771,20689,5,"Yes",15,3,4,2,15,2,3,12,8,0,12
"1683",41,"No","Travel Rarely",489,"Sales",4,2,"Life Sciences",2,"Female",36,2,2,"HR",2,"Divorced",2323,24117,0,"Yes",13,3,4,2,10,3,3,3,0,1,2
"1684",35,"No","Travel Rarely",232,"R&D",18,4,"Life Sciences",4,"Male",40,3,5,"Laboratory Technician",3,"Single",2058,24450,1,"Yes",14,4,2,2,9,1,3,9,9,1,0
"1685",28,"No","Travel Rarely",1336,"Sales",1,3,"Life Sciences",3,"Male",86,3,1,"Laboratory Technician",2,"Married",4787,6039,7,"Yes",18,3,3,0,10,3,4,16,8,1,7
"1686",53,"No","Travel Rarely",950,"R&D",10,3,"Life Sciences",1,"Female",33,3,2,"Research Scientist",3,"Single",2933,3335,8,"No",12,4,4,1,6,3,3,3,4,5,4
"1687",30,"No","Travel Frequently",929,"HR",8,4,"Life Sciences",3,"Male",64,2,1,"Sales Executive",4,"Married",4306,8489,8,"Yes",12,4,1,1,5,2,3,6,7,1,7
"1688",35,"No","Travel Rarely",840,"Sales",9,3,"Medical Sciences",3,"Female",98,3,1,"Laboratory Technician",2,"Single",3057,10333,0,"No",12,3,2,1,21,2,2,9,0,0,3
"1689",21,"No","Travel Rarely",1126,"R&D",7,2,"Life Sciences",4,"Female",69,3,1,"Sales Executive",3,"Single",5406,15986,1,"No",15,3,3,0,2,2,3,5,0,0,1
"1690",35,"No","Travel Frequently",147,"R&D",20,3,"Other",3,"Male",98,3,2,"Manufacturing Director",1,"Single",4898,23428,1,"No",22,3,4,0,19,2,3,8,1,1,0
"1691",46,"No","Non Travel",561,"R&D",12,3,"Medical Sciences",4,"Female",73,2,4,"Manager",3,"Married",10482,6319,0,"No",18,3,1,1,7,2,3,1,0,1,0
"1692",29,"Yes","Travel Frequently",1174,"Sales",1,2,"Medical Sciences",1,"Male",54,3,1,"Laboratory Technician",4,"Single",7143,10074,4,"No",19,4,1,1,9,4,2,10,2,1,5
"1693",50,"Yes","Non Travel",796,"R&D",2,4,"Medical Sciences",4,"Male",85,3,1,"Laboratory Technician",4,"Married",1102,17736,3,"No",23,3,3,0,1,3,3,10,10,2,4
"1694",33,"No","Travel Rarely",854,"R&D",2,4,"Medical Sciences",4,"Female",87,3,2,"Research Scientist",3,"Married",8686,5747,6,"No",12,3,4,0,3,3,3,5,2,0,0
"1695",32,"No","Travel Frequently",458,"Sales",7,2,"Medical Sciences",3,"Male",41,3,1,"Manufacturing Director",3,"Married",13503,9687,1,"Yes",20,3,1,2,16,5,2,17,2,1,2
"1696",42,"No","Travel Frequently",1127,"R&D",10,1,"Life Sciences",1,"Female",70,3,2,"Sales Executive",3,"Single",4599,24456,8,"Yes",14,3,3,2,36,6,4,10,2,3,7
"1697",45,"No","Non Travel",756,"R&D",11,4,"Medical Sciences",4,"Male",48,2,2,"Research Scientist",4,"Single",5070,26283,3,"No",13,3,3,1,15,5,1,7,3,7,2
"1698",28,"No","Travel Frequently",1396,"R&D",8,3,"Technical",4,"Male",95,1,1,"Research Scientist",3,"Married",13320,13008,3,"No",12,3,4,0,26,5,3,9,2,0,2
"1699",35,"No","Travel Frequently",1223,"R&D",2,3,"HR",3,"Female",53,2,2,"Research Scientist",2,"Single",10448,4658,0,"No",14,3,4,3,13,2,3,9,2,1,0
"1700",35,"No","Travel Rarely",294,"Sales",1,3,"Medical Sciences",3,"Female",54,3,3,"Research Scientist",1,"Married",9888,5518,1,"No",15,3,4,0,14,3,3,10,2,2,2
"1701",53,"Yes","Travel Rarely",1218,"R&D",26,5,"Medical Sciences",4,"Male",76,3,2,"Research Scientist",4,"Divorced",16792,4910,8,"Yes",17,3,3,0,12,2,1,5,2,4,2
"1702",40,"No","Travel Rarely",657,"Sales",2,3,"Marketing",3,"Female",38,3,1,"Laboratory Technician",3,"Divorced",10096,23914,1,"No",12,3,3,0,21,2,3,3,2,2,3
"1703",26,"No","Travel Rarely",1207,"R&D",9,3,"Life Sciences",4,"Female",32,4,3,"Research Scientist",4,"Married",5033,18079,2,"No",13,3,3,1,19,3,3,6,0,0,1
"1704",22,"No","Travel Rarely",330,"Sales",16,2,"Life Sciences",3,"Female",43,3,1,"Research Scientist",3,"Married",5488,12287,2,"No",17,3,4,1,21,2,3,3,14,7,0
"1705",56,"No","Travel Rarely",213,"R&D",9,4,"Technical",2,"Male",67,3,1,"Manager",3,"Single",6652,11912,2,"No",15,3,4,2,20,2,3,2,9,0,4
"1706",33,"No","Non Travel",523,"Sales",14,4,"Marketing",2,"Male",80,2,5,"Manufacturing Director",1,"Divorced",6261,14864,6,"No",18,3,2,0,15,2,3,9,2,1,8
"1707",49,"No","Travel Rarely",1001,"R&D",4,4,"Medical Sciences",4,"Male",49,3,2,"HR",2,"Married",19141,3156,3,"No",17,3,3,0,9,2,2,1,3,15,3
"1708",51,"No","Travel Rarely",1256,"R&D",16,4,"Medical Sciences",4,"Female",98,3,2,"Sales Representative",1,"Married",4682,26496,1,"No",14,3,1,0,10,2,3,5,14,4,2
"1709",45,"No","Travel Frequently",506,"Sales",1,1,"Life Sciences",4,"Male",52,2,2,"Sales Executive",1,"Single",12490,21457,6,"Yes",14,3,3,0,4,2,2,3,8,1,5
"1710",30,"No","Travel Rarely",470,"Sales",1,3,"Life Sciences",1,"Male",38,2,1,"Laboratory Technician",4,"Married",12936,17519,1,"No",14,3,3,2,1,2,4,5,4,8,3
"1711",40,"No","Travel Frequently",793,"Sales",25,3,"Life Sciences",4,"Male",51,3,3,"Laboratory Technician",2,"Married",10976,24835,3,"No",15,3,2,0,10,2,1,5,2,1,7
"1712",45,"No","Travel Frequently",1398,"Sales",4,1,"Medical Sciences",3,"Female",47,3,2,"Sales Representative",1,"Married",5220,19384,4,"No",14,3,2,2,4,2,1,10,0,1,3
"1713",42,"Yes","Non Travel",482,"Sales",3,3,"Medical Sciences",2,"Female",58,4,2,"Sales Executive",2,"Single",5747,4488,4,"Yes",23,3,3,3,9,2,3,6,4,7,2
"1714",40,"Yes","Travel Rarely",986,"Sales",1,4,"Life Sciences",4,"Female",44,2,3,"Laboratory Technician",3,"Married",2115,21624,2,"No",14,3,3,0,7,3,3,2,0,1,2
"1715",18,"No","Travel Rarely",1141,"Sales",3,3,"Life Sciences",4,"Male",78,2,3,"Laboratory Technician",3,"Single",5253,13402,2,"Yes",12,3,3,0,7,3,3,1,4,0,2
"1716",18,"No","Travel Frequently",1313,"Sales",29,4,"Life Sciences",3,"Male",69,3,2,"Manager",2,"Married",4025,11983,2,"Yes",14,3,1,1,6,4,3,2,7,0,7
"1717",27,"Yes","Travel Rarely",1054,"R&D",2,4,"Medical Sciences",3,"Male",66,2,2,"Healthcare Representative",3,"Divorced",5228,5640,5,"Yes",11,3,3,1,9,1,4,5,0,0,6
"1718",28,"No","Travel Rarely",728,"Sales",1,4,"Life Sciences",3,"Male",50,3,2,"Laboratory Technician",1,"Single",10445,18437,1,"No",13,3,4,1,1,2,3,8,2,0,2
"1719",36,"No","Travel Rarely",959,"Sales",26,4,"Medical Sciences",3,"Female",77,3,2,"Healthcare Representative",1,"Married",4930,10675,1,"No",19,3,2,3,5,2,4,0,2,0,7
"1720",31,"No","Travel Frequently",802,"R&D",7,1,"Marketing",3,"Male",60,4,3,"Manager",1,"Married",3306,7288,2,"No",14,3,4,1,5,3,2,16,9,0,3
"1721",60,"No","Travel Rarely",937,"HR",10,4,"Life Sciences",3,"Female",80,3,2,"Research Scientist",3,"Divorced",2389,19002,1,"No",20,4,2,0,8,2,2,18,3,2,9
"1722",22,"No","Travel Rarely",802,"R&D",21,3,"Medical Sciences",3,"Male",35,3,2,"Manager",4,"Divorced",5093,3335,1,"No",21,4,4,1,6,6,2,0,7,3,2
"1723",37,"No","Travel Rarely",796,"R&D",26,3,"Medical Sciences",3,"Female",66,3,4,"Research Scientist",4,"Divorced",4717,9541,2,"No",14,3,4,0,31,2,3,1,7,11,3
"1724",34,"No","Travel Rarely",783,"Sales",4,4,"Technical",4,"Male",82,2,1,"Sales Executive",1,"Divorced",2561,13430,3,"No",17,3,3,1,14,5,3,3,7,0,10
"1725",35,"No","Travel Frequently",381,"R&D",5,4,"Medical Sciences",3,"Female",67,2,2,"Sales Executive",3,"Divorced",8268,20260,1,"Yes",22,3,1,1,1,2,3,14,0,0,4
"1726",34,"No","Travel Rarely",933,"Sales",6,3,"Medical Sciences",2,"Female",52,3,2,"Sales Executive",4,"Married",2074,25725,9,"Yes",13,3,4,0,33,2,2,1,2,1,2
"1727",28,"No","Travel Rarely",688,"R&D",1,2,"Medical Sciences",3,"Male",57,2,1,"Sales Executive",4,"Divorced",19392,23343,0,"No",13,3,1,0,4,3,3,0,0,0,0
"1728",34,"Yes","Non Travel",430,"R&D",3,4,"Life Sciences",3,"Female",98,4,3,"Manufacturing Director",3,"Married",5154,15815,1,"No",23,3,4,0,9,3,3,8,0,0,2
"1729",38,"No","Non Travel",802,"R&D",20,4,"Life Sciences",3,"Female",53,2,3,"Laboratory Technician",4,"Single",4385,7858,3,"Yes",21,3,4,0,9,6,3,21,7,0,1
"1730",29,"No","Travel Rarely",593,"R&D",2,3,"Marketing",2,"Female",61,2,1,"Sales Representative",4,"Single",11631,3129,3,"Yes",13,3,2,0,21,3,1,2,0,0,2
"1731",31,"No","Travel Rarely",1469,"R&D",19,3,"Life Sciences",4,"Female",63,4,2,"Sales Representative",3,"Married",4907,5982,4,"Yes",12,3,3,0,10,2,2,15,15,5,7
"1732",34,"No","Travel Rarely",986,"R&D",6,1,"Medical Sciences",2,"Female",48,3,1,"Manager",4,"Single",4381,22074,1,"Yes",11,3,4,1,3,3,3,10,0,14,11
"1733",26,"No","Travel Frequently",428,"R&D",24,3,"Technical",2,"Female",35,2,2,"Manager",1,"Single",4663,19737,9,"No",14,4,2,3,3,5,3,6,11,0,0
"1734",39,"Yes","Travel Rarely",969,"Sales",14,2,"Life Sciences",3,"Male",100,3,1,"HR",3,"Married",17328,12947,1,"No",14,3,3,0,7,2,3,5,9,0,3
"1735",54,"No","Travel Rarely",616,"Sales",2,4,"Life Sciences",2,"Male",42,4,1,"Sales Executive",4,"Married",11836,13493,0,"No",15,3,3,1,9,2,4,23,8,2,8
"1736",56,"No","Travel Rarely",1449,"R&D",9,2,"Life Sciences",3,"Male",80,3,4,"Research Scientist",1,"Divorced",6833,18697,3,"No",11,3,2,2,6,2,2,5,7,0,0
"1737",39,"No","Travel Frequently",799,"Sales",8,5,"Medical Sciences",4,"Male",100,3,2,"Laboratory Technician",2,"Divorced",2619,10675,0,"Yes",19,3,1,1,10,3,2,5,3,11,3
"1738",27,"No","Travel Frequently",750,"R&D",9,1,"Marketing",2,"Male",73,3,2,"Research Scientist",4,"Divorced",4422,13422,1,"Yes",23,3,1,3,5,5,3,2,3,3,0
"1739",39,"No","Travel Rarely",802,"R&D",8,2,"Medical Sciences",4,"Female",91,3,2,"Research Scientist",3,"Divorced",12936,19124,4,"No",12,3,3,3,23,2,3,13,2,1,7
"1740",35,"No","Travel Rarely",1168,"Sales",2,2,"Life Sciences",2,"Male",44,3,4,"Healthcare Representative",2,"Divorced",7861,18115,3,"Yes",14,3,4,1,25,3,3,2,10,2,2
"1741",37,"No","Travel Frequently",1498,"R&D",5,4,"Life Sciences",3,"Male",72,3,2,"Laboratory Technician",3,"Single",4684,20284,2,"Yes",13,3,1,1,6,2,3,3,7,0,8
"1742",30,"Yes","Travel Rarely",488,"Sales",6,4,"Life Sciences",3,"Female",59,3,2,"Research Scientist",4,"Single",5743,12832,2,"No",13,4,4,3,6,3,3,5,1,0,2
"1743",53,"No","Travel Rarely",181,"R&D",2,3,"Life Sciences",3,"Female",50,3,1,"Research Scientist",2,"Married",17328,3020,0,"No",22,3,1,1,4,2,3,5,2,1,12
"1744",49,"No","Travel Frequently",426,"R&D",1,3,"Medical Sciences",2,"Female",55,4,2,"Healthcare Representative",3,"Single",2018,4992,1,"No",18,4,4,0,4,1,3,1,4,0,4
"1745",22,"Yes","Non Travel",218,"R&D",2,3,"Medical Sciences",2,"Male",98,2,1,"Laboratory Technician",4,"Divorced",5855,2447,3,"No",13,3,3,0,1,2,3,19,4,0,2
"1746",27,"No","Travel Frequently",1225,"Sales",3,3,"Medical Sciences",1,"Male",85,2,1,"Laboratory Technician",4,"Married",2936,2122,6,"No",11,3,3,1,2,5,2,2,3,2,2
"1747",30,"No","Travel Rarely",370,"R&D",2,4,"Life Sciences",3,"Female",30,3,1,"Healthcare Representative",2,"Single",2741,8989,2,"Yes",12,3,4,0,8,6,3,8,1,7,8
"1748",32,"No","Travel Frequently",148,"R&D",5,4,"Technical",4,"Male",85,3,1,"Sales Executive",1,"Divorced",5208,24406,1,"Yes",15,3,3,1,5,5,3,3,13,1,12
"1749",45,"No","Non Travel",202,"R&D",3,3,"Technical",2,"Male",46,2,2,"Sales Executive",1,"Single",3291,15067,1,"No",14,3,4,3,6,2,3,3,2,0,10
"1750",59,"No","Travel Rarely",289,"R&D",7,1,"Medical Sciences",4,"Male",82,2,3,"Research Scientist",2,"Married",12965,5626,1,"Yes",13,3,3,1,8,2,3,0,3,7,3
"1751",37,"No","Travel Rarely",167,"R&D",9,3,"Marketing",4,"Male",83,3,2,"Research Director",4,"Married",4025,26959,1,"No",22,3,3,1,10,2,3,33,7,2,3
"1752",36,"No","Travel Rarely",638,"HR",2,3,"Life Sciences",4,"Female",83,3,1,"Sales Executive",2,"Divorced",6142,25291,1,"No",11,3,3,1,0,3,1,0,7,0,2
"1753",25,"No","Travel Rarely",852,"Sales",18,2,"Life Sciences",4,"Female",33,1,2,"Research Director",1,"Single",12031,8269,1,"No",14,3,3,0,16,2,3,4,4,1,2
"1754",53,"No","Travel Rarely",465,"Sales",3,1,"Life Sciences",4,"Female",57,3,3,"Sales Executive",3,"Married",2552,5640,1,"Yes",12,3,2,0,32,3,4,5,2,1,8
"1755",55,"No","Travel Rarely",141,"Sales",15,4,"Life Sciences",4,"Male",30,3,1,"Healthcare Representative",4,"Married",10748,20439,0,"No",15,3,4,1,14,2,3,7,3,1,2
"1756",36,"No","Travel Rarely",145,"R&D",1,4,"Marketing",4,"Male",31,4,1,"HR",4,"Married",2610,14075,2,"No",16,3,2,0,17,2,2,10,7,1,4
"1757",49,"No","Travel Rarely",913,"Sales",1,1,"Medical Sciences",2,"Male",69,2,1,"Research Scientist",2,"Divorced",4401,7636,0,"No",25,3,2,0,4,2,3,14,7,0,2
"1758",38,"No","Travel Rarely",464,"R&D",6,4,"Medical Sciences",3,"Male",34,3,1,"Research Scientist",3,"Single",5033,3840,1,"No",11,3,4,1,28,2,2,7,3,0,2
"1759",19,"No","Travel Rarely",1093,"Sales",22,3,"Life Sciences",1,"Female",56,3,1,"Sales Representative",3,"Married",2837,17251,6,"Yes",11,3,2,1,13,2,1,10,2,2,3
"1760",30,"No","Travel Frequently",195,"Sales",19,4,"Technical",1,"Female",58,2,4,"Sales Executive",2,"Married",5151,2975,5,"No",14,3,1,1,5,3,2,5,3,1,7
"1761",24,"No","Non Travel",618,"Sales",12,2,"Technical",2,"Male",72,3,2,"Laboratory Technician",1,"Married",2045,21813,1,"No",14,3,4,1,1,3,3,20,7,11,8
"1762",38,"No","Travel Rarely",277,"Sales",29,4,"Life Sciences",4,"Male",41,3,1,"Sales Representative",1,"Single",6799,24835,0,"No",20,3,3,2,28,4,2,10,2,0,0
"1763",34,"No","Travel Frequently",548,"R&D",1,4,"Other",4,"Female",59,3,2,"Research Scientist",1,"Single",5237,21630,3,"Yes",24,3,4,1,10,2,3,7,2,2,9
"1764",44,"No","Travel Rarely",482,"R&D",5,3,"Technical",4,"Male",72,3,3,"Sales Executive",3,"Married",2107,23231,3,"No",11,3,2,3,8,3,3,3,2,0,7
"1765",32,"No","Travel Rarely",706,"Sales",28,5,"Life Sciences",3,"Female",64,3,2,"Sales Executive",1,"Married",4227,11354,1,"No",12,4,1,2,9,6,3,1,18,9,0
"1766",42,"Yes","Non Travel",1216,"HR",1,4,"Life Sciences",3,"Male",83,2,1,"Research Scientist",1,"Married",2979,19921,1,"No",14,3,4,0,19,2,3,20,6,0,9
"1767",41,"No","Travel Frequently",722,"Sales",24,3,"Medical Sciences",3,"Male",90,3,2,"Sales Executive",4,"Married",2476,5182,2,"Yes",11,3,3,1,8,2,3,4,10,0,6
"1768",30,"No","Travel Rarely",817,"R&D",3,2,"Marketing",4,"Female",46,3,2,"Laboratory Technician",3,"Married",5562,22174,4,"No",17,3,2,1,10,2,3,2,1,0,2
"1769",26,"No","Travel Frequently",621,"Sales",23,4,"Medical Sciences",2,"Male",44,3,1,"Research Scientist",2,"Married",17779,13335,0,"No",14,3,3,0,10,2,1,2,2,10,9
"1770",27,"No","Travel Rarely",1356,"R&D",3,3,"Life Sciences",3,"Female",42,3,5,"Sales Executive",4,"Married",3578,15736,2,"Yes",18,3,2,1,10,3,1,7,1,2,9
"1771",59,"Yes","Travel Rarely",726,"R&D",1,4,"Life Sciences",4,"Female",48,4,1,"Research Scientist",4,"Divorced",6644,9396,4,"No",24,3,4,0,5,3,3,2,2,2,2
"1772",47,"No","Non Travel",371,"Sales",20,2,"Medical Sciences",2,"Male",63,2,3,"Sales Executive",2,"Divorced",5294,25995,1,"No",11,3,1,0,2,2,2,9,0,0,3
"1773",30,"No","Travel Rarely",305,"R&D",29,4,"Life Sciences",1,"Male",46,2,3,"Healthcare Representative",3,"Single",4403,11983,0,"No",20,4,4,0,7,2,3,1,0,0,8
"1774",27,"Yes","Travel Rarely",528,"R&D",20,1,"Marketing",1,"Male",97,4,4,"Research Scientist",3,"Single",7725,5355,1,"No",23,4,2,0,7,3,3,10,2,0,4
"1775",56,"No","Travel Rarely",905,"Sales",10,4,"Other",4,"Male",44,4,2,"Research Director",4,"Divorced",4477,14115,5,"No",22,3,3,1,11,2,3,9,2,1,2
"1776",49,"No","Travel Rarely",116,"R&D",8,3,"Medical Sciences",3,"Female",67,3,2,"Sales Executive",2,"Divorced",3420,20898,1,"No",11,3,3,0,10,3,3,2,7,0,3
"1777",20,"No","Travel Rarely",1405,"R&D",10,1,"Marketing",3,"Male",65,3,3,"Research Scientist",2,"Single",4103,23737,5,"No",15,3,1,1,3,5,2,8,2,2,8
"1778",55,"No","Travel Rarely",261,"R&D",8,3,"HR",4,"Female",84,2,2,"Manufacturing Director",1,"Divorced",2367,5586,7,"No",18,3,2,0,18,4,2,1,1,4,3
"1779",31,"Yes","Travel Rarely",1396,"R&D",6,3,"Marketing",4,"Male",92,3,3,"Healthcare Representative",4,"Married",2404,23679,1,"No",21,3,3,0,16,0,4,11,2,7,2
"1780",27,"No","Travel Rarely",234,"R&D",10,3,"Technical",2,"Male",51,3,5,"Sales Executive",4,"Divorced",5765,24907,3,"Yes",13,3,1,1,4,2,2,11,3,0,0
"1781",33,"No","Non Travel",654,"R&D",10,2,"Life Sciences",4,"Female",88,3,2,"Research Scientist",4,"Married",9069,11934,7,"No",12,3,4,1,12,1,3,6,9,2,2
"1782",39,"Yes","Non Travel",330,"R&D",2,3,"HR",3,"Female",73,3,2,"Sales Executive",1,"Married",4724,15970,3,"No",13,3,4,1,5,2,2,3,2,0,2
"1783",40,"No","Non Travel",868,"R&D",8,2,"Medical Sciences",4,"Female",35,2,1,"Manufacturing Director",1,"Divorced",9907,22957,4,"No",11,3,4,1,19,3,3,16,0,2,2
"1784",35,"No","Travel Frequently",121,"R&D",1,4,"Life Sciences",4,"Female",82,2,2,"Sales Executive",2,"Single",3447,26236,0,"No",14,3,3,0,9,0,2,4,10,0,2
"1785",31,"No","Travel Rarely",979,"R&D",3,2,"Medical Sciences",1,"Male",31,3,2,"Research Director",3,"Married",6673,2706,2,"No",17,3,3,1,8,3,4,2,8,2,9
"1786",28,"No","Non Travel",1225,"R&D",3,3,"Life Sciences",3,"Female",83,4,1,"Sales Executive",4,"Married",5993,14561,4,"Yes",11,3,3,0,5,2,3,6,8,12,11
"1787",29,"No","Travel Rarely",261,"HR",2,3,"Medical Sciences",3,"Male",81,2,2,"HR",4,"Divorced",7978,26933,1,"Yes",19,3,3,1,10,2,2,13,8,0,4
"1788",59,"Yes","Non Travel",1259,"Sales",1,1,"Medical Sciences",3,"Female",51,1,2,"Manager",4,"Divorced",6180,2690,9,"No",13,3,3,0,9,2,3,5,3,6,8
"1789",35,"No","Travel Rarely",1496,"R&D",11,3,"Life Sciences",4,"Male",35,4,1,"Sales Executive",2,"Divorced",3955,11563,2,"No",12,3,3,1,15,2,3,11,3,1,2
"1790",36,"No","Travel Rarely",1395,"Sales",2,1,"Medical Sciences",4,"Male",96,2,1,"Sales Executive",4,"Divorced",13503,15896,9,"No",18,3,4,1,32,3,1,9,2,0,4
"1791",33,"No","Non Travel",430,"R&D",6,2,"Life Sciences",3,"Male",60,3,2,"Manufacturing Director",2,"Single",6931,26507,8,"No",13,3,3,1,10,3,3,4,11,15,1
"1792",36,"No","Travel Rarely",546,"R&D",26,3,"Medical Sciences",3,"Male",42,2,2,"Laboratory Technician",2,"Married",3221,2845,1,"Yes",11,3,3,2,16,3,4,5,8,0,0
"1793",33,"No","Travel Rarely",1457,"R&D",7,3,"Life Sciences",3,"Male",39,2,2,"Sales Executive",4,"Single",5661,3445,3,"No",11,4,4,0,19,3,4,1,7,0,0
"1794",27,"No","Travel Rarely",770,"R&D",11,3,"Marketing",4,"Male",93,3,1,"Research Scientist",3,"Married",3904,16031,0,"No",15,3,1,1,1,3,3,19,13,2,7
"1795",29,"No","Travel Rarely",1206,"Sales",17,4,"Medical Sciences",4,"Female",81,3,4,"Manager",3,"Married",2096,14034,2,"No",13,3,1,1,13,0,2,3,7,7,2
"1796",40,"No","Travel Rarely",801,"Sales",6,2,"Marketing",4,"Female",40,1,2,"Manager",3,"Single",2307,26707,1,"No",12,3,1,1,8,1,4,8,7,1,2
"1797",31,"No","Travel Rarely",1479,"Sales",1,3,"Life Sciences",2,"Female",72,3,2,"Healthcare Representative",3,"Married",2216,20232,1,"No",12,3,3,0,0,4,3,8,13,0,2
"1798",37,"No","Travel Rarely",930,"R&D",8,4,"Life Sciences",1,"Male",67,2,2,"HR",4,"Single",13116,15881,0,"No",12,3,4,1,13,5,2,22,7,3,2
"1799",27,"No","Travel Rarely",1306,"R&D",7,2,"Life Sciences",1,"Female",46,2,2,"Laboratory Technician",4,"Married",6062,13624,1,"No",13,3,4,1,20,2,4,5,11,0,16
"1800",49,"No","Travel Rarely",1394,"R&D",23,2,"Life Sciences",4,"Female",39,2,4,"Manufacturing Director",4,"Divorced",6294,15747,0,"No",15,4,2,0,15,3,3,2,8,2,8
"1801",31,"No","Travel Frequently",992,"Sales",22,4,"Life Sciences",2,"Male",88,3,3,"Research Scientist",4,"Married",4614,16392,2,"No",13,3,2,1,17,4,3,1,7,0,2
"1802",37,"No","Travel Rarely",1283,"R&D",8,3,"Marketing",4,"Female",62,2,2,"Sales Representative",2,"Divorced",15972,23384,9,"No",17,4,2,1,9,2,3,10,2,2,8
"1803",29,"No","Travel Rarely",1323,"R&D",8,3,"Technical",3,"Female",52,3,1,"Manager",1,"Married",1675,10748,1,"No",19,3,4,1,10,2,3,3,7,11,2
"1804",46,"No","Travel Rarely",1038,"R&D",18,4,"Medical Sciences",3,"Female",91,4,2,"Healthcare Representative",4,"Single",3348,17689,1,"Yes",13,3,4,2,10,3,3,1,5,0,2
"1805",41,"No","Travel Rarely",1182,"R&D",5,3,"Life Sciences",3,"Male",33,4,3,"Research Scientist",4,"Married",17603,7790,1,"No",11,3,4,0,22,3,3,7,7,0,4
"1806",20,"No","Travel Frequently",124,"R&D",19,1,"Life Sciences",1,"Male",64,4,1,"Research Scientist",1,"Married",2991,19730,1,"No",18,4,1,2,20,3,3,3,2,7,0
"1807",29,"No","Travel Frequently",676,"Sales",2,3,"Marketing",3,"Female",96,3,1,"Laboratory Technician",3,"Married",3761,8841,3,"No",13,3,1,2,18,3,4,2,0,1,8
"1808",34,"Yes","Travel Rarely",885,"R&D",1,4,"Other",1,"Male",94,2,2,"Research Scientist",4,"Married",4037,14810,1,"Yes",14,3,2,1,21,4,4,7,1,4,0
"1809",45,"No","Travel Rarely",337,"R&D",3,4,"Other",3,"Male",65,2,1,"Research Scientist",4,"Married",3500,6217,1,"No",20,3,3,1,6,3,3,1,5,1,7
"1810",50,"No","Travel Rarely",419,"R&D",4,4,"Life Sciences",2,"Male",87,1,1,"Laboratory Technician",2,"Married",4157,11879,1,"No",21,3,4,0,8,2,3,4,3,0,4
"1811",35,"No","Travel Rarely",404,"R&D",1,3,"Marketing",1,"Male",52,3,2,"Laboratory Technician",2,"Married",3407,6927,8,"No",12,3,1,1,5,3,3,4,2,1,0
"1812",27,"Yes","Non Travel",1179,"R&D",16,3,"Other",2,"Female",79,3,2,"Research Director",3,"Married",3068,13339,1,"No",20,3,3,0,1,2,2,9,5,0,4
"1813",45,"No","Travel Rarely",379,"R&D",8,3,"Life Sciences",3,"Male",56,2,2,"Manufacturing Director",3,"Single",5470,23848,1,"Yes",17,3,1,0,3,2,3,36,1,1,2
"1814",44,"No","Travel Rarely",1459,"R&D",10,2,"Marketing",4,"Female",35,3,1,"Manager",1,"Married",4601,22967,1,"No",19,3,3,0,6,1,3,4,4,8,3
"1815",34,"No","Travel Rarely",990,"R&D",15,4,"Marketing",2,"Male",75,3,2,"Laboratory Technician",4,"Married",2559,2447,1,"No",12,3,2,1,21,2,3,19,10,0,0
"1816",39,"No","Travel Rarely",241,"R&D",1,3,"Life Sciences",2,"Female",42,3,2,"Healthcare Representative",1,"Married",3102,15999,3,"No",13,4,4,2,11,3,4,10,7,12,10
"1817",41,"Yes","Travel Rarely",882,"Sales",2,3,"Medical Sciences",4,"Female",39,3,1,"Laboratory Technician",4,"Married",13212,11912,3,"No",19,3,2,0,8,1,2,4,0,1,4
"1818",31,"No","Travel Frequently",1327,"R&D",2,2,"Medical Sciences",3,"Female",99,3,2,"Sales Executive",3,"Single",3755,19588,1,"No",18,3,1,1,4,3,3,5,7,0,7
"1819",43,"No","Travel Rarely",1125,"Sales",2,3,"Life Sciences",4,"Male",83,3,2,"Research Director",2,"Divorced",3955,16479,3,"No",17,3,3,0,8,2,3,3,3,0,0
"1820",19,"No","Travel Rarely",1490,"R&D",1,4,"Marketing",4,"Male",40,2,1,"Laboratory Technician",3,"Single",19246,7428,2,"No",16,4,3,1,4,2,4,2,8,0,3
"1821",21,"No","Travel Rarely",1464,"R&D",16,2,"Life Sciences",3,"Female",88,3,1,"Sales Executive",3,"Married",2277,14947,3,"No",14,3,2,1,18,3,2,1,0,0,9
"1822",31,"No","Travel Frequently",1344,"R&D",8,1,"Technical",4,"Female",71,3,2,"Healthcare Representative",2,"Divorced",3760,16998,1,"No",19,4,2,0,10,3,2,11,7,2,7
"1823",34,"No","Travel Rarely",464,"R&D",2,4,"Marketing",3,"Male",75,2,4,"Research Scientist",1,"Divorced",19665,8392,2,"No",20,4,3,1,8,5,3,11,7,9,10
"1824",28,"No","Travel Frequently",1015,"R&D",2,2,"Life Sciences",4,"Male",65,3,1,"Manufacturing Director",4,"Married",2376,11275,9,"No",14,3,4,0,5,3,4,4,1,0,4
"1825",36,"No","Travel Rarely",558,"R&D",3,3,"Technical",1,"Female",78,3,2,"Laboratory Technician",1,"Single",7596,10092,0,"No",12,3,3,2,25,2,3,20,0,1,4
"1826",50,"Yes","Travel Frequently",1383,"R&D",2,4,"Life Sciences",2,"Female",49,4,2,"Research Director",2,"Divorced",4187,24017,9,"Yes",13,3,4,1,22,2,4,2,2,0,8
"1827",35,"No","Travel Rarely",192,"R&D",13,5,"Other",4,"Male",43,1,1,"Manufacturing Director",4,"Married",2107,7693,0,"Yes",14,3,3,0,18,3,3,18,8,0,4
"1828",34,"No","Travel Frequently",1089,"HR",8,2,"Medical Sciences",3,"Male",84,3,2,"Research Director",3,"Married",2451,23844,1,"No",18,3,4,0,22,5,3,8,7,3,2
"1829",31,"No","Travel Rarely",1132,"R&D",9,3,"Other",4,"Female",40,2,2,"Manufacturing Director",3,"Divorced",4089,25800,4,"Yes",14,3,1,0,1,2,2,3,9,0,8
"1830",45,"No","Travel Rarely",1371,"R&D",3,2,"Life Sciences",4,"Male",87,3,1,"Laboratory Technician",3,"Single",6877,24785,0,"Yes",14,4,2,2,9,3,3,5,0,0,3
"1831",30,"No","Travel Frequently",1474,"R&D",1,3,"Marketing",4,"Female",41,3,2,"Research Scientist",4,"Single",6162,20420,0,"No",20,3,3,2,1,4,3,3,0,5,8
"1832",35,"No","Travel Rarely",1276,"Sales",21,3,"Life Sciences",3,"Female",45,3,2,"Manager",1,"Married",3162,17102,6,"Yes",18,3,1,0,10,6,3,5,3,2,8
"1833",51,"No","Travel Frequently",913,"Sales",2,1,"Other",4,"Female",88,3,2,"Manager",4,"Single",8008,13248,8,"No",11,3,2,0,16,1,3,22,2,7,4
"1834",37,"No","Travel Rarely",775,"R&D",1,3,"Life Sciences",4,"Male",52,3,1,"Sales Representative",4,"Married",3904,21530,0,"No",19,3,2,1,8,2,2,3,2,0,0
"1835",39,"No","Travel Rarely",975,"Sales",2,4,"Life Sciences",3,"Female",41,1,1,"Laboratory Technician",2,"Married",16291,18779,1,"Yes",12,3,4,1,8,2,4,8,7,7,2
"1836",25,"No","Travel Frequently",1395,"R&D",7,2,"Other",4,"Male",93,2,2,"Research Scientist",3,"Single",2886,6153,6,"No",17,3,2,0,6,6,3,1,0,0,3
"1837",40,"No","Travel Rarely",935,"R&D",23,3,"Medical Sciences",2,"Female",37,3,2,"Laboratory Technician",2,"Married",2207,4910,0,"No",14,3,1,0,10,3,4,0,7,1,0
"1838",55,"No","Travel Frequently",1344,"R&D",2,1,"Marketing",2,"Male",96,3,2,"Research Director",3,"Divorced",3038,18787,1,"No",13,3,2,1,8,0,4,6,2,7,3
"1839",32,"No","Travel Rarely",1176,"Sales",7,4,"Medical Sciences",4,"Female",47,2,1,"Sales Executive",1,"Single",10400,18899,0,"No",16,3,4,0,10,1,3,10,2,2,5
"1840",26,"No","Travel Rarely",1002,"R&D",4,3,"Marketing",2,"Female",94,3,1,"Laboratory Technician",2,"Single",6230,26862,9,"Yes",20,3,3,1,4,3,2,5,2,2,3
"1841",19,"No","Travel Rarely",376,"R&D",15,3,"Medical Sciences",4,"Male",100,2,1,"Sales Executive",4,"Married",2328,19609,9,"Yes",22,4,4,1,17,6,3,7,2,11,0
"1842",37,"No","Non Travel",1431,"Sales",15,3,"Medical Sciences",4,"Female",70,3,1,"Laboratory Technician",4,"Married",9724,8192,1,"No",12,3,3,1,17,2,3,5,0,0,2
"1843",30,"No","Non Travel",1329,"R&D",6,2,"Life Sciences",4,"Male",86,3,1,"Research Scientist",2,"Married",18789,6233,4,"Yes",14,3,2,2,11,2,3,11,3,3,7
"1844",33,"No","Travel Rarely",1332,"Sales",6,3,"Life Sciences",3,"Male",55,4,2,"Research Scientist",3,"Single",4189,24017,4,"No",14,3,3,2,6,2,3,5,0,7,0
"1845",29,"No","Travel Rarely",193,"R&D",2,4,"Life Sciences",3,"Female",73,2,3,"Sales Representative",4,"Married",5405,12250,4,"Yes",16,3,4,0,12,1,3,4,0,1,2
"1846",30,"No","Travel Rarely",621,"Sales",10,4,"Life Sciences",1,"Female",79,3,3,"Laboratory Technician",3,"Divorced",3161,17997,5,"No",13,3,2,3,10,2,3,8,2,1,7
"1847",38,"No","Travel Frequently",1324,"R&D",2,3,"Life Sciences",2,"Male",68,2,2,"Research Scientist",3,"Married",2362,11693,1,"No",12,3,2,0,3,4,3,3,4,8,3
"1848",21,"No","Travel Frequently",168,"Sales",18,3,"Life Sciences",4,"Male",40,3,2,"Laboratory Technician",3,"Married",1118,8504,1,"No",11,4,2,0,1,3,3,8,2,5,9
"1849",32,"No","Travel Rarely",1040,"R&D",24,4,"Medical Sciences",1,"Male",95,3,4,"HR",2,"Married",13341,17802,1,"No",12,4,3,0,9,2,1,19,8,9,2
"1850",46,"No","Travel Rarely",1246,"R&D",3,4,"Life Sciences",2,"Male",41,2,2,"Sales Executive",1,"Single",19847,21829,4,"No",11,3,2,0,6,4,2,5,1,1,3
"1851",22,"Yes","Travel Frequently",903,"R&D",29,3,"Technical",2,"Female",38,3,3,"Manufacturing Director",3,"Divorced",2909,22573,1,"Yes",18,3,3,3,5,3,1,9,9,2,2
"1852",42,"No","Travel Rarely",307,"R&D",11,2,"Life Sciences",1,"Male",42,3,1,"Laboratory Technician",2,"Divorced",3600,6881,3,"No",18,3,2,1,7,1,2,1,6,1,4
"1853",45,"No","Travel Frequently",150,"Sales",2,3,"Marketing",2,"Male",74,3,1,"Sales Executive",4,"Married",14026,17616,1,"Yes",12,4,2,0,19,3,3,0,2,4,2
"1854",31,"No","Travel Rarely",444,"R&D",4,3,"Technical",1,"Male",59,4,2,"Manufacturing Director",3,"Married",4478,19783,1,"Yes",12,3,2,2,9,2,4,20,2,0,2
"1855",45,"No","Travel Rarely",1362,"R&D",18,2,"Life Sciences",3,"Male",56,3,2,"Healthcare Representative",4,"Divorced",5673,21816,1,"No",17,3,2,0,1,2,3,4,7,1,0
"1856",25,"No","Travel Frequently",1224,"R&D",1,2,"Medical Sciences",3,"Female",43,2,3,"Sales Representative",1,"Single",2720,11825,1,"Yes",20,3,1,2,10,3,3,8,10,2,2
"1857",33,"No","Travel Rarely",152,"Sales",28,4,"Life Sciences",4,"Female",49,2,1,"Sales Executive",4,"Divorced",5294,6069,1,"No",17,3,4,0,6,5,3,9,7,5,5
"1858",56,"No","Travel Rarely",1169,"Sales",9,3,"Life Sciences",3,"Female",36,3,2,"Manufacturing Director",4,"Divorced",6728,6073,2,"Yes",13,3,4,2,6,2,3,7,2,0,2
"1859",27,"No","Travel Rarely",589,"R&D",2,3,"Life Sciences",4,"Male",49,3,1,"Research Scientist",4,"Single",4614,6865,2,"Yes",17,4,2,1,11,2,2,7,2,1,3
"1860",32,"No","Travel Rarely",1296,"Sales",2,4,"Marketing",4,"Female",86,2,1,"HR",3,"Single",2366,11031,8,"No",12,4,4,0,12,2,3,6,0,1,3
"1861",37,"No","Non Travel",535,"Sales",23,3,"Medical Sciences",1,"Male",58,2,2,"Manager",1,"Married",5160,17381,1,"Yes",15,3,2,3,22,3,4,2,3,6,2
"1862",53,"No","Travel Rarely",408,"R&D",9,4,"Medical Sciences",3,"Female",63,2,4,"Sales Representative",3,"Married",2587,8489,1,"No",13,3,1,0,31,2,3,20,2,2,2
"1863",34,"Yes","Travel Frequently",1082,"Sales",2,4,"Life Sciences",4,"Male",97,3,1,"Sales Executive",3,"Single",8346,10225,2,"Yes",22,3,1,3,17,5,3,3,6,0,3
"1864",28,"Yes","Travel Frequently",1321,"R&D",7,4,"Medical Sciences",3,"Female",81,2,2,"Research Scientist",1,"Divorced",4233,8059,0,"No",21,3,1,3,29,6,3,7,2,0,10
"1865",22,"No","Travel Rarely",697,"Sales",14,3,"Medical Sciences",2,"Male",95,3,2,"Research Scientist",4,"Married",17639,9687,1,"Yes",12,3,4,2,9,3,2,10,2,0,1
"1866",20,"No","Travel Rarely",333,"Sales",9,1,"Life Sciences",1,"Male",96,1,2,"Research Scientist",1,"Single",3468,14039,1,"No",12,3,4,1,6,2,3,20,8,2,0
"1867",31,"No","Travel Rarely",949,"Sales",10,4,"Technical",2,"Male",47,2,2,"Laboratory Technician",3,"Married",9250,23258,1,"No",17,3,4,1,8,6,3,9,2,5,3
"1868",33,"Yes","Travel Rarely",1398,"R&D",3,2,"Other",4,"Male",97,2,3,"Research Scientist",2,"Single",10322,23281,0,"Yes",12,3,1,0,3,3,3,14,2,1,3
"1869",49,"No","Travel Rarely",1001,"R&D",2,2,"Medical Sciences",4,"Male",66,3,4,"Laboratory Technician",4,"Married",18430,20234,3,"No",12,3,4,1,8,2,2,5,2,1,2
"1870",31,"Yes","Travel Rarely",1064,"R&D",17,3,"Life Sciences",4,"Female",46,3,3,"Manufacturing Director",1,"Divorced",1081,3395,0,"Yes",12,3,4,1,6,3,3,6,7,4,4
"1871",20,"No","Travel Rarely",104,"Sales",16,4,"Life Sciences",1,"Male",72,3,3,"Laboratory Technician",3,"Single",7898,17799,4,"Yes",18,3,2,1,26,2,3,10,7,1,2
"1872",32,"No","Non Travel",202,"Sales",7,4,"Marketing",1,"Male",92,2,2,"Research Scientist",3,"Divorced",4615,6865,4,"No",21,3,1,1,8,5,3,5,0,4,7
"1873",40,"No","Travel Rarely",299,"R&D",6,4,"Marketing",1,"Female",69,3,2,"Laboratory Technician",1,"Married",8189,5602,0,"No",14,3,4,0,14,2,3,40,12,0,10
"1874",33,"No","Travel Rarely",798,"R&D",22,2,"Medical Sciences",3,"Male",73,2,1,"Laboratory Technician",4,"Divorced",11244,2288,1,"Yes",13,3,3,0,15,3,3,9,3,1,7
"1875",27,"No","Travel Rarely",397,"Sales",7,5,"Life Sciences",4,"Female",57,3,3,"Research Scientist",1,"Married",2867,7360,1,"No",18,3,1,0,24,4,2,8,0,0,2
"1876",29,"No","Travel Rarely",515,"R&D",2,3,"Life Sciences",4,"Female",47,2,3,"Laboratory Technician",1,"Married",16328,5044,0,"Yes",23,3,4,1,7,2,3,1,2,0,3
"1877",43,"No","Travel Rarely",1229,"R&D",9,3,"Marketing",4,"Male",61,4,5,"Healthcare Representative",2,"Single",2991,14242,7,"Yes",23,3,3,1,9,3,3,3,15,0,7
"1878",29,"No","Travel Rarely",771,"HR",9,1,"Medical Sciences",2,"Male",87,3,2,"Manufacturing Director",4,"Divorced",4680,7660,1,"No",18,3,2,2,18,3,4,2,5,0,0
"1879",35,"No","Travel Rarely",898,"R&D",1,2,"Life Sciences",1,"Female",74,3,1,"Manager",4,"Married",12031,26997,3,"No",12,3,3,1,19,5,3,25,9,2,0
"1880",30,"Yes","Travel Rarely",313,"R&D",7,4,"Medical Sciences",4,"Male",67,3,2,"Sales Executive",4,"Married",2983,8192,0,"No",17,3,4,0,6,2,3,3,8,1,7
"1881",43,"No","Travel Rarely",394,"R&D",2,1,"Technical",3,"Male",59,2,1,"Manufacturing Director",1,"Married",17399,14004,9,"No",18,3,3,2,9,5,3,5,4,1,4
"1882",23,"No","Travel Rarely",1009,"Sales",3,3,"Life Sciences",3,"Male",39,3,1,"Manufacturing Director",3,"Single",1091,18154,0,"Yes",22,3,4,1,13,2,3,5,2,2,7
"1883",31,"No","Travel Rarely",728,"Sales",2,3,"Life Sciences",2,"Male",58,4,1,"Laboratory Technician",1,"Divorced",5257,4585,1,"No",13,3,4,1,8,2,3,8,11,0,5
"1884",40,"No","Travel Rarely",769,"R&D",19,2,"Medical Sciences",4,"Female",50,4,1,"Sales Executive",1,"Married",16307,5718,1,"No",12,3,2,1,1,2,3,1,2,1,2
"1885",27,"No","Travel Rarely",1451,"R&D",17,4,"Medical Sciences",1,"Female",48,2,1,"Healthcare Representative",4,"Single",13245,7679,6,"No",15,4,3,0,11,2,2,6,7,7,0
"1886",28,"No","Non Travel",805,"HR",8,2,"Medical Sciences",4,"Female",65,3,2,"HR",1,"Married",3505,24609,7,"Yes",15,3,2,1,27,3,2,6,2,0,1
"1887",33,"Yes","Travel Rarely",601,"Sales",1,2,"Life Sciences",3,"Male",92,3,1,"Healthcare Representative",4,"Single",5770,20420,3,"Yes",18,3,1,1,7,2,3,2,2,0,7
"1888",47,"No","Travel Rarely",174,"Sales",3,3,"Life Sciences",3,"Male",64,4,2,"Research Scientist",1,"Single",4465,25952,1,"No",17,3,3,1,2,2,3,25,10,1,1
"1889",36,"No","Travel Rarely",326,"Sales",12,3,"Life Sciences",3,"Male",85,2,2,"Research Director",2,"Divorced",4084,25949,3,"No",14,3,3,2,24,0,3,5,0,0,11
"1890",44,"No","Travel Frequently",619,"R&D",14,3,"Life Sciences",3,"Male",61,3,2,"Laboratory Technician",2,"Married",4968,16542,0,"No",13,3,2,0,10,3,3,8,4,1,2
"1891",31,"No","Travel Rarely",727,"Sales",9,3,"Technical",1,"Female",79,3,2,"Research Director",3,"Married",18606,26186,2,"No",18,4,2,1,5,2,4,2,4,0,2
"1892",51,"No","Travel Rarely",1055,"Sales",2,3,"Medical Sciences",1,"Male",77,3,1,"Research Scientist",1,"Single",5485,5041,3,"Yes",22,3,1,1,9,2,3,1,4,1,2
"1893",22,"No","Travel Rarely",771,"R&D",10,2,"Life Sciences",1,"Male",100,3,4,"Laboratory Technician",2,"Married",4227,21708,8,"Yes",14,4,4,1,8,3,3,10,14,0,1
"1894",36,"No","Travel Rarely",920,"HR",13,4,"Medical Sciences",4,"Female",57,3,2,"Healthcare Representative",3,"Divorced",4490,12368,0,"No",12,3,3,1,21,6,2,6,14,0,8
"1895",46,"No","Travel Rarely",543,"R&D",4,3,"Other",1,"Male",54,3,2,"Healthcare Representative",2,"Married",4381,22952,4,"No",24,3,4,1,6,2,3,11,2,5,13
"1896",54,"No","Travel Rarely",601,"R&D",9,3,"Marketing",4,"Female",65,3,1,"Research Scientist",3,"Single",4963,22262,6,"No",12,3,4,1,6,2,2,1,3,0,3
"1897",52,"Yes","Travel Frequently",266,"R&D",2,3,"Life Sciences",2,"Female",84,4,4,"Laboratory Technician",4,"Married",16015,6152,5,"No",15,3,3,3,3,4,2,1,2,0,8
"1898",48,"No","Travel Rarely",853,"Sales",6,2,"Medical Sciences",1,"Male",65,2,1,"Research Scientist",3,"Married",5042,22154,2,"No",16,4,3,0,9,3,3,10,0,1,8
"1899",46,"No","Travel Rarely",1355,"Sales",6,4,"Medical Sciences",3,"Female",70,2,4,"Sales Executive",4,"Married",4377,20682,0,"No",19,3,2,0,22,2,3,8,3,0,2
"1900",21,"No","Non Travel",1050,"Sales",1,3,"Medical Sciences",4,"Male",36,3,1,"Laboratory Technician",3,"Married",9602,22908,1,"Yes",17,4,3,2,21,3,3,9,8,0,7
"1901",31,"No","Travel Rarely",496,"R&D",3,2,"Life Sciences",1,"Female",55,4,2,"Sales Executive",4,"Divorced",5405,22789,8,"No",18,3,4,1,7,3,3,4,2,0,5
"1902",42,"No","Non Travel",1343,"R&D",1,4,"Medical Sciences",3,"Female",76,3,4,"Research Scientist",2,"Married",5094,24737,1,"Yes",18,3,2,1,7,2,3,10,4,2,7
"1903",22,"No","Travel Rarely",862,"Sales",1,1,"Medical Sciences",2,"Female",98,3,5,"Manager",3,"Single",4876,16193,2,"No",11,3,3,0,6,3,4,4,12,0,2
"1904",38,"No","Travel Frequently",748,"R&D",29,1,"Medical Sciences",4,"Female",62,3,1,"Laboratory Technician",3,"Married",10422,19711,7,"No",15,3,4,0,2,2,3,10,4,4,7
"1905",42,"No","Travel Frequently",592,"R&D",10,1,"Life Sciences",4,"Male",78,2,1,"Manager",4,"Single",3295,12930,9,"Yes",17,3,3,0,32,3,3,7,6,0,3
"1906",23,"No","Travel Rarely",616,"R&D",2,5,"Life Sciences",1,"Male",75,2,1,"Manufacturing Director",3,"Married",4490,14811,4,"Yes",18,3,3,0,1,3,4,7,5,9,7
"1907",33,"No","Non Travel",234,"Sales",2,3,"Life Sciences",1,"Female",58,2,5,"Manager",3,"Single",19049,13436,0,"No",23,4,4,0,5,1,3,4,0,3,8
"1908",34,"No","Travel Rarely",300,"Sales",7,2,"Marketing",2,"Male",42,2,1,"Healthcare Representative",1,"Married",10932,22049,0,"No",22,3,4,0,3,2,3,3,0,10,7
"1909",34,"No","Travel Rarely",603,"R&D",3,4,"Marketing",1,"Male",75,2,1,"Sales Executive",1,"Single",2293,10293,1,"No",11,3,2,1,16,2,3,17,14,1,7
"1910",24,"Yes","Non Travel",1200,"R&D",14,2,"Marketing",3,"Female",67,3,1,"Sales Executive",3,"Single",2781,23785,1,"No",15,3,2,0,4,1,2,9,3,2,4
"1911",29,"Yes","Travel Rarely",1001,"R&D",7,5,"Marketing",4,"Female",48,3,2,"Healthcare Representative",3,"Married",2258,24032,0,"Yes",20,3,2,1,8,0,1,9,2,4,9
"1912",32,"No","Travel Frequently",506,"Sales",8,3,"Life Sciences",3,"Female",46,3,2,"Laboratory Technician",3,"Single",2132,17736,4,"Yes",23,3,4,0,12,2,3,10,2,4,3
"1913",29,"No","Travel Rarely",268,"R&D",1,3,"Medical Sciences",4,"Male",33,2,1,"Healthcare Representative",1,"Married",11031,10697,1,"No",19,3,4,0,2,4,3,1,2,3,1
"1914",41,"No","Travel Rarely",370,"R&D",16,3,"Marketing",2,"Male",72,3,1,"Manufacturing Director",3,"Married",4084,7713,4,"No",17,3,4,0,1,1,4,24,2,0,2
"1915",49,"No","Travel Rarely",1232,"Sales",3,4,"Medical Sciences",2,"Male",71,3,2,"Healthcare Representative",4,"Single",5208,20156,3,"No",22,3,1,2,6,2,3,9,8,7,2
"1916",35,"No","Travel Rarely",131,"Sales",10,1,"Life Sciences",4,"Male",74,3,1,"Sales Executive",2,"Married",7587,14075,1,"No",22,3,3,2,17,6,1,8,4,1,8
"1917",45,"No","Travel Rarely",738,"R&D",11,4,"Medical Sciences",2,"Male",43,3,4,"Research Scientist",3,"Divorced",12936,11179,3,"No",14,3,1,1,4,2,4,4,4,0,7
"1918",20,"No","Travel Frequently",1079,"Sales",10,4,"Medical Sciences",4,"Male",66,3,3,"Sales Representative",1,"Single",6653,19383,1,"No",14,3,2,0,10,6,2,20,9,6,0
"1919",55,"No","Travel Rarely",509,"R&D",15,2,"Life Sciences",3,"Female",40,3,1,"Laboratory Technician",3,"Married",2045,12982,4,"No",16,3,1,1,35,3,2,11,3,1,2
"1920",34,"No","Travel Frequently",661,"R&D",24,3,"Medical Sciences",4,"Male",87,1,2,"Research Scientist",4,"Divorced",2821,15053,0,"No",13,3,3,1,9,1,2,3,2,6,10
"1921",20,"No","Travel Rarely",303,"R&D",1,4,"Life Sciences",3,"Female",82,2,1,"Sales Representative",3,"Divorced",4014,8952,7,"Yes",24,4,4,1,2,3,3,8,2,9,9
"1922",47,"No","Travel Frequently",583,"Sales",6,3,"Medical Sciences",3,"Male",84,3,1,"Manufacturing Director",4,"Married",6220,6889,3,"No",19,3,2,0,13,2,3,2,13,2,5
"1923",30,"No","Travel Rarely",1354,"R&D",9,3,"Technical",2,"Male",48,2,3,"Sales Executive",3,"Divorced",3041,13008,1,"No",12,3,1,1,10,2,4,3,9,0,3
"1924",30,"No","Travel Rarely",1429,"R&D",11,2,"Medical Sciences",2,"Male",54,3,5,"Laboratory Technician",4,"Single",5209,9060,8,"No",13,4,2,1,4,2,4,18,6,0,4
"1925",29,"No","Travel Rarely",735,"Sales",2,3,"Medical Sciences",2,"Female",50,3,1,"Healthcare Representative",3,"Married",13120,13008,6,"No",14,3,2,0,3,2,3,17,0,0,2
"1926",29,"No","Travel Frequently",1297,"Sales",18,1,"Medical Sciences",4,"Male",42,3,2,"Research Scientist",3,"Married",19513,17251,4,"No",14,4,4,0,24,2,3,19,0,0,0
"1927",24,"No","Travel Rarely",1434,"R&D",5,4,"Marketing",4,"Female",36,3,1,"Research Scientist",2,"Divorced",4649,20161,0,"No",12,3,4,0,20,3,3,10,7,2,0
"1928",35,"No","Travel Rarely",783,"R&D",8,4,"Medical Sciences",3,"Female",99,3,1,"Sales Executive",2,"Single",13826,15669,1,"Yes",22,3,2,0,2,2,3,1,2,7,3
"1929",27,"No","Travel Frequently",170,"R&D",18,2,"Life Sciences",3,"Female",37,1,2,"Sales Executive",2,"Single",2451,25265,0,"No",19,4,4,3,32,4,1,8,4,0,7
"1930",38,"No","Non Travel",970,"R&D",8,3,"Life Sciences",1,"Male",32,3,5,"Research Scientist",2,"Single",8686,5652,9,"No",15,4,4,2,21,3,2,1,2,0,7
"1931",43,"No","Travel Rarely",719,"R&D",10,4,"Medical Sciences",4,"Male",43,3,1,"Laboratory Technician",3,"Single",2519,11652,0,"Yes",21,3,3,0,19,3,2,0,9,0,0
"1932",31,"No","Travel Rarely",335,"R&D",1,3,"Life Sciences",2,"Male",34,1,1,"Sales Representative",3,"Single",17328,7346,1,"No",15,3,2,0,9,3,2,1,4,0,2
"1933",32,"No","Travel Frequently",373,"Sales",7,3,"Marketing",3,"Male",81,3,1,"Laboratory Technician",1,"Single",3319,11439,8,"No",11,4,3,2,12,3,3,0,2,1,3
"1934",49,"No","Travel Rarely",352,"R&D",6,3,"Life Sciences",1,"Female",76,3,5,"HR",2,"Married",2904,24008,0,"No",11,3,1,1,9,2,3,5,2,5,3
"1935",51,"No","Travel Frequently",318,"R&D",2,3,"Medical Sciences",1,"Female",87,4,2,"Manager",1,"Married",8500,19757,0,"No",19,3,4,2,8,3,3,5,13,0,0
"1936",31,"No","Travel Rarely",1381,"R&D",18,4,"Life Sciences",1,"Male",51,2,1,"Manufacturing Director",2,"Married",3065,9724,0,"No",12,3,4,1,13,2,3,21,7,0,10
"1937",30,"No","Non Travel",818,"R&D",7,1,"Medical Sciences",3,"Female",57,1,2,"Research Scientist",4,"Single",4193,7129,1,"No",12,3,4,0,10,2,4,0,2,0,9
"1938",41,"No","Travel Rarely",653,"R&D",2,3,"Life Sciences",2,"Female",80,2,1,"Research Scientist",3,"Married",13225,15471,3,"No",11,3,3,1,8,3,4,4,0,6,9
"1939",50,"No","Non Travel",163,"R&D",10,2,"Life Sciences",3,"Male",74,3,2,"Sales Executive",4,"Single",6500,19225,2,"No",13,3,1,0,21,0,3,8,2,1,2
"1940",43,"No","Travel Rarely",167,"R&D",22,4,"Life Sciences",1,"Female",60,1,2,"Manager",3,"Married",1706,17491,3,"No",17,3,2,1,13,2,2,9,5,0,2
"1941",60,"No","Travel Rarely",335,"Sales",12,4,"Life Sciences",2,"Male",84,3,4,"Sales Executive",1,"Single",10685,21632,6,"No",15,3,4,1,22,2,3,2,9,2,9
"1942",29,"No","Travel Rarely",465,"Sales",9,4,"Other",2,"Female",78,3,1,"Research Scientist",4,"Single",2886,4673,0,"No",15,3,2,0,10,2,2,4,8,1,8
"1943",54,"Yes","Travel Rarely",464,"Sales",2,3,"Life Sciences",3,"Male",95,3,1,"Sales Executive",4,"Divorced",4968,16822,1,"No",12,4,4,1,14,3,3,6,2,1,8
"1944",48,"No","Travel Frequently",1272,"R&D",3,3,"Marketing",1,"Male",98,1,2,"Laboratory Technician",2,"Married",5171,3119,1,"No",11,4,1,0,1,4,3,3,2,4,9
"1945",29,"No","Travel Rarely",118,"R&D",13,3,"HR",3,"Male",86,1,2,"Research Scientist",4,"Single",3491,8423,1,"No",11,3,3,0,7,2,3,12,1,8,7
"1946",36,"No","Travel Rarely",991,"R&D",1,1,"Medical Sciences",4,"Male",30,3,1,"Manager",1,"Divorced",8095,9873,1,"Yes",12,3,3,1,11,3,4,3,10,6,10
"1947",21,"No","Travel Rarely",277,"R&D",2,4,"Medical Sciences",3,"Female",68,3,1,"Research Scientist",1,"Divorced",10673,23016,1,"No",19,4,1,1,7,5,3,5,7,0,2
"1948",32,"No","Travel Rarely",319,"R&D",2,4,"Life Sciences",4,"Male",85,3,4,"Manager",1,"Divorced",2379,19188,1,"No",11,3,2,3,12,4,3,6,2,12,0
"1949",46,"No","Travel Rarely",1116,"R&D",8,4,"HR",2,"Male",82,2,2,"Manager",2,"Married",1904,14075,8,"No",19,3,3,1,29,4,3,4,2,8,1
"1950",33,"No","Travel Rarely",703,"Sales",21,2,"Technical",3,"Female",86,3,1,"Sales Executive",3,"Married",10048,3811,5,"No",15,3,4,1,20,3,3,18,7,12,0
"1951",43,"No","Non Travel",325,"R&D",8,2,"Medical Sciences",4,"Male",61,3,3,"Sales Executive",1,"Married",3212,16019,1,"No",11,3,3,1,2,5,3,1,0,2,7
"1952",32,"Yes","Travel Rarely",458,"R&D",16,3,"Medical Sciences",2,"Female",55,3,2,"Research Scientist",3,"Single",12061,5220,3,"No",11,3,1,1,1,0,3,7,9,0,0
"1953",32,"No","Travel Frequently",544,"R&D",1,3,"Medical Sciences",1,"Male",60,3,1,"Sales Executive",3,"Married",2476,3010,1,"Yes",14,4,4,0,30,2,3,2,1,1,8
"1954",50,"No","Travel Rarely",329,"R&D",10,1,"HR",1,"Female",79,3,2,"Sales Representative",1,"Divorced",17875,16479,1,"No",11,3,3,1,19,3,3,1,4,0,7
"1955",37,"No","Non Travel",571,"Sales",1,2,"Life Sciences",4,"Male",95,3,2,"Research Scientist",4,"Divorced",10761,13637,9,"No",12,3,1,0,5,3,3,2,2,7,2
"1956",42,"No","Non Travel",238,"Sales",10,4,"Life Sciences",4,"Male",85,3,2,"Sales Executive",2,"Divorced",2109,19373,0,"No",11,4,3,0,23,3,3,20,3,9,2
"1957",39,"No","Travel Frequently",760,"R&D",3,1,"Life Sciences",4,"Male",74,2,4,"Research Scientist",4,"Married",2546,12106,3,"No",18,3,1,0,6,2,3,11,7,0,2
"1958",46,"No","Travel Rarely",723,"R&D",1,2,"Life Sciences",2,"Male",93,3,2,"Laboratory Technician",1,"Divorced",4522,21813,2,"No",22,3,4,0,21,3,3,1,2,3,9
"1959",27,"No","Travel Rarely",832,"Sales",9,5,"HR",4,"Male",66,3,3,"Manufacturing Director",3,"Married",4805,21816,1,"Yes",11,3,1,0,4,5,2,11,3,2,2
"1960",44,"Yes","Travel Rarely",538,"Sales",5,3,"Life Sciences",4,"Male",43,3,2,"Laboratory Technician",3,"Married",19613,11740,1,"Yes",24,3,2,0,10,2,2,6,0,2,7
"1961",38,"No","Travel Frequently",437,"R&D",2,1,"Medical Sciences",3,"Female",57,3,4,"Manufacturing Director",3,"Divorced",2956,20161,1,"Yes",14,3,3,1,21,4,4,8,2,2,9
"1962",35,"No","Travel Rarely",1240,"R&D",27,3,"Marketing",2,"Male",65,3,3,"Research Scientist",2,"Single",5993,5771,1,"No",14,4,1,0,16,2,3,8,3,0,8
"1963",35,"No","Travel Rarely",990,"R&D",2,3,"Life Sciences",2,"Male",94,3,2,"Manufacturing Director",1,"Married",6388,20715,1,"No",22,3,4,1,30,4,4,16,0,0,7
"1964",29,"No","Travel Rarely",188,"HR",6,4,"Life Sciences",1,"Female",56,3,2,"Manufacturing Director",1,"Single",10596,16102,1,"No",22,3,1,0,23,2,3,11,3,1,7
"1965",20,"No","Travel Rarely",1319,"R&D",7,4,"Life Sciences",3,"Female",95,2,1,"Manager",4,"Married",4851,9755,1,"No",13,3,3,0,6,2,3,6,2,2,2
"1966",58,"No","Travel Rarely",1092,"Sales",12,1,"Marketing",2,"Male",70,2,3,"Sales Executive",4,"Single",19502,22102,1,"Yes",12,3,2,1,8,3,2,2,11,0,4
"1967",21,"No","Travel Rarely",124,"R&D",6,3,"Life Sciences",2,"Female",94,1,2,"Research Director",3,"Married",10851,10310,1,"No",18,3,1,3,26,3,1,5,9,0,1
"1968",54,"No","Travel Frequently",1117,"R&D",2,2,"Marketing",4,"Male",39,3,1,"Research Director",3,"Married",7988,25605,0,"No",12,3,2,1,4,4,4,5,0,2,1
"1969",58,"No","Travel Frequently",1089,"R&D",5,2,"Life Sciences",4,"Male",30,2,2,"Research Scientist",4,"Married",2290,12421,8,"No",17,3,4,2,5,3,1,8,11,1,3
"1970",47,"No","Travel Rarely",408,"HR",11,4,"Other",1,"Male",48,2,1,"Manager",4,"Divorced",3902,24812,1,"Yes",12,3,1,0,4,3,3,14,15,1,12
"1971",37,"No","Travel Rarely",334,"Sales",1,1,"Life Sciences",3,"Male",46,3,3,"Laboratory Technician",3,"Single",8639,19921,1,"No",21,3,1,1,10,5,3,11,7,6,0
"1972",32,"No","Travel Rarely",1423,"R&D",23,4,"Marketing",4,"Male",46,3,3,"Laboratory Technician",3,"Divorced",9208,11031,2,"Yes",14,4,2,0,28,6,3,14,0,1,2
"1973",34,"No","Travel Rarely",525,"Sales",28,1,"Medical Sciences",3,"Male",97,2,3,"Research Director",3,"Married",2109,19494,1,"Yes",12,3,1,1,13,2,2,2,0,3,8
"1974",33,"No","Travel Frequently",1012,"Sales",10,3,"Life Sciences",4,"Male",98,3,2,"Manager",4,"Divorced",11849,23866,1,"No",11,3,4,1,12,2,3,3,4,0,3
"1975",48,"No","Travel Rarely",1062,"R&D",28,5,"Life Sciences",1,"Male",54,4,3,"Healthcare Representative",3,"Single",19859,8386,3,"No",12,4,2,1,3,1,3,11,0,6,4
"1976",39,"No","Non Travel",930,"R&D",2,1,"Marketing",4,"Female",31,3,2,"Manager",1,"Single",4434,17663,3,"No",13,3,3,3,16,2,2,2,0,3,2
"1977",42,"Yes","Travel Rarely",1246,"R&D",7,3,"Life Sciences",3,"Male",95,3,3,"Laboratory Technician",4,"Single",19537,13137,1,"Yes",14,3,4,1,7,2,3,7,0,7,3
"1978",44,"No","Non Travel",362,"R&D",21,2,"Other",3,"Female",31,4,1,"HR",4,"Divorced",3294,16102,4,"Yes",18,3,1,1,8,4,2,2,4,7,12
"1979",45,"No","Travel Rarely",688,"Sales",2,4,"Medical Sciences",3,"Male",52,2,2,"Research Scientist",4,"Single",3977,5404,0,"No",14,3,2,0,8,3,3,2,8,0,1
"1980",46,"No","Travel Rarely",376,"R&D",8,1,"Life Sciences",3,"Female",95,2,2,"Research Director",1,"Single",2725,5220,3,"No",21,3,4,1,21,3,2,11,8,1,2
"1981",29,"No","Travel Frequently",1116,"Sales",27,3,"Medical Sciences",2,"Male",87,3,5,"Manager",3,"Married",1675,10425,8,"No",19,3,4,1,2,2,2,5,4,1,7
"1982",41,"No","Travel Rarely",1303,"Sales",11,3,"Life Sciences",1,"Female",30,3,2,"Sales Executive",3,"Married",15402,17477,2,"Yes",11,3,3,0,7,4,3,18,5,1,2
"1983",38,"No","Travel Rarely",1167,"Sales",20,3,"Life Sciences",3,"Male",75,3,2,"Laboratory Technician",4,"Divorced",10274,16901,3,"No",12,4,4,1,22,2,3,2,0,1,0
"1984",37,"No","Travel Rarely",240,"R&D",12,4,"Marketing",1,"Female",54,2,2,"Manufacturing Director",3,"Single",7412,18798,4,"Yes",16,3,3,1,18,6,3,9,5,11,7
"1985",37,"No","Non Travel",147,"R&D",3,3,"Medical Sciences",1,"Female",86,2,3,"Laboratory Technician",3,"Single",4648,4567,2,"No",17,3,1,2,12,2,3,2,2,7,9
"1986",34,"Yes","Travel Rarely",1219,"HR",1,3,"Life Sciences",1,"Male",65,2,3,"Laboratory Technician",1,"Married",3505,8787,9,"No",17,4,3,1,40,1,2,13,4,0,4
"1987",40,"No","Travel Rarely",1377,"R&D",25,4,"Other",3,"Female",80,3,1,"Research Scientist",1,"Divorced",5770,10732,3,"Yes",17,3,4,1,11,2,3,6,3,1,0
"1988",41,"No","Travel Rarely",552,"R&D",3,3,"Life Sciences",4,"Male",98,3,1,"Healthcare Representative",4,"Married",1601,17519,4,"No",16,3,2,2,7,3,3,17,3,2,0
"1989",29,"No","Travel Rarely",525,"R&D",2,1,"Technical",3,"Female",34,3,1,"Research Scientist",4,"Married",4465,26894,0,"No",11,3,4,1,15,0,4,5,0,6,0
"1990",39,"No","Travel Rarely",542,"R&D",9,3,"Life Sciences",2,"Female",83,2,1,"Healthcare Representative",1,"Married",10739,22825,2,"No",12,3,3,1,10,0,2,9,5,0,4
"1991",36,"No","Travel Rarely",208,"Sales",8,4,"Marketing",3,"Male",39,3,2,"Sales Executive",4,"Married",10965,5652,1,"No",13,3,3,1,9,3,4,0,3,0,3
"1992",19,"No","Travel Rarely",918,"R&D",17,3,"Life Sciences",3,"Male",82,2,2,"Healthcare Representative",1,"Single",3057,14961,2,"Yes",16,3,1,0,6,6,2,8,2,2,2
"1993",43,"No","Travel Rarely",1111,"R&D",3,4,"Life Sciences",4,"Female",36,3,2,"Manufacturing Director",2,"Married",5003,23757,1,"No",11,3,3,0,10,6,1,7,2,0,6
"1994",38,"No","Travel Rarely",1370,"R&D",2,1,"Medical Sciences",4,"Male",67,3,1,"Research Scientist",1,"Divorced",2972,19002,7,"Yes",21,4,4,0,19,5,3,9,13,0,0
"1995",25,"No","Travel Rarely",805,"R&D",21,4,"Life Sciences",3,"Male",54,2,2,"Manufacturing Director",1,"Divorced",10325,2967,5,"No",11,3,2,0,5,2,4,5,0,2,0
"1996",33,"Yes","Travel Rarely",534,"Sales",10,1,"Technical",1,"Male",87,3,2,"Laboratory Technician",1,"Single",1878,15322,3,"No",11,4,4,1,1,5,2,10,8,2,2
"1997",45,"No","Travel Rarely",939,"R&D",6,3,"Life Sciences",1,"Male",52,3,1,"Sales Executive",3,"Single",2269,9277,1,"No",13,4,3,1,36,3,3,4,1,1,1
"1998",41,"No","Travel Rarely",141,"Sales",28,2,"Medical Sciences",3,"Female",38,2,1,"Research Scientist",3,"Single",2570,7914,6,"Yes",14,3,2,0,9,3,4,3,13,15,3
"1999",50,"No","Travel Rarely",642,"R&D",1,1,"Life Sciences",2,"Male",40,3,2,"Manager",3,"Divorced",2238,11882,9,"No",14,3,3,0,7,4,4,8,3,0,3
"2000",31,"Yes","Travel Rarely",350,"R&D",10,1,"Life Sciences",3,"Male",70,3,4,"Laboratory Technician",2,"Single",19237,19394,0,"No",12,3,3,1,9,2,3,8,2,1,7
